Not searching for unused variables given on the command line.
-- BUILD_PLATFORM: windows
-- BUILD_PLATFORM: windows
-- The C compiler identification is GNU 7.3.0
-- The ASM compiler identification is GNU
-- Found assembler: D:/sdk/fbb_ws63/src/tools/bin/compiler/riscv/cc_riscv32_musl_105/cc_riscv32_musl_win/bin/riscv32-linux-musl-gcc.exe
-- The CXX compiler identification is GNU 7.3.0
-- Detecting C compiler ABI info
-- Detecting C compiler ABI info - done
-- Check for working C compiler: D:/sdk/fbb_ws63/src/tools/bin/compiler/riscv/cc_riscv32_musl_105/cc_riscv32_musl_win/bin/riscv32-linux-musl-gcc.exe - skipped
-- Detecting C compile features
-- Detecting C compile features - done
-- Detecting CXX compiler ABI info
-- Detecting CXX compiler ABI info - failed
-- Detecting CXX compile features
-- Detecting CXX compile features - done
GEN_TARGET_SRC = D:/sdk/fbb_ws63/src/output/ws63/acore/acore.c
PRECOMPILE_TARGET = D:/sdk/fbb_ws63/src/output/ws63/acore/acore.etypes
TARGET_INCLUDE = D:/sdk/fbb_ws63/src/middleware/chips/ws63/nv/nv_config/include;D:/sdk/fbb_ws63/src/middleware/utils/common_headers/native
BGTP_PROJECT=ws63
BGTP_ROM_VERSION=false
BGTP_DEVICE_ONLY=false
BG COMMON BTH_ROM_LIST:__null__
BTH_ROM_LIST:__null__
-- project_name:
-- project_name:
-- Configuring done
-- Generating done
-- Build files have been written to: D:/sdk/fbb_ws63/src/output/ws63/acore/ws63-flashboot
[1/235] Building C object CMakeFiles/hwsec_c.dir/middleware/utils/hwsec_c/src/memcpy_s.c.obj
[2/235] Building C object CMakeFiles/hwsec_c.dir/middleware/utils/hwsec_c/src/memmove_s.c.obj
[3/235] Building C object CMakeFiles/hwsec_c.dir/middleware/utils/hwsec_c/src/memset_s.c.obj
[4/235] Building C object CMakeFiles/hwsec_c.dir/middleware/utils/hwsec_c/src/securecutil.c.obj
[5/235] Building C object CMakeFiles/hwsec_c.dir/middleware/utils/hwsec_c/src/secureprintoutput_a.c.obj
[6/235] Building C object CMakeFiles/hwsec_c.dir/middleware/utils/hwsec_c/src/snprintf_s.c.obj
[7/235] Building C object CMakeFiles/hwsec_c.dir/middleware/utils/hwsec_c/src/sprintf_s.c.obj
[8/235] Building C object CMakeFiles/hwsec_c.dir/middleware/utils/hwsec_c/src/strcat_s.c.obj
[9/235] Building C object CMakeFiles/hwsec_c.dir/middleware/utils/hwsec_c/src/strcpy_s.c.obj
[10/235] Building C object CMakeFiles/hwsec_c.dir/middleware/utils/hwsec_c/src/strncat_s.c.obj
[11/235] Building C object CMakeFiles/hwsec_c.dir/middleware/utils/hwsec_c/src/strncpy_s.c.obj
[12/235] Building C object CMakeFiles/hwsec_c.dir/middleware/utils/hwsec_c/src/vsnprintf_s.c.obj
[13/235] Building C object CMakeFiles/hwsec_c.dir/middleware/utils/hwsec_c/src/vsprintf_s.c.obj
[14/235] Building C object CMakeFiles/hwsec_c.dir/middleware/utils/hwsec_c/src/strtok_s.c.obj
[15/235] Building C object bootloader/commonboot/CMakeFiles/common_boot.dir/src/boot_reset.c.obj
[16/235] Building C object bootloader/commonboot/CMakeFiles/common_boot.dir/src/boot_flash.c.obj
[17/235] Building C object bootloader/commonboot/CMakeFiles/common_boot.dir/src/boot_debug.c.obj
[18/235] Building C object bootloader/commonboot/CMakeFiles/common_boot.dir/src/boot_jump.c.obj
[19/235] Building C object bootloader/commonboot/libc/CMakeFiles/common_boot_libc.dir/src/string/memset.c.obj
[20/235] Building C object bootloader/commonboot/libc/CMakeFiles/common_boot_libc.dir/src/string/memcpy.c.obj
[21/235] Building C object bootloader/commonboot/libc/CMakeFiles/common_boot_libc.dir/src/string/memcmp.c.obj
[22/235] Building C object bootloader/commonboot/libc/CMakeFiles/common_boot_libc.dir/src/string/strcmp.c.obj
[23/235] Building C object bootloader/commonboot/libc/CMakeFiles/common_boot_libc.dir/src/string/strlen.c.obj
[24/235] Building C object bootloader/commonboot/libc/CMakeFiles/common_boot_libc.dir/src/string/memmove.c.obj
[25/235] Building C object bootloader/flashboot_ws63/CMakeFiles/flashboot_common.dir/startup/main.c.obj
[26/235] Building ASM object bootloader/flashboot_ws63/CMakeFiles/flashboot_common.dir/startup/riscv_init.S.obj
[27/235] Building C object bootloader/flashboot_ws63/CMakeFiles/flashboot_common.dir/__/commonboot/src/secure_verify_boot.c.obj
[28/235] Building C object kernel/non_os/non_os/CMakeFiles/non_os.dir/non_os_utils.c.obj
[29/235] Building C object kernel/non_os/non_os/CMakeFiles/non_os.dir/non_os_nmi.c.obj
[30/235] Building C object kernel/non_os/malloc/CMakeFiles/nonos_malloc.dir/malloc.c.obj
[31/235] Building C object kernel/osal/CMakeFiles/osal.dir/src/nonos/osal_atomic.c.obj
[32/235] Building C object kernel/osal/CMakeFiles/osal.dir/src/nonos/osal_debug.c.obj
[33/235] Building C object kernel/osal/CMakeFiles/osal.dir/src/nonos/osal_interrupt.c.obj
[34/235] Building C object kernel/osal/CMakeFiles/osal.dir/src/nonos/osal_mutex.c.obj
[35/235] Building C object kernel/osal/CMakeFiles/osal.dir/src/nonos/osal_semaphore.c.obj
[36/235] Building C object kernel/osal/CMakeFiles/osal.dir/src/nonos/osal_spinlock.c.obj
[37/235] Building C object kernel/osal/CMakeFiles/osal.dir/src/nonos/osal_wait.c.obj
[38/235] Building C object kernel/osal/CMakeFiles/osal.dir/src/nonos/osal_task.c.obj
[39/235] Building C object driver/pinmux/CMakeFiles/pinctrl.dir/pinctrl.c.obj
[40/235] Building C object driver/pmp/CMakeFiles/pmp.dir/pmp.c.obj
[41/235] Building C object driver/security_unified/CMakeFiles/drv_security_unified.dir/romable/hash_romable.c.obj
[42/235] Building C object driver/security_unified/CMakeFiles/drv_security_unified.dir/drv_flashboot_cipher.c.obj
[43/235] Building C object driver/security_unified/CMakeFiles/drv_security_unified.dir/drv_flashboot_symc.c.obj
[44/235] Building C object driver/security_unified/CMakeFiles/drv_security_unified.dir/drv_cipher/drv_code/crypto_drv_common.c.obj
[45/235] Building C object driver/security_unified/CMakeFiles/drv_security_unified.dir/drv_km/drv_keyslot.c.obj
[46/235] Building C object driver/security_unified/CMakeFiles/drv_security_unified.dir/drv_km/drv_klad.c.obj
[47/235] Building C object driver/security_unified/CMakeFiles/drv_security_unified.dir/drv_fapc/drv_fapc.c.obj
[48/235] Building C object driver/security_unified/CMakeFiles/drv_security_unified.dir/init/cfbb/crypto_curve_param.c.obj
[49/235] Building C object driver/security_unified/CMakeFiles/drv_security_unified.dir/drv_cipher/drv_pke_v5/sm2/drv_pke_sm2_verify.c.obj
[50/235] Building C object driver/security_unified/CMakeFiles/drv_security_unified.dir/drv_cipher/drv_pke_v5/drv_pke_ecdsa.c.obj
[51/235] Building C object driver/security_unified/CMakeFiles/drv_security_unified.dir/drv_pke_weak_func.c.obj
[52/235] Building C object driver/security_unified/CMakeFiles/drv_security_unified.dir/drv_cipher/drv_pke_v5/sm2/drv_pke_sm2_dsa_hash.c.obj
[53/235] Building C object driver/security_unified/CMakeFiles/drv_security_unified.dir/rom_drv_api/hal_rom_table.c.obj
[54/235] Building C object driver/security_unified/CMakeFiles/drv_security_unified.dir/rom_drv_api/drv_rom_table.c.obj
[55/235] Building C object driver/security_unified/CMakeFiles/drv_security_unified.dir/drv_rom_cipher.c.obj
[56/235] Building C object driver/systick/CMakeFiles/systick.dir/systick.c.obj
[57/235] Building C object driver/tcxo/CMakeFiles/tcxo.dir/tcxo.c.obj
[58/235] Building C object driver/timer/CMakeFiles/drv_timer.dir/timer.c.obj
[59/235] Building C object driver/uart/CMakeFiles/uart.dir/uart.c.obj
[60/235] Building C object driver/watchdog/CMakeFiles/watchdog.dir/watchdog.c.obj
[61/235] Building C object driver/rtc_unified/CMakeFiles/rtc_unified.dir/rtc.c.obj
[62/235] Building C object driver/efuse/CMakeFiles/efuse.dir/efuse.c.obj
[63/235] Building C object hal/cpu_core/CMakeFiles/hal_cpu_core.dir/hal_cpu_core.c.obj
[64/235] Building C object hal/efuse/CMakeFiles/hal_efuse_v151.dir/hal_efuse.c.obj
[65/235] Building C object hal/efuse/CMakeFiles/hal_efuse_v151.dir/v151/hal_efuse_v151.c.obj
[66/235] Building C object hal/efuse/CMakeFiles/hal_efuse_v151.dir/v151/hal_efuse_v151_reg_op.c.obj
[67/235] Building C object hal/pinmux/CMakeFiles/hal_pinctrl.dir/common/hal_pinctrl.c.obj
[68/235] Building C object hal/pinmux/CMakeFiles/hal_pinctrl.dir/ws63/hal_pinctrl_ws63.c.obj
[69/235] Building C object hal/pmp/CMakeFiles/hal_pmp.dir/hal_pmp.c.obj
[70/235] Building C object hal/pmp/CMakeFiles/hal_pmp.dir/v31/hal_pmp_riscv31.c.obj
[71/235] Building C object hal/pmp/CMakeFiles/hal_pmp.dir/v31/hal_pmp_riscv31_regs_op.c.obj
[72/235] Building C object hal/reboot/CMakeFiles/hal_reboot.dir/hal_reboot.c.obj
[73/235] Building C object hal/reg_config/CMakeFiles/hal_reg_config.dir/hal_reg_config.c.obj
[74/235] Building C object hal/security_unified/CMakeFiles/hal_security_unified.dir/hal_km/hal_rkp.c.obj
[75/235] Building C object hal/security_unified/CMakeFiles/hal_security_unified.dir/hal_km/hal_keyslot.c.obj
[76/235] Building C object hal/security_unified/CMakeFiles/hal_security_unified.dir/hal_km/hal_klad.c.obj
[77/235] Building C object hal/security_unified/CMakeFiles/hal_security_unified.dir/hal_fapc/hal_fapc.c.obj
[78/235] Building C object hal/security_unified/CMakeFiles/hal_security_unified.dir/crypto_osal/cfbb/boot/crypto_osal_lib.c.obj
[79/235] Building C object hal/security_unified/CMakeFiles/hal_security_unified.dir/crypto_osal/cfbb/crypto_security.c.obj
[80/235] Building C object hal/security_unified/CMakeFiles/hal_security_unified.dir/hal_cipher/pke/alg/drv_common_pke.c.obj
[81/235] Building C object hal/security_unified/CMakeFiles/hal_security_unified.dir/hal_cipher/pke/alg/ecc_ec_fp_sign_verify_common.c.obj
[82/235] Building C object hal/security_unified/CMakeFiles/hal_security_unified.dir/hal_cipher/pke/arch/ecc_data_ram_addr.c.obj
[83/235] Building C object hal/security_unified/CMakeFiles/hal_security_unified.dir/hal_cipher/pke/arch/rom_lib.c.obj
[84/235] Building C object hal/security_unified/CMakeFiles/hal_security_unified.dir/hal_cipher/pke/alg/ecc_ec_fp_verify_common.c.obj
[85/235] Building C object hal/security_unified/CMakeFiles/hal_security_unified.dir/hal_cipher/pke/alg/sm2_ec_fp_sign_verify.c.obj
[86/235] Building C object hal/tcxo/CMakeFiles/hal_tcxo.dir/hal_tcxo.c.obj
[87/235] Building C object hal/tcxo/CMakeFiles/hal_tcxo.dir/hal_tcxo_v150.c.obj
[88/235] Building C object hal/tcxo/CMakeFiles/hal_tcxo.dir/hal_tcxo_v150_regs_op.c.obj
[89/235] Building C object hal/timer/CMakeFiles/hal_timer.dir/hal_drv_timer.c.obj
[90/235] Building C object hal/timer/CMakeFiles/hal_timer.dir/v150/hal_timer_v150.c.obj
[91/235] Building C object hal/timer/CMakeFiles/hal_timer.dir/v150/hal_timer_v150_regs_op.c.obj
[92/235] Building C object hal/uart/CMakeFiles/hal_uart.dir/hal_uart.c.obj
[93/235] Building C object hal/uart/CMakeFiles/hal_uart.dir/v151/hal_uart_v151.c.obj
[94/235] Building C object hal/uart/CMakeFiles/hal_uart.dir/v151/hal_uart_v151_regs_op.c.obj
[95/235] Building C object hal/watchdog/CMakeFiles/hal_watchdog.dir/hal_watchdog.c.obj
[96/235] Building C object hal/watchdog/CMakeFiles/hal_watchdog.dir/v151/hal_watchdog_v151.c.obj
[97/235] Building C object hal/sfc/CMakeFiles/hal_sfc.dir/hal_sfc.c.obj
[98/235] Building C object hal/sfc/CMakeFiles/hal_sfc.dir/hal_sfc_v150.c.obj
[99/235] Building C object hal/sfc/CMakeFiles/hal_sfc.dir/hal_sfc_v150_regs_op.c.obj
[100/235] Building C object hal/rtc_unified/CMakeFiles/hal_rtc_unified.dir/hal_rtc.c.obj
[101/235] Building C object hal/rtc_unified/CMakeFiles/hal_rtc_unified.dir/v100/hal_rtc_v100.c.obj
[102/235] Building C object hal/rtc_unified/CMakeFiles/hal_rtc_unified.dir/v100/hal_rtc_v100_op.c.obj
[103/235] Building C object drivers/chips/ws63/CMakeFiles/chip_ws63.dir/arch/riscv/riscv31/interrupt.c.obj
[104/235] Building C object drivers/chips/ws63/CMakeFiles/chip_ws63.dir/arch/riscv/riscv31/interrupt_handler.c.obj
[105/235] Building ASM object drivers/chips/ws63/CMakeFiles/chip_ws63.dir/arch/riscv/riscv31/vectors.s.obj
[106/235] Building C object drivers/chips/ws63/CMakeFiles/chip_ws63.dir/arch/riscv/riscv31/flash_patch.c.obj
[107/235] Building C object drivers/chips/ws63/CMakeFiles/chip_ws63.dir/interrupt/interrupt_adapter.c.obj
[108/235] Building C object drivers/chips/ws63/CMakeFiles/chip_ws63.dir/vectors/vectors.c.obj
[109/235] Building C object drivers/chips/ws63/porting/arch/CMakeFiles/pmp_cfg_ws63.dir/riscv/pmp_cfg.c.obj
[110/235] Building C object drivers/chips/ws63/porting/uart/CMakeFiles/uart_port.dir/uart_porting.c.obj
[111/235] Building C object drivers/chips/ws63/porting/timer/CMakeFiles/timer_port.dir/timer_porting.c.obj
[112/235] Building C object drivers/chips/ws63/porting/systick/CMakeFiles/systick_port.dir/hal_systick.c.obj
[113/235] Building C object drivers/chips/ws63/porting/systick/CMakeFiles/systick_port.dir/hal_systick_ws63.c.obj
[114/235] Building C object drivers/chips/ws63/porting/systick/CMakeFiles/systick_port.dir/systick_porting.c.obj
[115/235] Building C object drivers/chips/ws63/porting/tcxo/CMakeFiles/tcxo_port.dir/tcxo_porting.c.obj
[116/235] Building C object drivers/chips/ws63/porting/watchdog/CMakeFiles/watchdog_port.dir/watchdog_porting.c.obj
[117/235] Building C object drivers/chips/ws63/porting/pinctrl/CMakeFiles/pinctrl_port_ws63.dir/pinctrl_porting_ws63.c.obj
[118/235] Building C object drivers/chips/ws63/porting/pmp/CMakeFiles/pmp_port.dir/pmp_porting.c.obj
[119/235] Building C object drivers/chips/ws63/porting/sfc/flash_config/CMakeFiles/sfc_flash_config_ws63.dir/flash_config_info.c.obj
[120/235] Building C object drivers/chips/ws63/porting/sfc/porting/CMakeFiles/sfc_port_ws63.dir/sfc_porting.c.obj
[121/235] Building C object drivers/chips/ws63/porting/sfc/porting/CMakeFiles/sfc_port_ws63.dir/sfc_protect.c.obj
[122/235] Building C object drivers/chips/ws63/porting/sfc/porting/CMakeFiles/sfc_port_ws63.dir/sfc_protect_gd25q32.c.obj
[123/235] Building C object drivers/chips/ws63/porting/sfc/driver/CMakeFiles/sfc_boot.dir/sfc.c.obj
[124/235] Building C object drivers/chips/ws63/porting/efuse/CMakeFiles/efuse_port.dir/efuse_porting.c.obj
[125/235] Building C object drivers/chips/ws63/porting/rtc_unified/CMakeFiles/rtc_unified_port.dir/rtc_porting.c.obj
[126/235] Building C object drivers/chips/ws63/porting/mem/CMakeFiles/nonos_malloc_port.dir/malloc_porting.c.obj
[127/235] Building C object drivers/chips/ws63/porting/reboot/CMakeFiles/reboot_port.dir/reboot_porting.c.obj
[128/235] Building C object drivers/chips/ws63/porting/soc/CMakeFiles/soc_port.dir/soc_porting.c.obj
[129/235] Building C object drivers/chips/ws63/boot/boot_porting/CMakeFiles/chip_boot_port.dir/delay/delay.c.obj
[130/235] Building C object drivers/chips/ws63/boot/boot_porting/CMakeFiles/chip_boot_port.dir/serial/serial.c.obj
[131/235] Building C object drivers/chips/ws63/boot/boot_porting/CMakeFiles/chip_boot_port.dir/watchdog/boot_watchdog.c.obj
[132/235] Building C object drivers/chips/ws63/boot/boot_porting/CMakeFiles/chip_boot_port.dir/reset/reset_porting.c.obj
[133/235] Building C object drivers/chips/ws63/boot/boot_porting/CMakeFiles/chip_boot_port.dir/validate_chip/validate_chip.c.obj
[134/235] Building ASM object middleware/chips/ws63/exception/CMakeFiles/dfx_exception.dir/exception_riscv.s.obj
[135/235] Building C object middleware/chips/ws63/exception/CMakeFiles/dfx_exception.dir/exception_riscv.c.obj
[136/235] Building C object middleware/chips/ws63/partition/CMakeFiles/partition_ws63.dir/partition_porting.c.obj
[137/235] Building C object middleware/chips/ws63/update/common/CMakeFiles/update_common_ws63.dir/upg_common_porting.c.obj
[138/235] Building C object middleware/chips/ws63/update/local_update/CMakeFiles/update_local_ws63.dir/upg_encry_porting.c.obj
[139/235] Building C object middleware/chips/ws63/update/ab_upg/CMakeFiles/update_ab_ws63.dir/upg_ab.c.obj
[140/235] Building C object middleware/chips/ws63/factory/CMakeFiles/factory_ws63.dir/factory.c.obj
[141/235] Building C object utils/dfx/CMakeFiles/dfx_panic.dir/panic/private/panic.c.obj
[142/235] Building C object utils/dfx/CMakeFiles/dfx_panic.dir/panic/private/panic_rom.c.obj
[143/235] Building C object utils/dfx/CMakeFiles/dfx_preserve.dir/preserve/private/preserve.c.obj
[144/235] Building C object utils/dfx/CMakeFiles/dfx_preserve.dir/preserve/private/crash_data.c.obj
[145/235] Building C object utils/dfx/dfx_reboot/cpu_utils/CMakeFiles/cpu_utils.dir/private/cpu_utils.c.obj
[146/235] Building C object utils/dfx/dfx_reboot/reboot/CMakeFiles/reboot.dir/shared/non_os_reboot.c.obj
[147/235] Building C object utils/error_code/CMakeFiles/error_code.dir/private/error_code.c.obj
[148/235] Building C object utils/partition/CMakeFiles/partition.dir/partition.c.obj
[149/235] Building C object utils/update/common/CMakeFiles/update_common.dir/upg_alloc.c.obj
[150/235] Building C object utils/update/common/CMakeFiles/update_common.dir/upg_common.c.obj
[151/235] Building C object utils/update/common/CMakeFiles/update_common.dir/upg_verify.c.obj
[152/235] Building C object utils/update/storage/CMakeFiles/update_storage.dir/upg_storage.c.obj
[153/235] Building C object utils/update/local_update/CMakeFiles/update_local.dir/upg_encry.c.obj
[154/235] Building C object utils/update/local_update/CMakeFiles/update_local.dir/upg_lzmadec.c.obj
[155/235] Building C object utils/update/local_update/CMakeFiles/update_local.dir/upg_patch.c.obj
[156/235] Building C object utils/update/local_update/CMakeFiles/update_local.dir/upg_process.c.obj
[157/235] Building C object utils/update/local_update/CMakeFiles/update_local.dir/upg_resource.c.obj
[158/235] Building C object utils/update/local_update/CMakeFiles/update_local.dir/upg_upgrade.c.obj
[159/235] Building C object open_source/7-zip-lzma-sdk/CMakeFiles/lzma_22.00.dir/lzma_22.00/C/LzmaDec.c.obj
[160/235] Building C object CMakeFiles/flashboot.dir/temp/__null___.c.obj
[161/235] Linking C static library libhwsec_c.a
[162/235] Linking C static library bootloader\commonboot\libcommon_boot.a
[163/235] Linking C static library bootloader\commonboot\libc\libcommon_boot_libc.a
[164/235] Linking C static library bootloader\flashboot_ws63\libflashboot_common.a
[165/235] Linking C static library kernel\non_os\non_os\libnon_os.a
[166/235] Linking C static library kernel\non_os\malloc\libnonos_malloc.a
[167/235] Linking C static library kernel\osal\libosal.a
[168/235] Linking C static library driver\pinmux\libpinctrl.a
[169/235] Linking C static library driver\pmp\libpmp.a
[170/235] Linking C static library driver\security_unified\libdrv_security_unified.a
[171/235] Linking C static library driver\systick\libsystick.a
[172/235] Linking C static library driver\tcxo\libtcxo.a
[173/235] Linking C static library driver\timer\libdrv_timer.a
[174/235] Linking C static library driver\uart\libuart.a
[175/235] Linking C static library driver\watchdog\libwatchdog.a
[176/235] Linking C static library driver\rtc_unified\librtc_unified.a
[177/235] Linking C static library driver\efuse\libefuse.a
[178/235] Linking C static library hal\cpu_core\libhal_cpu_core.a
[179/235] Linking C static library hal\efuse\libhal_efuse_v151.a
[180/235] Linking C static library hal\pinmux\libhal_pinctrl.a
[181/235] Linking C static library hal\pmp\libhal_pmp.a
[182/235] Linking C static library hal\reboot\libhal_reboot.a
[183/235] Linking C static library hal\reg_config\libhal_reg_config.a
[184/235] Linking C static library hal\security_unified\libhal_security_unified.a
[185/235] Linking C static library hal\tcxo\libhal_tcxo.a
[186/235] Linking C static library hal\timer\libhal_timer.a
[187/235] Linking C static library hal\uart\libhal_uart.a
[188/235] Linking C static library hal\watchdog\libhal_watchdog.a
[189/235] Linking C static library hal\sfc\libhal_sfc.a
[190/235] Linking C static library hal\rtc_unified\libhal_rtc_unified.a
[191/235] Linking C static library drivers\chips\ws63\libchip_ws63.a
[192/235] Linking C static library drivers\chips\ws63\porting\arch\libpmp_cfg_ws63.a
[193/235] Linking C static library drivers\chips\ws63\porting\uart\libuart_port.a
[194/235] Linking C static library drivers\chips\ws63\porting\timer\libtimer_port.a
[195/235] Linking C static library drivers\chips\ws63\porting\systick\libsystick_port.a
[196/235] Linking C static library drivers\chips\ws63\porting\tcxo\libtcxo_port.a
[197/235] Linking C static library drivers\chips\ws63\porting\watchdog\libwatchdog_port.a
[198/235] Linking C static library drivers\chips\ws63\porting\pinctrl\libpinctrl_port_ws63.a
[199/235] Linking C static library drivers\chips\ws63\porting\pmp\libpmp_port.a
[200/235] Linking C static library drivers\chips\ws63\porting\sfc\flash_config\libsfc_flash_config_ws63.a
[201/235] Linking C static library drivers\chips\ws63\porting\sfc\porting\libsfc_port_ws63.a
[202/235] Linking C static library drivers\chips\ws63\porting\sfc\driver\libsfc_boot.a
[203/235] Linking C static library drivers\chips\ws63\porting\efuse\libefuse_port.a
[204/235] Linking C static library drivers\chips\ws63\porting\rtc_unified\librtc_unified_port.a
[205/235] Linking C static library drivers\chips\ws63\porting\mem\libnonos_malloc_port.a
[206/235] Linking C static library drivers\chips\ws63\porting\reboot\libreboot_port.a
[207/235] Linking C static library drivers\chips\ws63\porting\soc\libsoc_port.a
[208/235] Linking C static library drivers\chips\ws63\boot\boot_porting\libchip_boot_port.a
[209/235] Linking C static library middleware\chips\ws63\exception\libdfx_exception.a
[210/235] Linking C static library middleware\chips\ws63\partition\libpartition_ws63.a
[211/235] Linking C static library middleware\chips\ws63\update\common\libupdate_common_ws63.a
[212/235] Linking C static library middleware\chips\ws63\update\local_update\libupdate_local_ws63.a
[213/235] Linking C static library middleware\chips\ws63\update\ab_upg\libupdate_ab_ws63.a
[214/235] Linking C static library middleware\chips\ws63\factory\libfactory_ws63.a
[215/235] Linking C static library utils\dfx\libdfx_panic.a
[216/235] Linking C static library utils\dfx\libdfx_preserve.a
[217/235] Linking C static library utils\dfx\dfx_reboot\cpu_utils\libcpu_utils.a
[218/235] Linking C static library utils\dfx\dfx_reboot\reboot\libreboot.a
[219/235] Linking C static library utils\error_code\liberror_code.a
[220/235] Linking C static library utils\partition\libpartition.a
[221/235] Linking C static library utils\update\common\libupdate_common.a
[222/235] Linking C static library utils\update\storage\libupdate_storage.a
[223/235] Linking C static library utils\update\local_update\libupdate_local.a
[224/235] Linking C static library open_source\7-zip-lzma-sdk\liblzma_22.00.a
[225/235] Generating NV_SRC
[226/235] Linking C executable flashboot.elf
Memory region         Used Size  Region Size  %age Used
STACK:          9 KB         9 KB    100.00%
SRAM:        1544 B       119 KB      1.27%
FLASHBOOT_ROM_ADDR:       49348 B        64 KB     75.30%
[227/235] post_build:gen bin file
[228/235] cmd.exe /C "cd /D D:\sdk\fbb_ws63\src\output\ws63\acore\ws63-flashboot && D:\sdk\fbb_ws63\src\tools\bin\compiler\riscv\cc_riscv32_musl_105\cc_riscv32_musl_win\bin\riscv32-linux-musl-nm.exe -S -n --format=sysv flashboot.elf > flashboot.nm"
[229/235] cmd.exe /C "cd /D D:\sdk\fbb_ws63\src\output\ws63\acore\ws63-flashboot && D:\sdk\fbb_ws63\src\tools\bin\compiler\riscv\cc_riscv32_musl_105\cc_riscv32_musl_win\bin\riscv32-linux-musl-objdump.exe -d -m riscv flashboot.elf > flashboot.asm"
[230/235] cmd.exe /C "cd /D D:\sdk\fbb_ws63\src\output\ws63\acore\ws63-flashboot && D:\sdk\fbb_ws63\src\tools\bin\compiler\riscv\cc_riscv32_musl_105\cc_riscv32_musl_win\bin\riscv32-linux-musl-objcopy.exe -O ihex flashboot.elf flashboot_std.hex"
[231/235] cmd.exe /C "cd /D D:\sdk\fbb_ws63\src\output\ws63\acore\ws63-flashboot && D:\sdk\fbb_ws63\src\tools\bin\compiler\riscv\cc_riscv32_musl_105\cc_riscv32_musl_win\bin\riscv32-linux-musl-objdump.exe -x -S -l flashboot.elf > flashboot.lst"
[232/235] cmd.exe /C "cd /D D:\sdk\fbb_ws63\src\output\ws63\acore\ws63-flashboot && d:\SDKWS63\tools\python\python.exe D:/sdk/fbb_ws63/src/build/script/utils/create_hex.py flashboot.bin flashboot.hex"
[233/235] MEM_LIMIT
[234/235] cmd.exe /C "cd /D D:\sdk\fbb_ws63\src\output\ws63\acore\ws63-flashboot && d:\SDKWS63\tools\python\python.exe D:/sdk/fbb_ws63/src/build/script/utils/elftodu.py D:/sdk/fbb_ws63/src flashboot.elf D:/sdk/fbb_ws63/src/tools/bin/compiler/riscv/cc_riscv32_musl_105/cc_riscv32_musl_win/bin/riscv32-linux-musl-nm.exe > flashboot.du && d:\SDKWS63\tools\python\python.exe D:/sdk/fbb_ws63/src/build/script/utils/mem_stats.py flashboot.lst flashboot.du D:/sdk/fbb_ws63/src/output/ws63/acore/ws63-flashboot/linker.lds ws63 > flashboot.mem"
[235/235] ws63 image sign
generate params.bin...
Build params success!
params.bin size:  1024
params.bin generate successfully!!!
params_sign.bin generate successfully!!!
generate fill root_pubk.bin
merge out path:  D:\sdk\fbb_ws63\src\build\config\target_config\ws63\sign_config
root_params_sign.bin generate successfully!!!
sign name:  ../../../../../output/ws63/acore\ws63-ssb/ssb.bin
../../../../../output/ws63/acore\ws63-ssb/ssb.bin size:  20928
../../../../../output/ws63/acore\ws63-ssb/ssb.bin  generated successfully!!!
ssb_sign.bin generated successfully!!!
../../../../../output/ws63/acore\ws63-flashboot/flashboot.bin size:  49348
flash_sign.bin generated successfully!!!
sign name:  ../../../../../output/ws63/acore/boot_bin\ws63-liteos-mfg.bin
../../../../../output/ws63/acore/boot_bin\ws63-liteos-mfg.bin size:  1263872
../../../../../output/ws63/acore/boot_bin\ws63-liteos-mfg.bin  generated successfully!!!
[!][copy_files_to_interim] File `D:\sdk\fbb_ws63\src\output/ws63/acore/ws63-loaderboot/loaderboot.bin` not found, will skip it !
[!][copy_files_to_interim] File `D:\sdk\fbb_ws63\src\output/ws63/acore/ws63-loaderboot/root_loaderboot_sign.bin` not found, will skip it !
[!][copy_files_to_interim] File `D:\sdk\fbb_ws63\src\output/ws63/acore/ws63-liteos-app/efuse_cfg.bin` not found, will skip it !
[!][copy_files_to_interim] File `D:\sdk\fbb_ws63\src\output/ws63/acore/ws63-ssb/ssb.bin` not found, will skip it !
[!][copy_files_to_interim] File `D:\sdk\fbb_ws63\src\output/ws63/acore/ws63-ssb/ssb_sign.bin` not found, will skip it !
[!][copy_files_to_interim] File `D:\sdk\fbb_ws63\src\output/ws63/acore/ws63-liteos-hilink/ws63-liteos-hilink.bin` not found, will skip it !
[!][copy_files_to_interim] File `D:\sdk\fbb_ws63\src\output/ws63/acore/ws63-liteos-hilink/ws63-liteos-hilink-sign.bin` not found, will skip it !
current work direction:  d:\sdk\fbb_ws63\src
[!][nv handle]warning:  ./output/ws63/acore/nv_bin/temp/cfg/acore_nv.json  not found!
[!][nv handle]warning:  ./output/ws63/acore/nv_bin/temp/acore.etypes  not found!
struct writing in: ./output/ws63/database/cco/system/nv/nv_struct_def.txt
[!][nv handle]warning:  ./output/ws63/database/cco/system/nv/nv_struct_def.txt  not found!
python path:  d:\SDKWS63\tools\python\python.exe
[ws63][acore] run custom cmd success!
D:\sdk\fbb_ws63\src\build\script\.\..\..\config.in
d:\sdk\fbb_ws63\src
Kconfig header saved to 'D:\sdk\fbb_ws63\src\output\ws63\acore\ws63-flashboot\mconfig.h'
######### Build target:ws63_flashboot success
ws63-flashboot takes 13.117057 s
python path:  d:\SDKWS63\tools\python\python.exe
copy_files_to_interim ing...
['d:\\SDKWS63\\tools\\python\\python.exe', 'D:\\sdk\\fbb_ws63\\src\\build\\config\\target_config\\ws63\\script\\copy_files_to_interim.py', 'D:\\sdk\\fbb_ws63\\src']
copy_files_to_interim done!
['d:\\SDKWS63\\tools\\python\\python.exe', 'D:\\sdk\\fbb_ws63\\src\\build\\config\\target_config\\ws63\\script\\nv_handle.py']
[ws63][acore] run custom cmd success!
Not searching for unused variables given on the command line.
-- BUILD_PLATFORM: windows
-- BUILD_PLATFORM: windows
-- The C compiler identification is GNU 7.3.0
-- The ASM compiler identification is GNU
-- Found assembler: D:/sdk/fbb_ws63/src/tools/bin/compiler/riscv/cc_riscv32_musl_105/cc_riscv32_musl_win/bin/riscv32-linux-musl-gcc.exe
-- The CXX compiler identification is GNU 7.3.0
-- Detecting C compiler ABI info
-- Detecting C compiler ABI info - done
-- Check for working C compiler: D:/sdk/fbb_ws63/src/tools/bin/compiler/riscv/cc_riscv32_musl_105/cc_riscv32_musl_win/bin/riscv32-linux-musl-gcc.exe - skipped
-- Detecting C compile features
-- Detecting C compile features - done
-- Detecting CXX compiler ABI info
-- Detecting CXX compiler ABI info - failed
-- Detecting CXX compile features
-- Detecting CXX compile features - done
GEN_TARGET_SRC = D:/sdk/fbb_ws63/src/output/ws63/acore/acore.c
PRECOMPILE_TARGET = D:/sdk/fbb_ws63/src/output/ws63/acore/acore.etypes
TARGET_INCLUDE = D:/sdk/fbb_ws63/src/middleware/chips/ws63/nv/nv_config/include;D:/sdk/fbb_ws63/src/middleware/utils/common_headers/native
BGTP_PROJECT=ws63
BGTP_ROM_VERSION=false
BGTP_DEVICE_ONLY=false
BG COMMON BTH_ROM_LIST:__null__
BTH_ROM_LIST:__null__
-- project_name:
-- project_name:
-- Configuring done
-- Generating done
-- Build files have been written to: D:/sdk/fbb_ws63/src/output/ws63/acore/ws63-loaderboot
[1/204] Building C object CMakeFiles/hwsec_c.dir/middleware/utils/hwsec_c/src/memcpy_s.c.obj
[2/204] Building C object CMakeFiles/hwsec_c.dir/middleware/utils/hwsec_c/src/memmove_s.c.obj
[3/204] Building C object CMakeFiles/hwsec_c.dir/middleware/utils/hwsec_c/src/memset_s.c.obj
[4/204] Building C object CMakeFiles/hwsec_c.dir/middleware/utils/hwsec_c/src/securecutil.c.obj
[5/204] Building C object CMakeFiles/hwsec_c.dir/middleware/utils/hwsec_c/src/secureprintoutput_a.c.obj
[6/204] Building C object CMakeFiles/hwsec_c.dir/middleware/utils/hwsec_c/src/snprintf_s.c.obj
[7/204] Building C object CMakeFiles/hwsec_c.dir/middleware/utils/hwsec_c/src/sprintf_s.c.obj
[8/204] Building C object CMakeFiles/hwsec_c.dir/middleware/utils/hwsec_c/src/strcat_s.c.obj
[9/204] Building C object CMakeFiles/hwsec_c.dir/middleware/utils/hwsec_c/src/strcpy_s.c.obj
[10/204] Building C object CMakeFiles/hwsec_c.dir/middleware/utils/hwsec_c/src/strncat_s.c.obj
[11/204] Building C object CMakeFiles/hwsec_c.dir/middleware/utils/hwsec_c/src/strncpy_s.c.obj
[12/204] Building C object CMakeFiles/hwsec_c.dir/middleware/utils/hwsec_c/src/vsnprintf_s.c.obj
[13/204] Building C object CMakeFiles/hwsec_c.dir/middleware/utils/hwsec_c/src/vsprintf_s.c.obj
[14/204] Building C object CMakeFiles/hwsec_c.dir/middleware/utils/hwsec_c/src/strtok_s.c.obj
[15/204] Building C object bootloader/commonboot/CMakeFiles/common_boot.dir/src/boot_reset.c.obj
[16/204] Building C object bootloader/commonboot/CMakeFiles/common_boot.dir/src/boot_flash.c.obj
[17/204] Building C object bootloader/commonboot/CMakeFiles/common_boot.dir/src/boot_debug.c.obj
[18/204] Building C object bootloader/commonboot/CMakeFiles/common_boot.dir/src/boot_transfer.c.obj
[19/204] Building C object bootloader/commonboot/CMakeFiles/common_boot.dir/src/boot_cmd_loop.c.obj
[20/204] Building C object bootloader/commonboot/CMakeFiles/common_boot.dir/src/boot_ymodem.c.obj
[21/204] Building C object bootloader/commonboot/CMakeFiles/common_boot.dir/src/boot_crc16.c.obj
[22/204] Building C object bootloader/commonboot/CMakeFiles/common_boot.dir/src/boot_load.c.obj
[23/204] Building C object bootloader/commonboot/CMakeFiles/common_boot.dir/src/boot_efuse_opt.c.obj
[24/204] Building C object bootloader/commonboot/libc/CMakeFiles/common_boot_libc.dir/src/string/memset.c.obj
[25/204] Building C object bootloader/commonboot/libc/CMakeFiles/common_boot_libc.dir/src/string/memcpy.c.obj
[26/204] Building C object bootloader/commonboot/libc/CMakeFiles/common_boot_libc.dir/src/string/memcmp.c.obj
[27/204] Building C object bootloader/commonboot/libc/CMakeFiles/common_boot_libc.dir/src/string/strcmp.c.obj
[28/204] Building C object bootloader/commonboot/libc/CMakeFiles/common_boot_libc.dir/src/string/strlen.c.obj
[29/204] Building C object bootloader/commonboot/libc/CMakeFiles/common_boot_libc.dir/src/string/memmove.c.obj
[30/204] Building C object bootloader/provision_ws63/CMakeFiles/loaderboot_common.dir/startup/main.c.obj
[31/204] Building ASM object bootloader/provision_ws63/CMakeFiles/loaderboot_common.dir/startup/riscv_init.S.obj
[32/204] Building C object bootloader/provision_ws63/CMakeFiles/loaderboot_common.dir/__/commonboot/src/boot_uart_auth.c.obj
[33/204] Building C object bootloader/provision_ws63/CMakeFiles/loaderboot_common.dir/__/commonboot/src/boot_erase.c.obj
[34/204] Building C object kernel/non_os/non_os/CMakeFiles/non_os.dir/non_os_utils.c.obj
[35/204] Building C object kernel/non_os/non_os/CMakeFiles/non_os.dir/non_os_nmi.c.obj
[36/204] Building C object kernel/non_os/malloc/CMakeFiles/nonos_malloc.dir/malloc.c.obj
[37/204] Building C object kernel/osal/CMakeFiles/osal.dir/src/nonos/osal_atomic.c.obj
[38/204] Building C object kernel/osal/CMakeFiles/osal.dir/src/nonos/osal_debug.c.obj
[39/204] Building C object kernel/osal/CMakeFiles/osal.dir/src/nonos/osal_interrupt.c.obj
[40/204] Building C object kernel/osal/CMakeFiles/osal.dir/src/nonos/osal_mutex.c.obj
[41/204] Building C object kernel/osal/CMakeFiles/osal.dir/src/nonos/osal_semaphore.c.obj
[42/204] Building C object kernel/osal/CMakeFiles/osal.dir/src/nonos/osal_spinlock.c.obj
[43/204] Building C object kernel/osal/CMakeFiles/osal.dir/src/nonos/osal_wait.c.obj
[44/204] Building C object kernel/osal/CMakeFiles/osal.dir/src/nonos/osal_task.c.obj
[45/204] Building C object driver/pinmux/CMakeFiles/pinctrl.dir/pinctrl.c.obj
[46/204] Building C object driver/security_unified/CMakeFiles/drv_security_unified.dir/romable/hash_romable.c.obj
[47/204] Building C object driver/security_unified/CMakeFiles/drv_security_unified.dir/drv_flashboot_cipher.c.obj
[48/204] Building C object driver/security_unified/CMakeFiles/drv_security_unified.dir/drv_flashboot_symc.c.obj
[49/204] Building C object driver/security_unified/CMakeFiles/drv_security_unified.dir/drv_cipher/drv_code/crypto_drv_common.c.obj
[50/204] Building C object driver/security_unified/CMakeFiles/drv_security_unified.dir/drv_km/drv_keyslot.c.obj
[51/204] Building C object driver/security_unified/CMakeFiles/drv_security_unified.dir/drv_km/drv_klad.c.obj
[52/204] Building C object driver/security_unified/CMakeFiles/drv_security_unified.dir/drv_fapc/drv_fapc.c.obj
[53/204] Building C object driver/security_unified/CMakeFiles/drv_security_unified.dir/init/cfbb/crypto_curve_param.c.obj
[54/204] Building C object driver/security_unified/CMakeFiles/drv_security_unified.dir/drv_cipher/drv_pke_v5/sm2/drv_pke_sm2_verify.c.obj
[55/204] Building C object driver/security_unified/CMakeFiles/drv_security_unified.dir/drv_cipher/drv_pke_v5/drv_pke_ecdsa.c.obj
[56/204] Building C object driver/security_unified/CMakeFiles/drv_security_unified.dir/drv_pke_weak_func.c.obj
[57/204] Building C object driver/security_unified/CMakeFiles/drv_security_unified.dir/drv_rom_cipher.c.obj
[58/204] Building C object driver/systick/CMakeFiles/systick.dir/systick.c.obj
[59/204] Building C object driver/tcxo/CMakeFiles/tcxo.dir/tcxo.c.obj
[60/204] Building C object driver/timer/CMakeFiles/drv_timer.dir/timer.c.obj
[61/204] Building C object driver/uart/CMakeFiles/uart.dir/uart.c.obj
[62/204] Building C object driver/watchdog/CMakeFiles/watchdog.dir/watchdog.c.obj
[63/204] Building C object driver/rtc_unified/CMakeFiles/rtc_unified.dir/rtc.c.obj
[64/204] Building C object driver/efuse/CMakeFiles/efuse.dir/efuse.c.obj
[65/204] Building C object hal/cpu_core/CMakeFiles/hal_cpu_core.dir/hal_cpu_core.c.obj
[66/204] Building C object hal/efuse/CMakeFiles/hal_efuse_v151.dir/hal_efuse.c.obj
[67/204] Building C object hal/efuse/CMakeFiles/hal_efuse_v151.dir/v151/hal_efuse_v151.c.obj
[68/204] Building C object hal/efuse/CMakeFiles/hal_efuse_v151.dir/v151/hal_efuse_v151_reg_op.c.obj
[69/204] Building C object hal/pinmux/CMakeFiles/hal_pinctrl.dir/common/hal_pinctrl.c.obj
[70/204] Building C object hal/pinmux/CMakeFiles/hal_pinctrl.dir/ws63/hal_pinctrl_ws63.c.obj
[71/204] Building C object hal/reboot/CMakeFiles/hal_reboot.dir/hal_reboot.c.obj
[72/204] Building C object hal/reg_config/CMakeFiles/hal_reg_config.dir/hal_reg_config.c.obj
[73/204] Building C object hal/security_unified/CMakeFiles/hal_security_unified.dir/hal_km/hal_rkp.c.obj
[74/204] Building C object hal/security_unified/CMakeFiles/hal_security_unified.dir/hal_km/hal_keyslot.c.obj
[75/204] Building C object hal/security_unified/CMakeFiles/hal_security_unified.dir/hal_km/hal_klad.c.obj
[76/204] Building C object hal/security_unified/CMakeFiles/hal_security_unified.dir/hal_fapc/hal_fapc.c.obj
[77/204] Building C object hal/security_unified/CMakeFiles/hal_security_unified.dir/crypto_osal/cfbb/boot/crypto_osal_lib.c.obj
[78/204] Building C object hal/security_unified/CMakeFiles/hal_security_unified.dir/crypto_osal/cfbb/crypto_security.c.obj
[79/204] Building C object hal/security_unified/CMakeFiles/hal_security_unified.dir/hal_cipher/pke/alg/drv_common_pke.c.obj
[80/204] Building C object hal/security_unified/CMakeFiles/hal_security_unified.dir/hal_cipher/pke/alg/ecc_ec_fp_sign_verify_common.c.obj
[81/204] Building C object hal/security_unified/CMakeFiles/hal_security_unified.dir/hal_cipher/pke/arch/ecc_data_ram_addr.c.obj
[82/204] Building C object hal/security_unified/CMakeFiles/hal_security_unified.dir/hal_cipher/pke/arch/rom_lib.c.obj
[83/204] Building C object hal/security_unified/CMakeFiles/hal_security_unified.dir/hal_cipher/pke/hal_pke.c.obj
[84/204] Building C object hal/security_unified/CMakeFiles/hal_security_unified.dir/hal_cipher/spacc/hal_hash.c.obj
[85/204] Building C object hal/security_unified/CMakeFiles/hal_security_unified.dir/hal_cipher/trng/hal_trng.c.obj
[86/204] Building C object hal/tcxo/CMakeFiles/hal_tcxo.dir/hal_tcxo.c.obj
[87/204] Building C object hal/tcxo/CMakeFiles/hal_tcxo.dir/hal_tcxo_v150.c.obj
[88/204] Building C object hal/tcxo/CMakeFiles/hal_tcxo.dir/hal_tcxo_v150_regs_op.c.obj
[89/204] Building C object hal/timer/CMakeFiles/hal_timer.dir/hal_drv_timer.c.obj
[90/204] Building C object hal/timer/CMakeFiles/hal_timer.dir/v150/hal_timer_v150.c.obj
[91/204] Building C object hal/timer/CMakeFiles/hal_timer.dir/v150/hal_timer_v150_regs_op.c.obj
[92/204] Building C object hal/uart/CMakeFiles/hal_uart.dir/hal_uart.c.obj
[93/204] Building C object hal/uart/CMakeFiles/hal_uart.dir/v151/hal_uart_v151.c.obj
[94/204] Building C object hal/uart/CMakeFiles/hal_uart.dir/v151/hal_uart_v151_regs_op.c.obj
[95/204] Building C object hal/watchdog/CMakeFiles/hal_watchdog.dir/hal_watchdog.c.obj
[96/204] Building C object hal/watchdog/CMakeFiles/hal_watchdog.dir/v151/hal_watchdog_v151.c.obj
[97/204] Building C object hal/sfc/CMakeFiles/hal_sfc.dir/hal_sfc.c.obj
[98/204] Building C object hal/sfc/CMakeFiles/hal_sfc.dir/hal_sfc_v150.c.obj
[99/204] Building C object hal/sfc/CMakeFiles/hal_sfc.dir/hal_sfc_v150_regs_op.c.obj
[100/204] Building C object hal/rtc_unified/CMakeFiles/hal_rtc_unified.dir/hal_rtc.c.obj
[101/204] Building C object hal/rtc_unified/CMakeFiles/hal_rtc_unified.dir/v100/hal_rtc_v100.c.obj
[102/204] Building C object hal/rtc_unified/CMakeFiles/hal_rtc_unified.dir/v100/hal_rtc_v100_op.c.obj
[103/204] Building C object drivers/chips/ws63/CMakeFiles/chip_ws63.dir/arch/riscv/riscv31/interrupt.c.obj
[104/204] Building C object drivers/chips/ws63/CMakeFiles/chip_ws63.dir/arch/riscv/riscv31/interrupt_handler.c.obj
[105/204] Building ASM object drivers/chips/ws63/CMakeFiles/chip_ws63.dir/arch/riscv/riscv31/vectors.s.obj
[106/204] Building C object drivers/chips/ws63/CMakeFiles/chip_ws63.dir/arch/riscv/riscv31/flash_patch.c.obj
[107/204] Building C object drivers/chips/ws63/CMakeFiles/chip_ws63.dir/interrupt/interrupt_adapter.c.obj
[108/204] Building C object drivers/chips/ws63/CMakeFiles/chip_ws63.dir/vectors/vectors.c.obj
[109/204] Building C object drivers/chips/ws63/porting/uart/CMakeFiles/uart_port.dir/uart_porting.c.obj
[110/204] Building C object drivers/chips/ws63/porting/timer/CMakeFiles/timer_port.dir/timer_porting.c.obj
[111/204] Building C object drivers/chips/ws63/porting/systick/CMakeFiles/systick_port.dir/hal_systick.c.obj
[112/204] Building C object drivers/chips/ws63/porting/systick/CMakeFiles/systick_port.dir/hal_systick_ws63.c.obj
[113/204] Building C object drivers/chips/ws63/porting/systick/CMakeFiles/systick_port.dir/systick_porting.c.obj
[114/204] Building C object drivers/chips/ws63/porting/tcxo/CMakeFiles/tcxo_port.dir/tcxo_porting.c.obj
[115/204] Building C object drivers/chips/ws63/porting/watchdog/CMakeFiles/watchdog_port.dir/watchdog_porting.c.obj
[116/204] Building C object drivers/chips/ws63/porting/pinctrl/CMakeFiles/pinctrl_port_ws63.dir/pinctrl_porting_ws63.c.obj
[117/204] Building C object drivers/chips/ws63/porting/sfc/flash_config/CMakeFiles/sfc_flash_config_ws63.dir/flash_config_info.c.obj
[118/204] Building C object drivers/chips/ws63/porting/sfc/porting/CMakeFiles/sfc_port_ws63.dir/sfc_porting.c.obj
[119/204] Building C object drivers/chips/ws63/porting/sfc/porting/CMakeFiles/sfc_port_ws63.dir/sfc_protect.c.obj
[120/204] Building C object drivers/chips/ws63/porting/sfc/porting/CMakeFiles/sfc_port_ws63.dir/sfc_protect_gd25q32.c.obj
[121/204] Building C object drivers/chips/ws63/porting/sfc/driver/CMakeFiles/sfc_boot.dir/sfc.c.obj
[122/204] Building C object drivers/chips/ws63/porting/efuse/CMakeFiles/efuse_port.dir/efuse_porting.c.obj
[123/204] Building C object drivers/chips/ws63/porting/rtc_unified/CMakeFiles/rtc_unified_port.dir/rtc_porting.c.obj
[124/204] Building C object drivers/chips/ws63/porting/mem/CMakeFiles/nonos_malloc_port.dir/malloc_porting.c.obj
[125/204] Building C object drivers/chips/ws63/porting/reboot/CMakeFiles/reboot_port.dir/reboot_porting.c.obj
[126/204] Building C object drivers/chips/ws63/porting/soc/CMakeFiles/soc_port.dir/soc_porting.c.obj
[127/204] Building C object drivers/chips/ws63/boot/boot_porting/CMakeFiles/boot_port_malloc.dir/malloc/boot_malloc.c.obj
[128/204] Building C object drivers/chips/ws63/boot/boot_porting/CMakeFiles/chip_boot_port.dir/delay/delay.c.obj
[129/204] Building C object drivers/chips/ws63/boot/boot_porting/CMakeFiles/chip_boot_port.dir/serial/serial.c.obj
[130/204] Building C object drivers/chips/ws63/boot/boot_porting/CMakeFiles/chip_boot_port.dir/watchdog/boot_watchdog.c.obj
[131/204] Building C object drivers/chips/ws63/boot/boot_porting/CMakeFiles/chip_boot_port.dir/reset/reset_porting.c.obj
[132/204] Building C object drivers/chips/ws63/boot/boot_porting/CMakeFiles/chip_boot_port.dir/validate_chip/validate_chip.c.obj
[133/204] Building ASM object middleware/chips/ws63/exception/CMakeFiles/dfx_exception.dir/exception_riscv.s.obj
[134/204] Building C object middleware/chips/ws63/exception/CMakeFiles/dfx_exception.dir/exception_riscv.c.obj
[135/204] Building C object utils/dfx/CMakeFiles/dfx_panic.dir/panic/private/panic.c.obj
[136/204] Building C object utils/dfx/CMakeFiles/dfx_panic.dir/panic/private/panic_rom.c.obj
[137/204] Building C object utils/dfx/CMakeFiles/dfx_preserve.dir/preserve/private/preserve.c.obj
[138/204] Building C object utils/dfx/CMakeFiles/dfx_preserve.dir/preserve/private/crash_data.c.obj
[139/204] Building C object utils/dfx/dfx_reboot/cpu_utils/CMakeFiles/cpu_utils.dir/private/cpu_utils.c.obj
[140/204] Building C object utils/dfx/dfx_reboot/reboot/CMakeFiles/reboot.dir/shared/non_os_reboot.c.obj
[141/204] Building C object utils/error_code/CMakeFiles/error_code.dir/private/error_code.c.obj
[142/204] Building C object CMakeFiles/loaderboot.dir/temp/__null___.c.obj
[143/204] Linking C static library libhwsec_c.a
[144/204] Linking C static library bootloader\commonboot\libcommon_boot.a
[145/204] Linking C static library bootloader\commonboot\libc\libcommon_boot_libc.a
[146/204] Linking C static library bootloader\provision_ws63\libloaderboot_common.a
[147/204] Linking C static library kernel\non_os\non_os\libnon_os.a
[148/204] Linking C static library kernel\non_os\malloc\libnonos_malloc.a
[149/204] Linking C static library kernel\osal\libosal.a
[150/204] Linking C static library driver\pinmux\libpinctrl.a
[151/204] Linking C static library driver\security_unified\libdrv_security_unified.a
[152/204] Linking C static library driver\systick\libsystick.a
[153/204] Linking C static library driver\tcxo\libtcxo.a
[154/204] Linking C static library driver\timer\libdrv_timer.a
[155/204] Linking C static library driver\uart\libuart.a
[156/204] Linking C static library driver\watchdog\libwatchdog.a
[157/204] Linking C static library driver\rtc_unified\librtc_unified.a
[158/204] Linking C static library driver\efuse\libefuse.a
[159/204] Linking C static library hal\cpu_core\libhal_cpu_core.a
[160/204] Linking C static library hal\efuse\libhal_efuse_v151.a
[161/204] Linking C static library hal\pinmux\libhal_pinctrl.a
[162/204] Linking C static library hal\reboot\libhal_reboot.a
[163/204] Linking C static library hal\reg_config\libhal_reg_config.a
[164/204] Linking C static library hal\security_unified\libhal_security_unified.a
[165/204] Linking C static library hal\tcxo\libhal_tcxo.a
[166/204] Linking C static library hal\timer\libhal_timer.a
[167/204] Linking C static library hal\uart\libhal_uart.a
[168/204] Linking C static library hal\watchdog\libhal_watchdog.a
[169/204] Linking C static library hal\sfc\libhal_sfc.a
[170/204] Linking C static library hal\rtc_unified\libhal_rtc_unified.a
[171/204] Linking C static library drivers\chips\ws63\libchip_ws63.a
[172/204] Linking C static library drivers\chips\ws63\porting\uart\libuart_port.a
[173/204] Linking C static library drivers\chips\ws63\porting\timer\libtimer_port.a
[174/204] Linking C static library drivers\chips\ws63\porting\systick\libsystick_port.a
[175/204] Linking C static library drivers\chips\ws63\porting\tcxo\libtcxo_port.a
[176/204] Linking C static library drivers\chips\ws63\porting\watchdog\libwatchdog_port.a
[177/204] Linking C static library drivers\chips\ws63\porting\pinctrl\libpinctrl_port_ws63.a
[178/204] Linking C static library drivers\chips\ws63\porting\sfc\flash_config\libsfc_flash_config_ws63.a
[179/204] Linking C static library drivers\chips\ws63\porting\sfc\porting\libsfc_port_ws63.a
[180/204] Linking C static library drivers\chips\ws63\porting\sfc\driver\libsfc_boot.a
[181/204] Linking C static library drivers\chips\ws63\porting\efuse\libefuse_port.a
[182/204] Linking C static library drivers\chips\ws63\porting\rtc_unified\librtc_unified_port.a
[183/204] Linking C static library drivers\chips\ws63\porting\mem\libnonos_malloc_port.a
[184/204] Linking C static library drivers\chips\ws63\porting\reboot\libreboot_port.a
[185/204] Linking C static library drivers\chips\ws63\porting\soc\libsoc_port.a
[186/204] Linking C static library drivers\chips\ws63\boot\boot_porting\libboot_port_malloc.a
[187/204] Linking C static library drivers\chips\ws63\boot\boot_porting\libchip_boot_port.a
[188/204] Linking C static library middleware\chips\ws63\exception\libdfx_exception.a
[189/204] Linking C static library utils\dfx\libdfx_panic.a
[190/204] Linking C static library utils\dfx\libdfx_preserve.a
[191/204] Linking C static library utils\dfx\dfx_reboot\cpu_utils\libcpu_utils.a
[192/204] Linking C static library utils\dfx\dfx_reboot\reboot\libreboot.a
[193/204] Linking C static library utils\error_code\liberror_code.a
[194/204] Generating NV_SRC
[195/204] Linking C executable loaderboot.elf
Memory region         Used Size  Region Size  %age Used
STACK:          9 KB         9 KB    100.00%
SRAM:       18080 B       119 KB     14.84%
LOADERBOOT_ROM_ADDR:       30860 B        40 KB     75.34%
[196/204] post_build:gen bin file
[197/204] cmd.exe /C "cd /D D:\sdk\fbb_ws63\src\output\ws63\acore\ws63-loaderboot && D:\sdk\fbb_ws63\src\tools\bin\compiler\riscv\cc_riscv32_musl_105\cc_riscv32_musl_win\bin\riscv32-linux-musl-objdump.exe -d -m riscv loaderboot.elf > loaderboot.asm"
[198/204] cmd.exe /C "cd /D D:\sdk\fbb_ws63\src\output\ws63\acore\ws63-loaderboot && D:\sdk\fbb_ws63\src\tools\bin\compiler\riscv\cc_riscv32_musl_105\cc_riscv32_musl_win\bin\riscv32-linux-musl-objdump.exe -x -S -l loaderboot.elf > loaderboot.lst"
[199/204] cmd.exe /C "cd /D D:\sdk\fbb_ws63\src\output\ws63\acore\ws63-loaderboot && D:\sdk\fbb_ws63\src\tools\bin\compiler\riscv\cc_riscv32_musl_105\cc_riscv32_musl_win\bin\riscv32-linux-musl-nm.exe -S -n --format=sysv loaderboot.elf > loaderboot.nm"
[200/204] cmd.exe /C "cd /D D:\sdk\fbb_ws63\src\output\ws63\acore\ws63-loaderboot && D:\sdk\fbb_ws63\src\tools\bin\compiler\riscv\cc_riscv32_musl_105\cc_riscv32_musl_win\bin\riscv32-linux-musl-objcopy.exe -O ihex loaderboot.elf loaderboot_std.hex"
[201/204] cmd.exe /C "cd /D D:\sdk\fbb_ws63\src\output\ws63\acore\ws63-loaderboot && d:\SDKWS63\tools\python\python.exe D:/sdk/fbb_ws63/src/build/script/utils/create_hex.py loaderboot.bin loaderboot.hex"
[202/204] MEM_LIMIT
[203/204] cmd.exe /C "cd /D D:\sdk\fbb_ws63\src\output\ws63\acore\ws63-loaderboot && d:\SDKWS63\tools\python\python.exe D:/sdk/fbb_ws63/src/build/script/utils/elftodu.py D:/sdk/fbb_ws63/src loaderboot.elf D:/sdk/fbb_ws63/src/tools/bin/compiler/riscv/cc_riscv32_musl_105/cc_riscv32_musl_win/bin/riscv32-linux-musl-nm.exe > loaderboot.du && d:\SDKWS63\tools\python\python.exe D:/sdk/fbb_ws63/src/build/script/utils/mem_stats.py loaderboot.lst loaderboot.du D:/sdk/fbb_ws63/src/output/ws63/acore/ws63-loaderboot/linker.lds ws63 > loaderboot.mem"
[204/204] ws63 image sign
generate params.bin...
Build params success!
params.bin size:  1024
params.bin generate successfully!!!
params_sign.bin generate successfully!!!
generate fill root_pubk.bin
merge out path:  D:\sdk\fbb_ws63\src\build\config\target_config\ws63\sign_config
root_params_sign.bin generate successfully!!!
sign name:  ../../../../../output/ws63/acore\ws63-ssb/ssb.bin
../../../../../output/ws63/acore\ws63-ssb/ssb.bin size:  20928
../../../../../output/ws63/acore\ws63-ssb/ssb.bin  generated successfully!!!
ssb_sign.bin generated successfully!!!
../../../../../output/ws63/acore\ws63-flashboot/flashboot.bin size:  49408
flash_sign.bin generated successfully!!!
../../../../../output/ws63/acore\ws63-loaderboot\loaderboot.bin size:  30860
loaderboot_sign.bin generated successfully!!!
merge out path:  D:\sdk\fbb_ws63\src\output\ws63\acore\ws63-loaderboot
root_loaderboot_sign.bin generated successfully!!!
sign name:  ../../../../../output/ws63/acore/boot_bin\ws63-liteos-mfg.bin
../../../../../output/ws63/ac
ore/boot_bin\ws63-liteos-mfg.bin size:  1263872
../../../../../output/ws63/acore/boot_bin\ws63-liteos-mfg.bin  generated successfully!!!
[!][copy_files_to_interim] File `D:\sdk\fbb_ws63\src\output/ws63/acore/ws63-liteos-app/efuse_cfg.bin` not found, will skip it !
[!][copy_files_to_interim] File `D:\sdk\fbb_ws63\src\output/ws63/acore/ws63-ssb/ssb.bin` not found, will skip it !
[!][copy_files_to_interim] File `D:\sdk\fbb_ws63\src\output/ws63/acore/ws63-ssb/ssb_sign.bin` not found, will skip it !
[!][copy_files_to_interim] File `D:\sdk\fbb_ws63\src\output/ws63/acore/ws63-liteos-hilink/ws63-liteos-hilink.bin` not found, will skip it !
[!][copy_files_to_interim] File `D:\sdk\fbb_ws63\src\output/ws63/acore/ws63-liteos-hilink/ws63-liteos-hilink-sign.bin` not found, will skip it !
current work direction:  d:\sdk\fbb_ws63\src
[!][nv handle]warning:  ./output/ws63/acore/nv_bin/temp/cfg/acore_nv.json  not found!
[!][nv handle]warning:  ./output/ws63/acore/nv_bin/temp/acore.etypes  not found!
struct writing in: ./output/ws63/database/cco/system/nv/nv_struct_def.txt
[!][nv handle]warning:  ./output/ws63/database/cco/system/nv/nv_struct_def.txt  not found!
python path:  d:\SDKWS63\tools\python\python.exe
[ws63][acore] run custom cmd success!
D:\sdk\fbb_ws63\src\build\script\.\..\..\config.in
d:\sdk\fbb_ws63\src
Kconfig header saved to 'D:\sdk\fbb_ws63\src\output\ws63\acore\ws63-loaderboot\mconfig.h'
######### Build target:ws63_loaderboot success
ws63-loaderboot takes 11.425026 s
python path:  d:\SDKWS63\tools\python\python.exe
copy_files_to_interim ing...
['d:\\SDKWS63\\tools\\python\\python.exe', 'D:\\sdk\\fbb_ws63\\src\\build\\config\\target_config\\ws63\\script\\copy_files_to_interim.py', 'D:\\sdk\\fbb_ws63\\src']
copy_files_to_interim done!
['d:\\SDKWS63\\tools\\python\\python.exe', 'D:\\sdk\\fbb_ws63\\src\\build\\config\\target_config\\ws63\\script\\nv_handle.py']
[ws63][acore] run custom cmd success!
Not searching for unused variables given on the command line.
-- BUILD_PLATFORM: windows
-- BUILD_PLATFORM: windows
-- The C compiler identification is GNU 7.3.0
-- The ASM compiler identification is GNU
-- Found assembler: D:/sdk/fbb_ws63/src/tools/bin/compiler/riscv/cc_riscv32_musl_105/cc_riscv32_musl_fp_win/bin/riscv32-linux-musl-gcc.exe
-- The CXX compiler identification is GNU 7.3.0
-- Detecting C compiler ABI info
-- Detecting C compiler ABI info - done
-- Check for working C compiler: D:/sdk/fbb_ws63/src/tools/bin/compiler/riscv/cc_riscv32_musl_105/cc_riscv32_musl_fp_win/bin/riscv32-linux-musl-gcc.exe - skipped
-- Detecting C compile features
-- Detecting C compile features - done
-- Detecting CXX compiler ABI info
-- Detecting CXX compiler ABI info - failed
-- Detecting CXX compile features
-- Detecting CXX compile features - done
LOSCFG_PLATFORM is set to ws63
LOSCFG_COMPILER_GNU_BINUTILS is set to y
LOSCFG_COMPILER_GCC is set to y
LOSCFG_COMPILER_TOOLCHAIN_MUSL is set to y
LOSCFG_COMPILER_RISCV_GCC_MUSL is set to y
LOSCFG_COMPILER_RISCV_UNKNOWN is set to y
LOSCFG_RISCV_COMPILER_OPTIONS_USER_DEFINED is set to
LOSCFG_RISCV_COMPILER_OPTIONS_LDM_STM is set to y
LOSCFG_RISCV_COMPILER_OPTIONS_EMIT_LLI is set to y
LOSCFG_COMPILER_OPTIMIZE_SIZE is set to y
LOSCFG_FAMILY_AIOT is set to y
LOSCFG_FAMILY is set to aiot
LOSCFG_PLATFORM is set to ws63
LOSCFG_PLATFORM_WS63 is set to y
LOSCFG_USING_BOARD_LD is set to y
LOSCFG_USING_BOARD_RESET_VECTOR is set to y
LOSCFG_ARCH_FPU_ENABLE is set to y
LOSCFG_APC_ENABLE is set to y
LOSCFG_ARCH_PMU is set to y
LOSCFG_ARCH_RISCV32 is set to y
LOSCFG_ARCH_RISCV_RV32IMC is set to y
LOSCFG_ARCH_RISCV_RV32F is set to y
LOSCFG_ARCH_LINXCORE_131 is set to y
LOSCFG_KERNEL_MIN is set to y
LOSCFG_SCHED is set to y
LOSCFG_SCHED_SQ is set to y
LOSCFG_BASE_CORE_TIMESLICE is set to y
LOSCFG_BASE_CORE_TIMESLICE_TIMEOUT is set to 2
LOSCFG_BASE_CORE_TSK_MONITOR is set to y
LOSCFG_TASK_STACK_DYNAMIC_ALLOCATION is set to y
LOSCFG_BASE_CORE_TSK_LIMIT is set to 28
LOSCFG_BASE_CORE_TSK_MIN_STACK_SIZE is set to 1024
LOSCFG_BASE_CORE_TSK_DEFAULT_STACK_SIZE is set to 2048
LOSCFG_BASE_CORE_TSK_SWTMR_STACK_SIZE is set to 2048
LOSCFG_BASE_CORE_TSK_IDLE_STACK_SIZE is set to 1024
LOSCFG_BASE_CORE_TSK_DEFAULT_PRIO is set to 10
LOSCFG_BASE_CORE_TICK_PER_SECOND is set to 100
LOSCFG_BASE_CORE_USE_SINGLE_LIST is set to y
LOSCFG_STARTUP_STACK_SIZE is set to 0x4000
LOSCFG_KERNEL_MEM_ALLOC is set to y
LOSCFG_KERNEL_MEM_BESTFIT is set to y
LOSCFG_KERNEL_MEM_SLAB_EXTENTION is set to y
LOSCFG_MEM_TASK_STAT is set to y
LOSCFG_ARCH_INTERRUPT_TAKEOVER is set to y
LOSCFG_ARCH_INTERRUPT_PREEMPTION is set to y
LOSCFG_HWI_PRE_POST_PROCESS is set to y
LOSCFG_HWI_WITH_ARG is set to y
LOSCFG_IRQ_STACK_SIZE is set to 0x2000
LOSCFG_NMI_STACK_SIZE is set to 0x800
LOSCFG_PLATFORM_HWI_LIMIT is set to 96
LOSCFG_HWI_PRIO_LIMIT is set to 7
LOSCFG_EXC_STACK_SIZE is set to 0x800
LOSCFG_BASE_CORE_SWTMR is set to y
LOSCFG_BASE_CORE_SWTMR_LIMIT is set to 16
LOSCFG_BASE_IPC_QUEUE is set to y
LOSCFG_QUEUE_DYNAMIC_ALLOCATION is set to y
LOSCFG_BASE_IPC_QUEUE_LIMIT is set to 16
LOSCFG_BASE_IPC_EVENT is set to y
LOSCFG_BASE_IPC_MUX is set to y
LOSCFG_MUTEX_WAITMODE_PRIO is set to y
LOSCFG_BASE_IPC_MUX_LIMIT is set to 60
LOSCFG_BASE_IPC_SEM is set to y
LOSCFG_BASE_IPC_SEM_LIMIT is set to 32
LOSCFG_KERNEL_PRINTF is set to y
LOSCFG_KERNEL_PRINTF_SIZE_EXTEND is set to y
LOSCFG_KERNEL_RINGBUF is set to y
LOSCFG_BASE_CORE_SYS_RES_CHECK is set to y
LOSCFG_LIB_LIBC is set to y
LOSCFG_LIB_LIBM is set to y
LOSCFG_LIB_FORMAT is set to y
LOSCFG_COMPAT_CMSIS is set to y
LOSCFG_COMPAT_CMSIS_VER_2 is set to y
LOSCFG_COMPAT_LINUX is set to y
LOSCFG_COMPAT_LINUX_PENDLIST is set to y
LOSCFG_COMPAT_LINUX_TIMER is set to y
LOSCFG_COMPAT_LINUX_COMPLETION is set to y
LOSCFG_COMPAT_LINUX_WAITQUEUE is set to y
LOSCFG_COMPAT_LINUX_DRIVER_BASE is set to y
LOSCFG_NET_IPERF is set to y
LOSCFG_BACKTRACE is set to y
LOSCFG_DEBUG_RESOURCE_INFO is set to y
LOSCFG_SERIAL_OUTPUT_ENABLE is set to y
LOSCFG_KERNEL_CPUP is set to y
LOSCFG_DRIVERS_BASE is set to y
LOSCFG_RISCV_HIMIDEERV200_PLIC is set to y
LOSCFG_TIMER_VENDOR is set to y
LOSCFG_DRIVERS_UART_VENDOR is set to y
LOSCFG_DRIVERS_SIMPLE_UART is set to y
LOSCFG_CC_NO_STACKPROTECTOR is set to y
LOSCFG_TASK_JOINABLE is set to y
CMAKE_TOOLCHAIN_FILE is defined ahead, skip auto-config compiler
CMAKE_TOOLCHAIN_FILE is defined ahead, skip auto-config compiler
OUT:D:/sdk/fbb_ws63/src/output/ws63/acore/ws63-liteos-app/kernel/liteos/liteos_v208.5.0
-- COM_HEADER-includeD:/sdk/fbb_ws63/src/output/ws63/acore/ws63-liteos-app/kernel/liteos/liteos_v208.5.0/menuconfig/include/menuconfig.h
LITEOS_MODULE_DEP_LIBS_PATH:D:/sdk/fbb_ws63/src/output/ws63/acore/ws63-liteos-app/liteos/libs/libtargets.a;D:/sdk/fbb_ws63/src/output/ws63/acore/ws63-liteos-app/liteos/libs/libbase.a;D:/sdk/fbb_ws63/src/output/ws63/acore/ws63-liteos-app/liteos/libs/libcpup.a;D:/sdk/fbb_ws63/src/output/ws63/acore/ws63-liteos-app/liteos/libs/libinit.a;D:/sdk/fbb_ws63/src/output/ws63/acore/ws63-liteos-app/liteos/libs/libc.a;D:/sdk/fbb_ws63/src/output/ws63/acore/ws63-liteos-app/liteos/libs/libm.a;D:/sdk/fbb_ws63/src/output/ws63/acore/ws63-liteos-app/liteos/libs/libcsysdeps.a;D:/sdk/fbb_ws63/src/output/ws63/acore/ws63-liteos-app/liteos/libs/libdriverbase.a;D:/sdk/fbb_ws63/src/output/ws63/acore/ws63-liteos-app/liteos/libs/libcmsis.a;D:/sdk/fbb_ws63/src/output/ws63/acore/ws63-liteos-app/liteos/libs/liblinux.a
LITEOS_DEP_LIBS_INT:targets;base;cpup;init;c;m;csysdeps;driverbase;cmsis;linux
LITEOS_DEP_LIBS_EXT:gcc;gcc_eh
LITEOS_BASELIB:m;gcc;gcc_eh;targets;base;cpup;init;c;m;csysdeps;driverbase;cmsis;linux
LOS_INTF_DEP_TARGETS:targets_intf_pub;base_intf_pub;cpup_intf_pub;init_intf_pub;c_intf_pub;m_intf_pub;csysdeps_intf_pub;driverbase_intf_pub;cmsis_intf_pub;linux_intf_pub
-- D:/sdk/fbb_ws63/src/drivers/chips/ws63/porting/patch/sfc_patch.c is not found, finding libplat_patch.a in D:/sdk/fbb_ws63/src/drivers/chips/ws63/porting/patch/ws63-liteos-app
-- D:/sdk/fbb_ws63/src/drivers/chips/ws63/rom_config/acore/output/rom_callback.S is not found, finding librom_callback.a in D:/sdk/fbb_ws63/src/drivers/chips/ws63/ws63-liteos-app
GEN_TARGET_SRC = D:/sdk/fbb_ws63/src/output/ws63/acore/acore.c
PRECOMPILE_TARGET = D:/sdk/fbb_ws63/src/output/ws63/acore/acore.etypes
TARGET_INCLUDE = D:/sdk/fbb_ws63/src/middleware/chips/ws63/nv/nv_config/include;D:/sdk/fbb_ws63/src/middleware/utils/common_headers/native
-- D:/sdk/fbb_ws63/src/middleware/utils/at/at_bt_cmd/src/at_bt_cmd_register.c is not found, finding libbt_at.a in D:/sdk/fbb_ws63/src/middleware/utils/at/at_bt_cmd/ws63-liteos-app
-- D:/sdk/fbb_ws63/src/middleware/utils/at/at_radar_cmd/at/at_radar.c is not found, finding libradar_at.a in D:/sdk/fbb_ws63/src/middleware/utils/at/at_radar_cmd/ws63-liteos-app
Build wifi device with rom repo!
-- D:/sdk/fbb_ws63/src/protocol/wifi/rom_code/ws63/source/alg/iot_alg/device/alg_main.c is not found, finding libwifi_driver_dmac.a in D:/sdk/fbb_ws63/src/protocol/wifi/ws63-liteos-app
-- D:/sdk/fbb_ws63/src/protocol/wifi/rom_code/ws63/source/common/romable/wifi_rom_data.c is not found, finding libwifi_rom_data.a in D:/sdk/fbb_ws63/src/protocol/wifi/ws63-liteos-app
-- D:/sdk/fbb_ws63/src/protocol/wifi/source/host/feature/interface/hmac_feature_interface.c is not found, finding libwifi_driver_hmac.a in D:/sdk/fbb_ws63/src/protocol/wifi/ws63-liteos-app
-- D:/sdk/fbb_ws63/src/protocol/wifi/source/host/forward/hmac_rx_data.c is not found, finding libwifi_driver_tcm.a in D:/sdk/fbb_ws63/src/protocol/wifi/ws63-liteos-app
-- D:/sdk/fbb_ws63/src/protocol/wifi/source/alg/iot_alg/host/alg_txbf.c is not found, finding libwifi_alg_txbf.a in D:/sdk/fbb_ws63/src/protocol/wifi/ws63-liteos-app
-- D:/sdk/fbb_ws63/src/protocol/wifi/source/alg/iot_alg/host/alg_temp_protect.c is not found, finding libwifi_alg_temp_protect.a in D:/sdk/fbb_ws63/src/protocol/wifi/ws63-liteos-app
-- D:/sdk/fbb_ws63/src/protocol/wifi/source/alg/iot_alg/host/alg_anti_interference.c is not found, finding libwifi_alg_anti_interference.a in D:/sdk/fbb_ws63/src/protocol/wifi/ws63-liteos-app
-- D:/sdk/fbb_ws63/src/protocol/wifi/source/alg/iot_alg/host/alg_edca_opt.c is not found, finding libwifi_alg_edca_opt.a in D:/sdk/fbb_ws63/src/protocol/wifi/ws63-liteos-app
-- D:/sdk/fbb_ws63/src/protocol/wifi/source/alg/iot_alg/host/alg_cca_intrf_mode.c is not found, finding libwifi_alg_cca_opt.a in D:/sdk/fbb_ws63/src/protocol/wifi/ws63-liteos-app
BGTP_PROJECT=ws63
BGTP_ROM_VERSION=true
BGTP_DEVICE_ONLY=false
-- D:/sdk/fbb_ws63/src/protocol/bt/controller/bgtp/__null__ is not found, finding libbgtp.a in D:/sdk/fbb_ws63/src/protocol/bt/controller/bgtp/ws63-liteos-app
-- D:/sdk/fbb_ws63/src/protocol/bt/controller/bgtp/__null__ is not found, finding libbgtp_rom_data.a in D:/sdk/fbb_ws63/src/protocol/bt/controller/bgtp/ws63-liteos-app
-- D:/sdk/fbb_ws63/src/protocol/bt/host/bg_common/__null__ is not found, finding libbg_common.a in D:/sdk/fbb_ws63/src/protocol/bt/host/bg_common/ws63-liteos-app
BG COMMON BTH_ROM_LIST:__null__
BTH_ROM_LIST:__null__
-- D:/sdk/fbb_ws63/src/protocol/bt/host/bt/__null__ is not found, finding libbt_app.a in D:/sdk/fbb_ws63/src/protocol/bt/host/bt/ws63-liteos-app
-- D:/sdk/fbb_ws63/src/protocol/bt/host/bt/sdk/__null__ is not found, finding libbth_sdk.a in D:/sdk/fbb_ws63/src/protocol/bt/host/bt/sdk/ws63-liteos-app
-- D:/sdk/fbb_ws63/src/protocol/bt/host/bt/__null__ is not found, finding libbt_host.a in D:/sdk/fbb_ws63/src/protocol/bt/host/bt/ws63-liteos-app
BTH_ROM_LIST:__null__
BTH_PUBLIC_HEADER_LIST=
-- D:/sdk/fbb_ws63/src/protocol/bt/host/gle/__null__ is not found, finding libbth_gle.a in D:/sdk/fbb_ws63/src/protocol/bt/host/gle/ws63-liteos-app
-- D:/sdk/fbb_ws63/src/protocol/radar/alg_ai/radar_ai_attention_layer.c is not found, finding libradar_ai.a in D:/sdk/fbb_ws63/src/protocol/radar/alg_ai/ws63-liteos-app
-- project_name:
-- D:/sdk/fbb_ws63/src/protocol/radar/plat/utils/radar_fft.c is not found, finding libradar_sensing.a in D:/sdk/fbb_ws63/src/protocol/radar/plat/ws63-liteos-app
-- project_name:
-- Configuring done
-- Generating done
-- Build files have been written to: D:/sdk/fbb_ws63/src/output/ws63/acore/ws63-liteos-app
[1/1713] Building C object CMakeFiles/mbedtls_v3.6.0.dir/open_source/mbedtls/mbedtls_v3.6.0/library/aes.c.obj
[2/1713] Building C object CMakeFiles/mbedtls_v3.6.0.dir/open_source/mbedtls/mbedtls_v3.6.0/library/aesce.c.obj
[3/1713] Building C object CMakeFiles/mbedtls_v3.6.0.dir/open_source/mbedtls/mbedtls_v3.6.0/library/aesni.c.obj
[4/1713] Building C object CMakeFiles/mbedtls_v3.6.0.dir/open_source/mbedtls/mbedtls_v3.6.0/library/aria.c.obj
[5/1713] Building C object CMakeFiles/mbedtls_v3.6.0.dir/open_source/mbedtls/mbedtls_v3.6.0/library/asn1parse.c.obj
[6/1713] Building C object CMakeFiles/mbedtls_v3.6.0.dir/open_source/mbedtls/mbedtls_v3.6.0/library/asn1write.c.obj
[7/1713] Building C object CMakeFiles/mbedtls_v3.6.0.dir/open_source/mbedtls/mbedtls_v3.6.0/library/base64.c.obj
[8/1713] Building C object CMakeFiles/mbedtls_v3.6.0.dir/open_source/mbedtls/mbedtls_v3.6.0/library/bignum.c.obj
[9/1713] Building C object CMakeFiles/mbedtls_v3.6.0.dir/open_source/mbedtls/mbedtls_v3.6.0/library/bignum_core.c.obj
[10/1713] Building C object CMakeFiles/mbedtls_v3.6.0.dir/open_source/mbedtls/mbedtls_v3.6.0/library/bignum_mod.c.obj
[11/1713] Building C object CMakeFiles/mbedtls_v3.6.0.dir/open_source/mbedtls/mbedtls_v3.6.0/library/bignum_mod_raw.c.obj
[12/1713] Building C object CMakeFiles/mbedtls_v3.6.0.dir/open_source/mbedtls/mbedtls_v3.6.0/library/block_cipher.c.obj
[13/1713] Building C object CMakeFiles/mbedtls_v3.6.0.dir/open_source/mbedtls/mbedtls_v3.6.0/library/blowfish.c.obj
[14/1713] Building C object CMakeFiles/mbedtls_v3.6.0.dir/open_source/mbedtls/mbedtls_v3.6.0/library/camellia.c.obj
[15/1713] Building C object CMakeFiles/mbedtls_v3.6.0.dir/open_source/mbedtls/mbedtls_v3.6.0/library/ccm.c.obj
[16/1713] Building C object CMakeFiles/mbedtls_v3.6.0.dir/open_source/mbedtls/mbedtls_v3.6.0/library/chacha20.c.obj
[17/1713] Building C object CMakeFiles/mbedtls_v3.6.0.dir/open_source/mbedtls/mbedtls_v3.6.0/library/chachapoly.c.obj
[18/1713] Building C object CMakeFiles/mbedtls_v3.6.0.dir/open_source/mbedtls/mbedtls_v3.6.0/library/cipher.c.obj
[19/1713] Building C object CMakeFiles/mbedtls_v3.6.0.dir/open_source/mbedtls/mbedtls_v3.6.0/library/cipher_wrap.c.obj
[20/1713] Building C object CMakeFiles/mbedtls_v3.6.0.dir/open_source/mbedtls/mbedtls_v3.6.0/library/cmac.c.obj
[21/1713] Building C object CMakeFiles/mbedtls_v3.6.0.dir/open_source/mbedtls/mbedtls_v3.6.0/library/constant_time.c.obj
[22/1713] Building C object CMakeFiles/mbedtls_v3.6.0.dir/open_source/mbedtls/mbedtls_v3.6.0/library/ctr_drbg.c.obj
[23/1713] Building C object CMakeFiles/mbedtls_v3.6.0.dir/open_source/mbedtls/mbedtls_v3.6.0/library/debug.c.obj
[24/1713] Building C object CMakeFiles/mbedtls_v3.6.0.dir/open_source/mbedtls/mbedtls_v3.6.0/library/des.c.obj
[25/1713] Building C object CMakeFiles/mbedtls_v3.6.0.dir/open_source/mbedtls/mbedtls_v3.6.0/library/dhm.c.obj
[26/1713] Building C object CMakeFiles/mbedtls_v3.6.0.dir/open_source/mbedtls/mbedtls_v3.6.0/library/ecdh.c.obj
[27/1713] Building C object CMakeFiles/mbedtls_v3.6.0.dir/open_source/mbedtls/mbedtls_v3.6.0/library/ecdsa.c.obj
[28/1713] Building C object CMakeFiles/mbedtls_v3.6.0.dir/open_source/mbedtls/mbedtls_v3.6.0/library/ecjpake.c.obj
[29/1713] Building C object CMakeFiles/mbedtls_v3.6.0.dir/open_source/mbedtls/mbedtls_v3.6.0/library/ecp.c.obj
[30/1713] Building C object CMakeFiles/mbedtls_v3.6.0.dir/open_source/mbedtls/mbedtls_v3.6.0/library/ecp_curves.c.obj
[31/1713] Building C object CMakeFiles/mbedtls_v3.6.0.dir/open_source/mbedtls/mbedtls_v3.6.0/library/ecp_curves_new.c.obj
[32/1713] Building C object CMakeFiles/mbedtls_v3.6.0.dir/open_source/mbedtls/mbedtls_v3.6.0/library/entropy.c.obj
[33/1713] Building C object CMakeFiles/mbedtls_v3.6.0.dir/open_source/mbedtls/mbedtls_v3.6.0/library/error.c.obj
[34/1713] Building C object CMakeFiles/mbedtls_v3.6.0.dir/open_source/mbedtls/mbedtls_v3.6.0/library/gcm.c.obj
[35/1713] Building C object CMakeFiles/mbedtls_v3.6.0.dir/open_source/mbedtls/mbedtls_v3.6.0/library/hkdf.c.obj
[36/1713] Building C object CMakeFiles/mbedtls_v3.6.0.dir/open_source/mbedtls/mbedtls_v3.6.0/library/hmac_drbg.c.obj
[37/1713] Building C object CMakeFiles/mbedtls_v3.6.0.dir/open_source/mbedtls/mbedtls_v3.6.0/library/hw_aescrypt2.c.obj
[38/1713] Building C object CMakeFiles/mbedtls_v3.6.0.dir/open_source/mbedtls/mbedtls_v3.6.0/library/hw_mbedtls_config.c.obj
[39/1713] Building C object CMakeFiles/mbedtls_v3.6.0.dir/open_source/mbedtls/mbedtls_v3.6.0/library/hw_polarssl_api.c.obj
[40/1713] Building C object CMakeFiles/mbedtls_v3.6.0.dir/open_source/mbedtls/mbedtls_v3.6.0/library/lmots.c.obj
[41/1713] Building C object CMakeFiles/mbedtls_v3.6.0.dir/open_source/mbedtls/mbedtls_v3.6.0/library/lms.c.obj
[42/1713] Building C object CMakeFiles/mbedtls_v3.6.0.dir/open_source/mbedtls/mbedtls_v3.6.0/library/md2.c.obj
[43/1713] Building C object CMakeFiles/mbedtls_v3.6.0.dir/open_source/mbedtls/mbedtls_v3.6.0/library/md4.c.obj
[44/1713] Building C object CMakeFiles/mbedtls_v3.6.0.dir/open_source/mbedtls/mbedtls_v3.6.0/library/md5.c.obj
[45/1713] Building C object CMakeFiles/mbedtls_v3.6.0.dir/open_source/mbedtls/mbedtls_v3.6.0/library/md.c.obj
[46/1713] Building C object CMakeFiles/mbedtls_v3.6.0.dir/open_source/mbedtls/mbedtls_v3.6.0/library/memory_buffer_alloc.c.obj
[47/1713] Building C object CMakeFiles/mbedtls_v3.6.0.dir/open_source/mbedtls/mbedtls_v3.6.0/library/mps_reader.c.obj
[48/1713] Building C object CMakeFiles/mbedtls_v3.6.0.dir/open_source/mbedtls/mbedtls_v3.6.0/library/mps_trace.c.obj
[49/1713] Building C object CMakeFiles/mbedtls_v3.6.0.dir/open_source/mbedtls/mbedtls_v3.6.0/library/net_sockets.c.obj
[50/1713] Building C object CMakeFiles/mbedtls_v3.6.0.dir/open_source/mbedtls/mbedtls_v3.6.0/library/nist_kw.c.obj
[51/1713] Building C object CMakeFiles/mbedtls_v3.6.0.dir/open_source/mbedtls/mbedtls_v3.6.0/library/oid.c.obj
[52/1713] Building C object CMakeFiles/mbedtls_v3.6.0.dir/open_source/mbedtls/mbedtls_v3.6.0/library/padlock.c.obj
[53/1713] Building C object CMakeFiles/mbedtls_v3.6.0.dir/open_source/mbedtls/mbedtls_v3.6.0/library/pem.c.obj
[54/1713] Building C object CMakeFiles/mbedtls_v3.6.0.dir/open_source/mbedtls/mbedtls_v3.6.0/library/pk.c.obj
[55/1713] Building C object CMakeFiles/mbedtls_v3.6.0.dir/open_source/mbedtls/mbedtls_v3.6.0/library/pkcs12.c.obj
[56/1713] Building C object CMakeFiles/mbedtls_v3.6.0.dir/open_source/mbedtls/mbedtls_v3.6.0/library/pkcs5.c.obj
[57/1713] Building C object CMakeFiles/mbedtls_v3.6.0.dir/open_source/mbedtls/mbedtls_v3.6.0/library/pkcs7.c.obj
[58/1713] Building C object CMakeFiles/mbedtls_v3.6.0.dir/open_source/mbedtls/mbedtls_v3.6.0/library/pk_ecc.c.obj
[59/1713] Building C object CMakeFiles/mbedtls_v3.6.0.dir/open_source/mbedtls/mbedtls_v3.6.0/library/pkparse.c.obj
[60/1713] Building C object CMakeFiles/mbedtls_v3.6.0.dir/open_source/mbedtls/mbedtls_v3.6.0/library/pk_wrap.c.obj
[61/1713] Building C object CMakeFiles/mbedtls_v3.6.0.dir/open_source/mbedtls/mbedtls_v3.6.0/library/pkwrite.c.obj
[62/1713] Building C object CMakeFiles/mbedtls_v3.6.0.dir/open_source/mbedtls/mbedtls_v3.6.0/library/platform.c.obj
[63/1713] Building C object CMakeFiles/mbedtls_v3.6.0.dir/open_source/mbedtls/mbedtls_v3.6.0/library/platform_util.c.obj
[64/1713] Building C object CMakeFiles/mbedtls_v3.6.0.dir/open_source/mbedtls/mbedtls_v3.6.0/library/poly1305.c.obj
[65/1713] Building C object CMakeFiles/mbedtls_v3.6.0.dir/open_source/mbedtls/mbedtls_v3.6.0/library/ripemd160.c.obj
[66/1713] Building C object CMakeFiles/mbedtls_v3.6.0.dir/open_source/mbedtls/mbedtls_v3.6.0/library/rsa_alt_helpers.c.obj
[67/1713] Building C object CMakeFiles/mbedtls_v3.6.0.dir/open_source/mbedtls/mbedtls_v3.6.0/library/rsa.c.obj
[68/1713] Building C object CMakeFiles/mbedtls_v3.6.0.dir/open_source/mbedtls/mbedtls_v3.6.0/library/sha1.c.obj
[69/1713] Building C object CMakeFiles/mbedtls_v3.6.0.dir/open_source/mbedtls/mbedtls_v3.6.0/library/sha256.c.obj
[70/1713] Building C object CMakeFiles/mbedtls_v3.6.0.dir/open_source/mbedtls/mbedtls_v3.6.0/library/sha3.c.obj
[71/1713] Building C object CMakeFiles/mbedtls_v3.6.0.dir/open_source/mbedtls/mbedtls_v3.6.0/library/sha512.c.obj
[72/1713] Building C object CMakeFiles/mbedtls_v3.6.0.dir/open_source/mbedtls/mbedtls_v3.6.0/library/ssl_cache.c.obj
[73/1713] Building C object CMakeFiles/mbedtls_v3.6.0.dir/open_source/mbedtls/mbedtls_v3.6.0/library/ssl_ciphersuites.c.obj
[74/1713] Building C object CMakeFiles/mbedtls_v3.6.0.dir/open_source/mbedtls/mbedtls_v3.6.0/library/ssl_client.c.obj
[75/1713] Building C object CMakeFiles/mbedtls_v3.6.0.dir/open_source/mbedtls/mbedtls_v3.6.0/library/ssl_cookie.c.obj
[76/1713] Building C object CMakeFiles/mbedtls_v3.6.0.dir/open_source/mbedtls/mbedtls_v3.6.0/library/ssl_debug_helpers_generated.c.obj
[77/1713] Building C object CMakeFiles/mbedtls_v3.6.0.dir/open_source/mbedtls/mbedtls_v3.6.0/library/ssl_msg.c.obj
[78/1713] Building C object CMakeFiles/mbedtls_v3.6.0.dir/open_source/mbedtls/mbedtls_v3.6.0/library/ssl_ticket.c.obj
[79/1713] Building C object CMakeFiles/mbedtls_v3.6.0.dir/open_source/mbedtls/mbedtls_v3.6.0/library/ssl_tls12_client.c.obj
[80/1713] Building C object CMakeFiles/mbedtls_v3.6.0.dir/open_source/mbedtls/mbedtls_v3.6.0/library/ssl_tls12_server.c.obj
[81/1713] Building C object CMakeFiles/mbedtls_v3.6.0.dir/open_source/mbedtls/mbedtls_v3.6.0/library/ssl_tls13_client.c.obj
[82/1713] Building C object CMakeFiles/mbedtls_v3.6.0.dir/open_source/mbedtls/mbedtls_v3.6.0/library/ssl_tls13_generic.c.obj
[83/1713] Building C object CMakeFiles/mbedtls_v3.6.0.dir/open_source/mbedtls/mbedtls_v3.6.0/library/ssl_tls13_keys.c.obj
[84/1713] Building C object CMakeFiles/mbedtls_v3.6.0.dir/open_source/mbedtls/mbedtls_v3.6.0/library/ssl_tls13_server.c.obj
[85/1713] Building C object CMakeFiles/mbedtls_v3.6.0.dir/open_source/mbedtls/mbedtls_v3.6.0/library/ssl_tls.c.obj
[86/1713] Building C object CMakeFiles/mbedtls_v3.6.0.dir/open_source/mbedtls/mbedtls_v3.6.0/library/threading.c.obj
[87/1713] Building C object CMakeFiles/mbedtls_v3.6.0.dir/open_source/mbedtls/mbedtls_v3.6.0/library/version.c.obj
[88/1713] Building C object CMakeFiles/mbedtls_v3.6.0.dir/open_source/mbedtls/mbedtls_v3.6.0/library/version_features.c.obj
[89/1713] Building C object CMakeFiles/mbedtls_v3.6.0.dir/open_source/mbedtls/mbedtls_v3.6.0/library/x509.c.obj
[90/1713] Building C object CMakeFiles/mbedtls_v3.6.0.dir/open_source/mbedtls/mbedtls_v3.6.0/library/x509_create.c.obj
[91/1713] Building C object CMakeFiles/mbedtls_v3.6.0.dir/open_source/mbedtls/mbedtls_v3.6.0/library/x509_crl.c.obj
[92/1713] Building C object CMakeFiles/mbedtls_v3.6.0.dir/open_source/mbedtls/mbedtls_v3.6.0/library/x509_crt.c.obj
[93/1713] Building C object CMakeFiles/mbedtls_v3.6.0.dir/open_source/mbedtls/mbedtls_v3.6.0/library/x509_csr.c.obj
[94/1713] Building C object CMakeFiles/mbedtls_v3.6.0.dir/open_source/mbedtls/mbedtls_v3.6.0/library/x509write.c.obj
[95/1713] Building C object CMakeFiles/mbedtls_v3.6.0.dir/open_source/mbedtls/mbedtls_v3.6.0/library/x509write_crt.c.obj
[96/1713] Building C object CMakeFiles/mbedtls_v3.6.0.dir/open_source/mbedtls/mbedtls_v3.6.0/library/x509write_csr.c.obj
[97/1713] Building C object CMakeFiles/coap.dir/open_source/libcoap/libcoap/src/coap_block.c.obj
[98/1713] Building C object CMakeFiles/coap.dir/open_source/libcoap/libcoap/src/coap_hashkey.c.obj
[99/1713] Building C object CMakeFiles/coap.dir/open_source/libcoap/libcoap/src/coap_io_lwip.c.obj
[100/1713] Building C object CMakeFiles/coap.dir/open_source/libcoap/libcoap/src/coap_session.c.obj
[101/1713] Building C object CMakeFiles/coap.dir/open_source/libcoap/libcoap/src/coap_encode.c.obj
[102/1713] Building C object CMakeFiles/coap.dir/open_source/libcoap/libcoap/src/coap_option.c.obj
[103/1713] Building C object CMakeFiles/coap.dir/open_source/libcoap/libcoap/src/coap_pdu.c.obj
[104/1713] Building C object CMakeFiles/coap.dir/open_source/libcoap/libcoap/src/coap_resource.c.obj
[105/1713] Building C object CMakeFiles/coap.dir/open_source/libcoap/libcoap/src/coap_str.c.obj
[106/1713] Building C object CMakeFiles/coap.dir/open_source/libcoap/libcoap/src/coap_subscribe.c.obj
[107/1713] Building C object CMakeFiles/coap.dir/open_source/libcoap/libcoap/src/coap_uri.c.obj
[108/1713] Building C object CMakeFiles/coap.dir/open_source/libcoap/libcoap/src/coap_debug.c.obj
[109/1713] Building C object CMakeFiles/coap.dir/open_source/libcoap/libcoap/src/coap_io.c.obj
[110/1713] Building C object CMakeFiles/coap.dir/open_source/libcoap/libcoap/src/coap_address.c.obj
[111/1713] Building C object CMakeFiles/coap.dir/open_source/libcoap/libcoap/src/coap_cache.c.obj
[112/1713] Building C object CMakeFiles/coap.dir/open_source/libcoap/libcoap/src/coap_netif.c.obj
[113/1713] Building C object CMakeFiles/coap.dir/open_source/libcoap/libcoap/src/coap_dtls.c.obj
[114/1713] Building C object CMakeFiles/coap.dir/open_source/libcoap/libcoap/src/coap_tcp.c.obj
[115/1713] Building C object CMakeFiles/coap.dir/open_source/libcoap/libcoap/src/coap_ws.c.obj
[116/1713] Building C object CMakeFiles/coap.dir/open_source/libcoap/libcoap/src/coap_layers.c.obj
[117/1713] Building C object CMakeFiles/coap.dir/open_source/libcoap/libcoap/src/coap_async.c.obj
[118/1713] Building C object CMakeFiles/coap.dir/open_source/libcoap/libcoap/src/coap_notls.c.obj
[119/1713] Building C object CMakeFiles/wpa_supplicant.dir/open_source/wpa_supplicant/wpa_supplicant/bss.c.obj
[120/1713] Building C object CMakeFiles/wpa_supplicant.dir/open_source/wpa_supplicant/wpa_supplicant/config.c.obj
[121/1713] Building C object CMakeFiles/coap.dir/open_source/libcoap/libcoap/src/coap_net.c.obj
../../../../open_source/libcoap/libcoap/src/coap_net.c: In function 'coap_send_internal':
../../../../open_source/libcoap/libcoap/src/coap_net.c:1512:7: warning: jump skips variable initialization [-Wjump-misses-init]
goto error;
^~~~
../../../../open_source/libcoap/libcoap/src/coap_net.c:1617:1: note: label 'error' defined here
error:
^~~~~
../../../../open_source/libcoap/libcoap/src/coap_net.c:1605:17: note: 'node' declared here
coap_queue_t *node = coap_new_node();
^~~~
../../../../open_source/libcoap/libcoap/src/coap_net.c:1525:5: warning: jump skips variable initialization [-Wjump-misses-init]
goto error;
^~~~
../../../../open_source/libcoap/libcoap/src/coap_net.c:1617:1: note: label 'error' defined here
error:
^~~~~
../../../../open_source/libcoap/libcoap/src/coap_net.c:1605:17: note: 'node' declared here
coap_queue_t *node = coap_new_node();
^~~~
../../../../open_source/libcoap/libcoap/src/coap_net.c:1582:5: warning:
jump skips variable initialization [-Wjump-misses-init]
goto error;
^~~~
../../../../open_source/libcoap/libcoap/src/coap_net.c:1617:1: note: label 'error' defined here
error:
^~~~~
../../../../open_source/libcoap/libcoap/src/coap_net.c:1605:17: note: 'node' declared here
coap_queue_t *node = coap_new_node();
^~~~
[122/1713] Building C object CMakeFiles/wpa_supplicant.dir/open_source/wpa_supplicant/wpa_supplicant/ctrl_iface.c.obj
[123/1713] Building C object CMakeFiles/wpa_supplicant.dir/open_source/wpa_supplicant/wpa_supplicant/eap_register.c.obj
[124/1713] Building C object CMakeFiles/wpa_supplicant.dir/open_source/wpa_supplicant/wpa_supplicant/events.c.obj
[125/1713] Building C object CMakeFiles/wpa_supplicant.dir/open_source/wpa_supplicant/wpa_supplicant/scan.c.obj
[126/1713] Building C object CMakeFiles/wpa_supplicant.dir/open_source/wpa_supplicant/wpa_supplicant/wpa_supplicant.c.obj
[127/1713] Building C object CMakeFiles/wpa_supplicant.dir/open_source/wpa_supplicant/wpa_supplicant/wpas_glue.c.obj
[128/1713] Building C object CMakeFiles/wpa_supplicant.dir/open_source/wpa_supplicant/wpa_supplicant/ap.c.obj
[129/1713] Building C object CMakeFiles/wpa_supplicant.dir/middleware/services/wifi_service/hostapd/liteos_hostapd_src/hostapd_main_rtos.c.obj
[130/1713] Building C object CMakeFiles/wpa_supplicant.dir/middleware/services/wifi_service/hostapd/liteos_hostapd_src/hostapd_ctrl_iface_rtos.c.obj
[131/1713] Building C object CMakeFiles/wpa_supplicant.dir/open_source/wpa_supplicant/liteos_wpa_src/crypto_mbedtls.c.obj
[132/1713] Building C object CMakeFiles/wpa_supplicant.dir/open_source/wpa_supplicant/liteos_wpa_src/ctrl_iface_rtos.c.obj
[133/1713] Building C object CMakeFiles/wpa_supplicant.dir/open_source/wpa_supplicant/liteos_wpa_src/eloop_rtos.c.obj
[134/1713] Building C object CMakeFiles/wpa_supplicant.dir/open_source/wpa_supplicant/liteos_wpa_src/l2_packet_rtos.c.obj
[135/1713] Building C object CMakeFiles/wpa_supplicant.dir/open_source/wpa_supplicant/liteos_wpa_src/main_rtos.c.obj
[136/1713] Building C object CMakeFiles/wpa_supplicant.dir/open_source/wpa_supplicant/liteos_wpa_src/os_rtos.c.obj
[137/1713] Building C object CMakeFiles/wpa_supplicant.dir/open_source/wpa_supplicant/liteos_wpa_src/wpa_cli_rtos.c.obj
[138/1713] Building C object CMakeFiles/wpa_supplicant.dir/middleware/services/wifi_service/wpa/liteos_wpa_api/wifi_api.c.obj
[139/1713] Building C object CMakeFiles/wpa_supplicant.dir/middleware/services/wifi_service/wpa/liteos_wpa_api/wifi_softap_api.c.obj
[140/1713] Building C object CMakeFiles/wpa_supplicant.dir/open_source/wpa_supplicant/src/common/ieee802_11_common.c.obj
[141/1713] Building C object CMakeFiles/wpa_supplicant.dir/open_source/wpa_supplicant/src/common/wpa_common.c.obj
[142/1713] Building C object CMakeFiles/wpa_supplicant.dir/open_source/wpa_supplicant/src/common/hw_features_common.c.obj
[143/1713] Building C object CMakeFiles/wpa_supplicant.dir/open_source/wpa_supplicant/src/crypto/aes-internal.c.obj
[144/1713] Building C object CMakeFiles/wpa_supplicant.dir/open_source/wpa_supplicant/src/crypto/aes-unwrap.c.obj
[145/1713] Building C object CMakeFiles/wpa_supplicant.dir/open_source/wpa_supplicant/src/crypto/aes-wrap.c.obj
[146/1713] Building C object CMakeFiles/wpa_supplicant.dir/open_source/wpa_supplicant/src/crypto/aes-omac1.c.obj
[147/1713] Building C object CMakeFiles/wpa_supplicant.dir/open_source/wpa_supplicant/src/crypto/crypto_internal-modexp.c.obj
[148/1713] Building C object CMakeFiles/wpa_supplicant.dir/open_source/wpa_supplicant/src/crypto/dh_groups.c.obj
[149/1713] Building C object CMakeFiles/wpa_supplicant.dir/open_source/wpa_supplicant/src/crypto/md5.c.obj
[150/1713] Building C object CMakeFiles/wpa_supplicant.dir/open_source/wpa_supplicant/src/crypto/random.c.obj
[151/1713] Building C object CMakeFiles/wpa_supplicant.dir/open_source/wpa_supplicant/src/crypto/rc4.c.obj
[152/1713] Building C object CMakeFiles/wpa_supplicant.dir/open_source/wpa_supplicant/src/crypto/sha1-prf.c.obj
[153/1713] Building C object CMakeFiles/wpa_supplicant.dir/open_source/wpa_supplicant/src/crypto/sha256-prf.c.obj
[154/1713] Building C object CMakeFiles/wpa_supplicant.dir/open_source/wpa_supplicant/src/drivers/drivers.c.obj
[155/1713] Building C object CMakeFiles/wpa_supplicant.dir/open_source/wpa_supplicant/src/drivers/driver_common.c.obj
[156/1713] Building C object CMakeFiles/wpa_supplicant.dir/open_source/wpa_supplicant/src/eapol_supp/eapol_supp_sm.c.obj
[157/1713] Building C object CMakeFiles/wpa_supplicant.dir/open_source/wpa_supplicant/src/eap_peer/eap.c.obj
[158/1713] Building C object CMakeFiles/wpa_supplicant.dir/open_source/wpa_supplicant/src/eap_peer/eap_methods.c.obj
[159/1713] Building C object CMakeFiles/wpa_supplicant.dir/open_source/wpa_supplicant/src/eap_common/eap_common.c.obj
[160/1713] Building C object CMakeFiles/wpa_supplicant.dir/open_source/wpa_supplicant/src/eapol_auth/eapol_auth_sm.c.obj
[161/1713] Building C object CMakeFiles/wpa_supplicant.dir/open_source/wpa_supplicant/src/eap_server/eap_server.c.obj
[162/1713] Building C object CMakeFiles/wpa_supplicant.dir/open_source/wpa_supplicant/src/eap_server/eap_server_identity.c.obj
[163/1713] Building C object CMakeFiles/wpa_supplicant.dir/open_source/wpa_supplicant/src/eap_server/eap_server_methods.c.obj
[164/1713] Building C object CMakeFiles/wpa_supplicant.dir/open_source/wpa_supplicant/src/rsn_supp/wpa.c.obj
[165/1713] Building C object CMakeFiles/wpa_supplicant.dir/open_source/wpa_supplicant/src/rsn_supp/wpa_ie.c.obj
[166/1713] Building C object CMakeFiles/wpa_supplicant.dir/open_source/wpa_supplicant/src/utils/base64.c.obj
[167/1713] Building C object CMakeFiles/wpa_supplicant.dir/open_source/wpa_supplicant/src/utils/common.c.obj
[168/1713] Building C object CMakeFiles/wpa_supplicant.dir/open_source/wpa_supplicant/src/utils/uuid.c.obj
[169/1713] Building C object CMakeFiles/wpa_supplicant.dir/open_source/wpa_supplicant/src/utils/wpa_debug.c.obj
[170/1713] Building C object CMakeFiles/wpa_supplicant.dir/open_source/wpa_supplicant/src/utils/wpabuf.c.obj
[171/1713] Building C object CMakeFiles/wpa_supplicant.dir/open_source/wpa_supplicant/src/tls/bignum.c.obj
[172/1713] Building C object CMakeFiles/wpa_supplicant.dir/open_source/wpa_supplicant/src/ap/hostapd.c.obj
[173/1713] Building C object CMakeFiles/wpa_supplicant.dir/open_source/wpa_supplicant/src/ap/bss_load.c.obj
[174/1713] Building C object CMakeFiles/wpa_supplicant.dir/open_source/wpa_supplicant/src/ap/wpa_auth_glue.c.obj
[175/1713] Building C object CMakeFiles/wpa_supplicant.dir/open_source/wpa_supplicant/src/ap/utils.c.obj
[176/1713] Building C object CMakeFiles/wpa_supplicant.dir/open_source/wpa_supplicant/src/ap/ap_config.c.obj
[177/1713] Building C object CMakeFiles/wpa_supplicant.dir/open_source/wpa_supplicant/src/ap/sta_info.c.obj
[178/1713] Building C object CMakeFiles/wpa_supplicant.dir/open_source/wpa_supplicant/src/ap/ap_mlme.c.obj
[179/1713] Building C object CMakeFiles/wpa_supplicant.dir/open_source/wpa_supplicant/src/ap/drv_callbacks.c.obj
[180/1713] Building C object CMakeFiles/wpa_supplicant.dir/open_source/wpa_supplicant/src/ap/ap_drv_ops.c.obj
[181/1713] Building C object CMakeFiles/wpa_supplicant.dir/open_source/wpa_supplicant/src/ap/ieee802_11_ht.c.obj
[182/1713] Building C object CMakeFiles/wpa_supplicant.dir/open_source/wpa_supplicant/src/ap/ieee802_11.c.obj
[183/1713] Building C object CMakeFiles/wpa_supplicant.dir/open_source/wpa_supplicant/src/ap/hw_features.c.obj
[184/1713] Building C object CMakeFiles/wpa_supplicant.dir/open_source/wpa_supplicant/src/ap/wpa_auth.c.obj
[185/1713] Building C object CMakeFiles/wpa_supplicant.dir/open_source/wpa_supplicant/src/ap/wpa_auth_ie.c.obj
[186/1713] Building C object CMakeFiles/wpa_supplicant.dir/open_source/wpa_supplicant/src/ap/ieee802_1x.c.obj
[187/1713] Building C object CMakeFiles/wpa_supplicant.dir/open_source/wpa_supplicant/src/ap/ieee802_11_he.c.obj
[188/1713] Building C object CMakeFiles/wpa_supplicant.dir/open_source/wpa_supplicant/src/ap/eap_user_db.c.obj
[189/1713] Building C object CMakeFiles/wpa_supplicant.dir/open_source/wpa_supplicant/src/ap/beacon.c.obj
[190/1713] Building C object CMakeFiles/wpa_supplicant.dir/open_source/wpa_supplicant/src/ap/acs.c.obj
[191/1713] Building C object CMakeFiles/wpa_supplicant.dir/open_source/wpa_supplicant/src/ap/pmksa_cache_auth.c.obj
[192/1713] Building C object CMakeFiles/wpa_supplicant.dir/open_source/wpa_supplicant/wpa_supplicant/sme.c.obj
[193/1713] Building C object CMakeFiles/wpa_supplicant.dir/open_source/wpa_supplicant/src/common/sae.c.obj
[194/1713] Building C object CMakeFiles/wpa_supplicant.dir/open_source/wpa_supplicant/src/common/dragonfly.c.obj
[195/1713] Building C object CMakeFiles/wpa_supplicant.dir/open_source/wpa_supplicant/src/rsn_supp/pmksa_cache.c.obj
[196/1713] Building C object CMakeFiles/wpa_supplicant.dir/middleware/services/wifi_service/wpa/ltos_src/eloop_ltos.c.obj
[197/1713] Building C object CMakeFiles/wpa_supplicant.dir/middleware/services/wifi_service/wpa/osdep/osdep_osal.c.obj
[198/1713] Building C object CMakeFiles/wpa_supplicant.dir/middleware/services/wifi_service/wpa/driver_soc/driver_soc.c.obj
[199/1713] Building C object CMakeFiles/wpa_supplicant.dir/middleware/services/wifi_service/wpa/driver_soc/driver_soc_ioctl.c.obj
[200/1713] Building C object CMakeFiles/wpa_supplicant.dir/open_source/wpa_supplicant/src/ap/ieee802_11_shared.c.obj
[201/1713] Building C object CMakeFiles/wpa_supplicant.dir/open_source/wpa_supplicant/src/crypto/sha256-kdf.c.obj
[202/1713] Building C object CMakeFiles/wpa_supplicant.dir/open_source/wpa_supplicant/src/utils/crc32.c.obj
[203/1713] Building C object CMakeFiles/wpa_supplicant.dir/open_source/wpa_supplicant/src/crypto/sha384-prf.c.obj
[204/1713] Building C object CMakeFiles/wpa_supplicant.dir/open_source/wpa_supplicant/src/crypto/sha384-kdf.c.obj
[205/1713] Building C object CMakeFiles/wpa_supplicant.dir/open_source/wpa_supplicant/src/crypto/sha512-kdf.c.obj
[206/1713] Building C object CMakeFiles/wpa_supplicant.dir/open_source/wpa_supplicant/src/crypto/sha512-prf.c.obj
[207/1713] Building C object CMakeFiles/wpa_supplicant.dir/open_source/wpa_supplicant/wpa_supplicant/notify.c.obj
[208/1713] Building C object CMakeFiles/wpa_supplicant.dir/middleware/services/wifi_service/wpa/scan_list_adapt/scan_list_adapt.c.obj
[209/1713] Building C object application/ws63/ws63_liteos_application/CMakeFiles/ws63_liteos_app.dir/main.c.obj
[210/1713] Building ASM object application/ws63/ws63_liteos_application/CMakeFiles/ws63_liteos_app.dir/reset_vector.S.obj
[211/1713] Building C object application/ws63/ws63_liteos_application/CMakeFiles/ws63_liteos_app.dir/clock_init.c.obj
[212/1713] Building C object kernel/non_os/non_os/CMakeFiles/non_os.dir/non_os_utils.c.obj
[213/1713] Building C object kernel/non_os/non_os/CMakeFiles/non_os.dir/non_os_nmi.c.obj
[214/1713] Building C object kernel/liteos/liteos_v208.5.0/Huawei_LiteOS/targets/CMakeFiles/targets.dir/ws63/board.c.obj
[215/1713] Building C object kernel/liteos/liteos_v208.5.0/Huawei_LiteOS/targets/CMakeFiles/targets.dir/ws63/los_info.c.obj
[216/1713] Building C object kernel/liteos/liteos_v208.5.0/Huawei_LiteOS/targets/CMakeFiles/targets.dir/ws63/los_iperf.c.obj
[217/1713] Building C object kernel/liteos/liteos_v208.5.0/Huawei_LiteOS/targets/CMakeFiles/targets.dir/ws63/uart.c.obj
[218/1713] Building C object kernel/liteos/liteos_v208.5.0/Huawei_LiteOS/kernel/base/CMakeFiles/base.dir/debug/los_task_debug.c.obj
[219/1713] Building C object kernel/liteos/liteos_v208.5.0/Huawei_LiteOS/kernel/base/CMakeFiles/base.dir/los_bitmap.c.obj
[220/1713] Building C object kernel/liteos/liteos_v208.5.0/Huawei_LiteOS/kernel/base/CMakeFiles/base.dir/los_err.c.obj
[221/1713] Building C object kernel/liteos/liteos_v208.5.0/Huawei_LiteOS/kernel/base/CMakeFiles/base.dir/los_event.c.obj
[222/1713] Building C object kernel/liteos/liteos_v208.5.0/Huawei_LiteOS/kernel/base/CMakeFiles/base.dir/los_exc.c.obj
[223/1713] Building C object kernel/liteos/liteos_v208.5.0/Huawei_LiteOS/kernel/base/CMakeFiles/base.dir/los_hwi.c.obj
[224/1713] Building C object kernel/liteos/liteos_v208.5.0/Huawei_LiteOS/kernel/base/CMakeFiles/base.dir/los_misc.c.obj
[225/1713] Building C object kernel/liteos/liteos_v208.5.0/Huawei_LiteOS/kernel/base/CMakeFiles/base.dir/los_mp.c.obj
[226/1713] Building C object kernel/liteos/liteos_v208.5.0/Huawei_LiteOS/kernel/base/CMakeFiles/base.dir/los_mux.c.obj
[227/1713] Building C object kernel/liteos/liteos_v208.5.0/Huawei_LiteOS/kernel/base/CMakeFiles/base.dir/los_percpu.c.obj
[228/1713] Building C object kernel/liteos/liteos_v208.5.0/Huawei_LiteOS/kernel/base/CMakeFiles/base.dir/los_printf.c.obj
[229/1713] Building C object kernel/liteos/liteos_v208.5.0/Huawei_LiteOS/kernel/base/CMakeFiles/base.dir/los_queue.c.obj
[230/1713] Building C object kernel/liteos/liteos_v208.5.0/Huawei_LiteOS/kernel/base/CMakeFiles/base.dir/los_resource.c.obj
[231/1713] Building C object kernel/liteos/liteos_v208.5.0/Huawei_LiteOS/kernel/base/CMakeFiles/base.dir/los_ringbuf.c.obj
[232/1713] Building C object kernel/liteos/liteos_v208.5.0/Huawei_LiteOS/kernel/base/CMakeFiles/base.dir/los_sem.c.obj
[233/1713] Building C object kernel/liteos/liteos_v208.5.0/Huawei_LiteOS/kernel/base/CMakeFiles/base.dir/los_sortlink.c.obj
[234/1713] Building C object kernel/liteos/liteos_v208.5.0/Huawei_LiteOS/kernel/base/CMakeFiles/base.dir/los_stackinfo.c.obj
[235/1713] Building C object kernel/liteos/liteos_v208.5.0/Huawei_LiteOS/kernel/base/CMakeFiles/base.dir/los_swtmr.c.obj
[236/1713] Building C object kernel/liteos/liteos_v208.5.0/Huawei_LiteOS/kernel/base/CMakeFiles/base.dir/los_task.c.obj
[237/1713] Building C object kernel/liteos/liteos_v208.5.0/Huawei_LiteOS/kernel/base/CMakeFiles/base.dir/los_tick.c.obj
[238/1713] Building C object kernel/liteos/liteos_v208.5.0/Huawei_LiteOS/kernel/base/CMakeFiles/base.dir/mem/bestfit/los_memory.c.obj
[239/1713] Building C object kernel/liteos/liteos_v208.5.0/Huawei_LiteOS/kernel/base/CMakeFiles/base.dir/mem/bestfit/los_multipledlinkhead.c.obj
[240/1713] Building C object kernel/liteos/liteos_v208.5.0/Huawei_LiteOS/kernel/base/CMakeFiles/base.dir/mem/common/memstat/los_memstat.c.obj
[241/1713] Building C object kernel/liteos/liteos_v208.5.0/Huawei_LiteOS/kernel/base/CMakeFiles/base.dir/mem/slab/los_slab.c.obj
[242/1713] Building C object kernel/liteos/liteos_v208.5.0/Huawei_LiteOS/kernel/base/CMakeFiles/base.dir/mem/slab/los_slabmem.c.obj
[243/1713] Building C object kernel/liteos/liteos_v208.5.0/Huawei_LiteOS/kernel/base/CMakeFiles/base.dir/sched/sched_sq/los_priqueue.c.obj
[244/1713] Building C object kernel/liteos/liteos_v208.5.0/Huawei_LiteOS/kernel/base/CMakeFiles/base.dir/sched/sched_sq/los_sched.c.obj
[245/1713] Building C object kernel/liteos/liteos_v208.5.0/Huawei_LiteOS/kernel/extended/cpup/CMakeFiles/cpup.dir/cpup_shellcmd.c.obj
[246/1713] Building C object kernel/liteos/liteos_v208.5.0/Huawei_LiteOS/kernel/extended/cpup/CMakeFiles/cpup.dir/los_cpup.c.obj
[247/1713] Building C object kernel/liteos/liteos_v208.5.0/Huawei_LiteOS/kernel/init/CMakeFiles/init.dir/los_init.c.obj
[248/1713] Building C object kernel/liteos/liteos_v208.5.0/Huawei_LiteOS/lib/libc/CMakeFiles/c.dir/__/__/open_source/musl/src/complex/cabs.c.obj
[249/1713] Building C object kernel/liteos/liteos_v208.5.0/Huawei_LiteOS/lib/libc/CMakeFiles/c.dir/__/__/open_source/musl/src/ctype/__ctype_get_mb_cur_max.c.obj
[250/1713] Building C object kernel/liteos/liteos_v208.5.0/Huawei_LiteOS/lib/libc/CMakeFiles/c.dir/__/__/open_source/musl/src/ctype/isalnum.c.obj
[251/1713] Building C object kernel/liteos/liteos_v208.5.0/Huawei_LiteOS/lib/libc/CMakeFiles/c.dir/__/__/open_source/musl/src/ctype/isalpha.c.obj
[252/1713] Building C object kernel/liteos/liteos_v208.5.0/Huawei_LiteOS/lib/libc/CMakeFiles/c.dir/__/__/open_source/musl/src/ctype/isascii.c.obj
[253/1713] Building C object kernel/liteos/liteos_v208.5.0/Huawei_LiteOS/lib/libc/CMakeFiles/c.dir/__/__/open_source/musl/src/ctype/isblank.c.obj
[254/1713] Building C object kernel/liteos/liteos_v208.5.0/Huawei_LiteOS/lib/libc/CMakeFiles/c.dir/__/__/open_source/musl/src/ctype/iscntrl.c.obj
[255/1713] Building C object kernel/liteos/liteos_v208.5.0/Huawei_LiteOS/lib/libc/CMakeFiles/c.dir/__/__/open_source/musl/src/ctype/isdigit.c.obj
[256/1713] Building C object kernel/liteos/liteos_v208.5.0/Huawei_LiteOS/lib/libc/CMakeFiles/c.dir/__/__/open_source/musl/src/ctype/isgraph.c.obj
[257/1713] Building C object kernel/liteos/liteos_v208.5.0/Huawei_LiteOS/lib/libc/CMakeFiles/c.dir/__/__/open_source/musl/src/ctype/islower.c.obj
[258/1713] Building C object kernel/liteos/liteos_v208.5.0/Huawei_LiteOS/lib/libc/CMakeFiles/c.dir/__/__/open_source/musl/src/ctype/isprint.c.obj
[259/1713] Building C object kernel/liteos/liteos_v208.5.0/Huawei_LiteOS/lib/libc/CMakeFiles/c.dir/__/__/open_source/musl/src/ctype/ispunct.c.obj
[260/1713] Building C object kernel/liteos/liteos_v208.5.0/Huawei_LiteOS/lib/libc/CMakeFiles/c.dir/__/__/open_source/musl/src/ctype/isspace.c.obj
[261/1713] Building C object kernel/liteos/liteos_v208.5.0/Huawei_LiteOS/lib/libc/CMakeFiles/c.dir/__/__/open_source/musl/src/ctype/isupper.c.obj
[262/1713] Building C object kernel/liteos/liteos_v208.5.0/Huawei_LiteOS/lib/libc/CMakeFiles/c.dir/__/__/open_source/musl/src/ctype/iswalnum.c.obj
[263/1713] Building C object kernel/liteos/liteos_v208.5.0/Huawei_LiteOS/lib/libc/CMakeFiles/c.dir/__/__/open_source/musl/src/ctype/iswalpha.c.obj
[264/1713] Building C object application/samples/CMakeFiles/samples.dir/bt/sle/sle_identity_client/src/sle_identity_client.c.obj
[265/1713] Building C object kernel/liteos/liteos_v208.5.0/Huawei_LiteOS/lib/libc/CMakeFiles/c.dir/__/__/open_source/musl/src/ctype/iswblank.c.obj
[266/1713] Building C object kernel/liteos/liteos_v208.5.0/Huawei_LiteOS/lib/libc/CMakeFiles/c.dir/__/__/open_source/musl/src/ctype/iswcntrl.c.obj
[267/1713] Building C object kernel/liteos/liteos_v208.5.0/Huawei_LiteOS/lib/libc/CMakeFiles/c.dir/__/__/open_source/musl/src/ctype/iswctype.c.obj
[268/1713] Building C object kernel/liteos/liteos_v208.5.0/Huawei_LiteOS/lib/libc/CMakeFiles/c.dir/__/__/open_source/musl/src/ctype/iswdigit.c.obj
[269/1713] Building C object kernel/liteos/liteos_v208.5.0/Huawei_LiteOS/lib/libc/CMakeFiles/c.dir/__/__/open_source/musl/src/ctype/iswgraph.c.obj
[270/1713] Building C object kernel/liteos/liteos_v208.5.0/Huawei_LiteOS/lib/libc/CMakeFiles/c.dir/__/__/open_source/musl/src/ctype/iswlower.c.obj
[271/1713] Building C object kernel/liteos/liteos_v208.5.0/Huawei_LiteOS/lib/libc/CMakeFiles/c.dir/__/__/open_source/musl/src/ctype/iswprint.c.obj
[272/1713] Building C object kernel/liteos/liteos_v208.5.0/Huawei_LiteOS/lib/libc/CMakeFiles/c.dir/__/__/open_source/musl/src/ctype/iswpunct.c.obj
[273/1713] Building C object kernel/liteos/liteos_v208.5.0/Huawei_LiteOS/lib/libc/CMakeFiles/c.dir/__/__/open_source/musl/src/ctype/iswspace.c.obj
[274/1713] Building C object kernel/liteos/liteos_v208.5.0/Huawei_LiteOS/lib/libc/CMakeFiles/c.dir/__/__/open_source/musl/src/ctype/iswupper.c.obj
[275/1713] Building C object kernel/liteos/liteos_v208.5.0/Huawei_LiteOS/lib/libc/CMakeFiles/c.dir/__/__/open_source/musl/src/ctype/iswxdigit.c.obj
[276/1713] Building C object kernel/liteos/liteos_v208.5.0/Huawei_LiteOS/lib/libc/CMakeFiles/c.dir/__/__/open_source/musl/src/ctype/isxdigit.c.obj
[277/1713] Building C object kernel/liteos/liteos_v208.5.0/Huawei_LiteOS/lib/libc/CMakeFiles/c.dir/__/__/open_source/musl/src/ctype/toascii.c.obj
[278/1713] Building C object kernel/liteos/liteos_v208.5.0/Huawei_LiteOS/lib/libc/CMakeFiles/c.dir/__/__/open_source/musl/src/ctype/tolower.c.obj
[279/1713] Building C object kernel/liteos/liteos_v208.5.0/Huawei_LiteOS/lib/libc/CMakeFiles/c.dir/__/__/open_source/musl/src/ctype/toupper.c.obj
[280/1713] Building C object kernel/liteos/liteos_v208.5.0/Huawei_LiteOS/lib/libc/CMakeFiles/c.dir/__/__/open_source/musl/src/ctype/towctrans.c.obj
[281/1713] Building C object kernel/liteos/liteos_v208.5.0/Huawei_LiteOS/lib/libc/CMakeFiles/c.dir/__/__/open_source/musl/src/errno/strerror.c.obj
[282/1713] Building C object kernel/liteos/liteos_v208.5.0/Huawei_LiteOS/lib/libc/CMakeFiles/c.dir/__/__/open_source/musl/src/fcntl/creat.c.obj
[283/1713] Building C object kernel/liteos/liteos_v208.5.0/Huawei_LiteOS/lib/libc/CMakeFiles/c.dir/__/__/open_source/musl/src/internal/floatscan.c.obj
[284/1713] Building C object kernel/liteos/liteos_v208.5.0/Huawei_LiteOS/lib/libc/CMakeFiles/c.dir/__/__/open_source/musl/src/internal/intscan.c.obj
[285/1713] Building C object kernel/liteos/liteos_v208.5.0/Huawei_LiteOS/lib/libc/CMakeFiles/c.dir/__/__/open_source/musl/src/internal/shgetc.c.obj
[286/1713] Building C object kernel/liteos/liteos_v208.5.0/Huawei_LiteOS/lib/libc/CMakeFiles/c.dir/__/__/open_source/musl/src/internal/syscall_ret.c.obj
[287/1713] Building C object kernel/liteos/liteos_v208.5.0/Huawei_LiteOS/lib/libc/CMakeFiles/c.dir/__/__/open_source/musl/src/legacy/getpagesize.c.obj
[288/1713] Building C object kernel/liteos/liteos_v208.5.0/Huawei_LiteOS/lib/libc/CMakeFiles/c.dir/__/__/open_source/musl/src/locale/__lctrans.c.obj
[289/1713] Building C object kernel/liteos/liteos_v208.5.0/Huawei_LiteOS/lib/libc/CMakeFiles/c.dir/__/__/open_source/musl/src/locale/c_locale.c.obj
[290/1713] Building C object kernel/liteos/liteos_v208.5.0/Huawei_LiteOS/lib/libc/CMakeFiles/c.dir/__/__/open_source/musl/src/locale/langinfo.c.obj
[291/1713] Building C object kernel/liteos/liteos_v208.5.0/Huawei_LiteOS/lib/libc/CMakeFiles/c.dir/__/__/open_source/musl/src/locale/strcoll.c.obj
[292/1713] Building C object kernel/liteos/liteos_v208.5.0/Huawei_LiteOS/lib/libc/CMakeFiles/c.dir/__/__/open_source/musl/src/locale/strtod_l.c.obj
[293/1713] Building C object kernel/liteos/liteos_v208.5.0/Huawei_LiteOS/lib/libc/CMakeFiles/c.dir/__/__/open_source/musl/src/locale/strxfrm.c.obj
[294/1713] Building C object kernel/liteos/liteos_v208.5.0/Huawei_LiteOS/lib/libc/CMakeFiles/c.dir/__/__/open_source/musl/src/locale/wcscoll.c.obj
[295/1713] Building C object kernel/liteos/liteos_v208.5.0/Huawei_LiteOS/lib/libc/CMakeFiles/c.dir/__/__/open_source/musl/src/locale/wcsxfrm.c.obj
[296/1713] Building C object kernel/liteos/liteos_v208.5.0/Huawei_LiteOS/lib/libc/CMakeFiles/c.dir/__/__/open_source/musl/src/multibyte/btowc.c.obj
[297/1713] Building C object kernel/liteos/liteos_v208.5.0/Huawei_LiteOS/lib/libc/CMakeFiles/c.dir/__/__/open_source/musl/src/multibyte/c32rtomb.c.obj
[298/1713] Building C object kernel/liteos/liteos_v208.5.0/Huawei_LiteOS/lib/libc/CMakeFiles/c.dir/__/__/open_source/musl/src/multibyte/internal.c.obj
[299/1713] Building C object kernel/liteos/liteos_v208.5.0/Huawei_LiteOS/lib/libc/CMakeFiles/c.dir/__/__/open_source/musl/src/multibyte/mblen.c.obj
[300/1713] Building C object kernel/liteos/liteos_v208.5.0/Huawei_LiteOS/lib/libc/CMakeFiles/c.dir/__/__/open_source/musl/src/multibyte/mbrlen.c.obj
[301/1713] Building C object kernel/liteos/liteos_v208.5.0/Huawei_LiteOS/lib/libc/CMakeFiles/c.dir/__/__/open_source/musl/src/multibyte/mbrtoc32.c.obj
[302/1713] Building C object kernel/liteos/liteos_v208.5.0/Huawei_LiteOS/lib/libc/CMakeFiles/c.dir/__/__/open_source/musl/src/multibyte/mbrtowc.c.obj
[303/1713] Building C object kernel/liteos/liteos_v208.5.0/Huawei_LiteOS/lib/libc/CMakeFiles/c.dir/__/__/open_source/musl/src/multibyte/mbsinit.c.obj
[304/1713] Building C object kernel/liteos/liteos_v208.5.0/Huawei_LiteOS/lib/libc/CMakeFiles/c.dir/__/__/open_source/musl/src/multibyte/mbsnrtowcs.c.obj
[305/1713] Building C object kernel/liteos/liteos_v208.5.0/Huawei_LiteOS/lib/libc/CMakeFiles/c.dir/__/__/open_source/musl/src/multibyte/mbsrtowcs.c.obj
[306/1713] Building C object kernel/liteos/liteos_v208.5.0/Huawei_LiteOS/lib/libc/CMakeFiles/c.dir/__/__/open_source/musl/src/multibyte/mbstowcs.c.obj
[307/1713] Building C object kernel/liteos/liteos_v208.5.0/Huawei_LiteOS/lib/libc/CMakeFiles/c.dir/__/__/open_source/musl/src/multibyte/mbtowc.c.obj
[308/1713] Building C object kernel/liteos/liteos_v208.5.0/Huawei_LiteOS/lib/libc/CMakeFiles/c.dir/__/__/open_source/musl/src/multibyte/wcrtomb.c.obj
[309/1713] Building C object kernel/liteos/liteos_v208.5.0/Huawei_LiteOS/lib/libc/CMakeFiles/c.dir/__/__/open_source/musl/src/multibyte/wcsnrtombs.c.obj
[310/1713] Building C object kernel/liteos/liteos_v208.5.0/Huawei_LiteOS/lib/libc/CMakeFiles/c.dir/__/__/open_source/musl/src/multibyte/wcsrtombs.c.obj
[311/1713] Building C object kernel/liteos/liteos_v208.5.0/Huawei_LiteOS/lib/libc/CMakeFiles/c.dir/__/__/open_source/musl/src/multibyte/wctob.c.obj
[312/1713] Building C object kernel/liteos/liteos_v208.5.0/Huawei_LiteOS/lib/libc/CMakeFiles/c.dir/__/__/open_source/musl/src/multibyte/wctomb.c.obj
[313/1713] Building C object kernel/liteos/liteos_v208.5.0/Huawei_LiteOS/lib/libc/CMakeFiles/c.dir/__/__/open_source/musl/src/network/dn_comp.c.obj
[314/1713] Building C object kernel/liteos/liteos_v208.5.0/Huawei_LiteOS/lib/libc/CMakeFiles/c.dir/__/__/open_source/musl/src/prng/rand.c.obj
[315/1713] Building C object kernel/liteos/liteos_v208.5.0/Huawei_LiteOS/lib/libc/CMakeFiles/c.dir/__/__/open_source/musl/src/signal/sigrtmax.c.obj
[316/1713] Building C object kernel/liteos/liteos_v208.5.0/Huawei_LiteOS/lib/libc/CMakeFiles/c.dir/__/__/open_source/musl/src/signal/sigrtmin.c.obj
[317/1713] Building C object kernel/liteos/liteos_v208.5.0/Huawei_LiteOS/lib/libc/CMakeFiles/c.dir/__/__/open_source/musl/src/stdio/__toread.c.obj
[318/1713] Building C object kernel/liteos/liteos_v208.5.0/Huawei_LiteOS/lib/libc/CMakeFiles/c.dir/__/__/open_source/musl/src/stdio/__towrite.c.obj
[319/1713] Building C object kernel/liteos/liteos_v208.5.0/Huawei_LiteOS/lib/libc/CMakeFiles/c.dir/__/__/open_source/musl/src/stdio/__uflow.c.obj
[320/1713] Building C object kernel/liteos/liteos_v208.5.0/Huawei_LiteOS/lib/libc/CMakeFiles/c.dir/__/__/open_source/musl/src/stdio/asprintf.c.obj
[321/1713] Building C object kernel/liteos/liteos_v208.5.0/Huawei_LiteOS/lib/libc/CMakeFiles/c.dir/__/__/open_source/musl/src/stdio/fwrite.c.obj
[322/1713] Building C object kernel/liteos/liteos_v208.5.0/Huawei_LiteOS/lib/libc/CMakeFiles/c.dir/__/__/open_source/musl/src/stdio/printf.c.obj
[323/1713] Building C object kernel/liteos/liteos_v208.5.0/Huawei_LiteOS/lib/libc/CMakeFiles/c.dir/__/__/open_source/musl/src/stdio/snprintf.c.obj
[324/1713] Building C object kernel/liteos/liteos_v208.5.0/Huawei_LiteOS/lib/libc/CMakeFiles/c.dir/__/__/open_source/musl/src/stdio/sprintf.c.obj
[325/1713] Building C object kernel/liteos/liteos_v208.5.0/Huawei_LiteOS/lib/libc/CMakeFiles/c.dir/__/__/open_source/musl/src/stdio/sscanf.c.obj
[326/1713] Building C object kernel/liteos/liteos_v208.5.0/Huawei_LiteOS/lib/libc/CMakeFiles/c.dir/__/__/open_source/musl/src/stdio/vasprintf.c.obj
[327/1713] Building C object kernel/liteos/liteos_v208.5.0/Huawei_LiteOS/lib/libc/CMakeFiles/c.dir/__/__/open_source/musl/src/stdio/vfprintf.c.obj
[328/1713] Building C object kernel/liteos/liteos_v208.5.0/Huawei_LiteOS/lib/libc/CMakeFiles/c.dir/__/__/open_source/musl/src/stdio/vfscanf.c.obj
[329/1713] Building C object kernel/liteos/liteos_v208.5.0/Huawei_LiteOS/lib/libc/CMakeFiles/c.dir/__/__/open_source/musl/src/stdio/vsnprintf.c.obj
[330/1713] Building C object kernel/liteos/liteos_v208.5.0/Huawei_LiteOS/lib/libc/CMakeFiles/c.dir/__/__/open_source/musl/src/stdio/vsprintf.c.obj
[331/1713] Building C object kernel/liteos/liteos_v208.5.0/Huawei_LiteOS/lib/libc/CMakeFiles/c.dir/__/__/open_source/musl/src/stdio/vsscanf.c.obj
[332/1713] Building C object kernel/liteos/liteos_v208.5.0/Huawei_LiteOS/lib/libc/CMakeFiles/c.dir/__/__/open_source/musl/src/stdlib/abs.c.obj
[333/1713] Building C object kernel/liteos/liteos_v208.5.0/Huawei_LiteOS/lib/libc/CMakeFiles/c.dir/__/__/open_source/musl/src/stdlib/atof.c.obj
[334/1713] Building C object kernel/liteos/liteos_v208.5.0/Huawei_LiteOS/lib/libc/CMakeFiles/c.dir/__/__/open_source/musl/src/stdlib/atoi.c.obj
[335/1713] Building C object kernel/liteos/liteos_v208.5.0/Huawei_LiteOS/lib/libc/CMakeFiles/c.dir/__/__/open_source/musl/src/stdlib/atol.c.obj
[336/1713] Building C object kernel/liteos/liteos_v208.5.0/Huawei_LiteOS/lib/libc/CMakeFiles/c.dir/__/__/open_source/musl/src/stdlib/atoll.c.obj
[337/1713] Building C object kernel/liteos/liteos_v208.5.0/Huawei_LiteOS/lib/libc/CMakeFiles/c.dir/__/__/open_source/musl/src/stdlib/bsearch.c.obj
[338/1713] Building C object kernel/liteos/liteos_v208.5.0/Huawei_LiteOS/lib/libc/CMakeFiles/c.dir/__/__/open_source/musl/src/stdlib/labs.c.obj
[339/1713] Building C object kernel/liteos/liteos_v208.5.0/Huawei_LiteOS/lib/libc/CMakeFiles/c.dir/__/__/open_source/musl/src/stdlib/llabs.c.obj
[340/1713] Building C object kernel/liteos/liteos_v208.5.0/Huawei_LiteOS/lib/libc/CMakeFiles/c.dir/__/__/open_source/musl/src/stdlib/qsort.c.obj
[341/1713] Building C object kernel/liteos/liteos_v208.5.0/Huawei_LiteOS/lib/libc/CMakeFiles/c.dir/__/__/open_source/musl/src/stdlib/qsort_nr.c.obj
[342/1713] Building C object kernel/liteos/liteos_v208.5.0/Huawei_LiteOS/lib/libc/CMakeFiles/c.dir/__/__/open_source/musl/src/stdlib/strtod.c.obj
[343/1713] Building C object kernel/liteos/liteos_v208.5.0/Huawei_LiteOS/lib/libc/CMakeFiles/c.dir/__/__/open_source/musl/src/stdlib/strtol.c.obj
[344/1713] Building C object kernel/liteos/liteos_v208.5.0/Huawei_LiteOS/lib/libc/CMakeFiles/c.dir/__/__/open_source/musl/src/stdlib/wcstol.c.obj
[345/1713] Building C object kernel/liteos/liteos_v208.5.0/Huawei_LiteOS/lib/libc/CMakeFiles/c.dir/__/__/open_source/musl/src/string/bcmp.c.obj
[346/1713] Building C object kernel/liteos/liteos_v208.5.0/Huawei_LiteOS/lib/libc/CMakeFiles/c.dir/__/__/open_source/musl/src/string/bcopy.c.obj
[347/1713] Building C object kernel/liteos/liteos_v208.5.0/Huawei_LiteOS/lib/libc/CMakeFiles/c.dir/__/__/open_source/musl/src/string/bzero.c.obj
[348/1713] Building C object kernel/liteos/liteos_v208.5.0/Huawei_LiteOS/lib/libc/CMakeFiles/c.dir/__/__/open_source/musl/src/string/memchr.c.obj
[349/1713] Building C object kernel/liteos/liteos_v208.5.0/Huawei_LiteOS/lib/libc/CMakeFiles/c.dir/__/__/open_source/musl/src/string/memcmp.c.obj
[350/1713] Building C object kernel/liteos/liteos_v208.5.0/Huawei_LiteOS/lib/libc/CMakeFiles/c.dir/__/__/open_source/musl/src/string/memmove.c.obj
[351/1713] Building C object kernel/liteos/liteos_v208.5.0/Huawei_LiteOS/lib/libc/CMakeFiles/c.dir/__/__/open_source/musl/src/string/memrchr.c.obj
[352/1713] Building C object kernel/liteos/liteos_v208.5.0/Huawei_LiteOS/lib/libc/CMakeFiles/c.dir/__/__/open_source/musl/src/string/stpcpy.c.obj
[353/1713] Building C object kernel/liteos/liteos_v208.5.0/Huawei_LiteOS/lib/libc/CMakeFiles/c.dir/__/__/open_source/musl/src/string/stpncpy.c.obj
[354/1713] Building C object kernel/liteos/liteos_v208.5.0/Huawei_LiteOS/lib/libc/CMakeFiles/c.dir/__/__/open_source/musl/src/string/strcasecmp.c.obj
[355/1713] Building C object kernel/liteos/liteos_v208.5.0/Huawei_LiteOS/lib/libc/CMakeFiles/c.dir/__/__/open_source/musl/src/string/strcasestr.c.obj
[356/1713] Building C object kernel/liteos/liteos_v208.5.0/Huawei_LiteOS/lib/libc/CMakeFiles/c.dir/__/__/open_source/musl/src/string/strcat.c.obj
[357/1713] Building C object kernel/liteos/liteos_v208.5.0/Huawei_LiteOS/lib/libc/CMakeFiles/c.dir/__/__/open_source/musl/src/string/strchr.c.obj
[358/1713] Building C object kernel/liteos/liteos_v208.5.0/Huawei_LiteOS/lib/libc/CMakeFiles/c.dir/__/__/open_source/musl/src/string/strchrnul.c.obj
[359/1713] Building C object kernel/liteos/liteos_v208.5.0/Huawei_LiteOS/lib/libc/CMakeFiles/c.dir/__/__/open_source/musl/src/string/strcpy.c.obj
[360/1713] Building C object kernel/liteos/liteos_v208.5.0/Huawei_LiteOS/lib/libc/CMakeFiles/c.dir/__/__/open_source/musl/src/string/strcspn.c.obj
[361/1713] Building C object kernel/liteos/liteos_v208.5.0/Huawei_LiteOS/lib/libc/CMakeFiles/c.dir/__/__/open_source/musl/src/string/strdup.c.obj
[362/1713] Building C object kernel/liteos/liteos_v208.5.0/Huawei_LiteOS/lib/libc/CMakeFiles/c.dir/__/__/open_source/musl/src/string/strerror_r.c.obj
[363/1713] Building C object kernel/liteos/liteos_v208.5.0/Huawei_LiteOS/lib/libc/CMakeFiles/c.dir/__/__/open_source/musl/src/string/strlcpy.c.obj
[364/1713] Building C object kernel/liteos/liteos_v208.5.0/Huawei_LiteOS/lib/libc/CMakeFiles/c.dir/__/__/open_source/musl/src/string/strlen.c.obj
[365/1713] Building C object kernel/liteos/liteos_v208.5.0/Huawei_LiteOS/lib/libc/CMakeFiles/c.dir/__/__/open_source/musl/src/string/strncasecmp.c.obj
[366/1713] Building C object kernel/liteos/liteos_v208.5.0/Huawei_LiteOS/lib/libc/CMakeFiles/c.dir/__/__/open_source/musl/src/string/strncat.c.obj
[367/1713] Building C object kernel/liteos/liteos_v208.5.0/Huawei_LiteOS/lib/libc/CMakeFiles/c.dir/__/__/open_source/musl/src/string/strncmp.c.obj
[368/1713] Building C object kernel/liteos/liteos_v208.5.0/Huawei_LiteOS/lib/libc/CMakeFiles/c.dir/__/__/open_source/musl/src/string/strncpy.c.obj
[369/1713] Building C object kernel/liteos/liteos_v208.5.0/Huawei_LiteOS/lib/libc/CMakeFiles/c.dir/__/__/open_source/musl/src/string/strnlen.c.obj
[370/1713] Building C object kernel/liteos/liteos_v208.5.0/Huawei_LiteOS/lib/libc/CMakeFiles/c.dir/__/__/open_source/musl/src/string/strpbrk.c.obj
[371/1713] Building C object kernel/liteos/liteos_v208.5.0/Huawei_LiteOS/lib/libc/CMakeFiles/c.dir/__/__/open_source/musl/src/string/strrchr.c.obj
[372/1713] Building C object kernel/liteos/liteos_v208.5.0/Huawei_LiteOS/lib/libc/CMakeFiles/c.dir/__/__/open_source/musl/src/string/strsep.c.obj
[373/1713] Building C object kernel/liteos/liteos_v208.5.0/Huawei_LiteOS/lib/libc/CMakeFiles/c.dir/__/__/open_source/musl/src/string/strspn.c.obj
[374/1713] Building C object kernel/liteos/liteos_v208.5.0/Huawei_LiteOS/lib/libc/CMakeFiles/c.dir/__/__/open_source/musl/src/string/strstr.c.obj
[375/1713] Building C object kernel/liteos/liteos_v208.5.0/Huawei_LiteOS/lib/libc/CMakeFiles/c.dir/__/__/open_source/musl/src/string/strtok.c.obj
[376/1713] Building C object kernel/liteos/liteos_v208.5.0/Huawei_LiteOS/lib/libc/CMakeFiles/c.dir/__/__/open_source/musl/src/string/strtok_r.c.obj
[377/1713] Building C object kernel/liteos/liteos_v208.5.0/Huawei_LiteOS/lib/libc/CMakeFiles/c.dir/__/__/open_source/musl/src/string/wcschr.c.obj
[378/1713] Building C object kernel/liteos/liteos_v208.5.0/Huawei_LiteOS/lib/libc/CMakeFiles/c.dir/__/__/open_source/musl/src/string/wcscmp.c.obj
[379/1713] Building C object kernel/liteos/liteos_v208.5.0/Huawei_LiteOS/lib/libc/CMakeFiles/c.dir/__/__/open_source/musl/src/string/wcslen.c.obj
[380/1713] Building C object kernel/liteos/liteos_v208.5.0/Huawei_LiteOS/lib/libc/CMakeFiles/c.dir/__/__/open_source/musl/src/string/wcsncmp.c.obj
[381/1713] Building C object kernel/liteos/liteos_v208.5.0/Huawei_LiteOS/lib/libc/CMakeFiles/c.dir/__/__/open_source/musl/src/string/wcsncpy.c.obj
[382/1713] Building C object kernel/liteos/liteos_v208.5.0/Huawei_LiteOS/lib/libc/CMakeFiles/c.dir/__/__/open_source/musl/src/string/wcsnlen.c.obj
[383/1713] Building C object kernel/liteos/liteos_v208.5.0/Huawei_LiteOS/lib/libc/CMakeFiles/c.dir/__/__/open_source/musl/src/string/wcsstr.c.obj
[384/1713] Building C object kernel/liteos/liteos_v208.5.0/Huawei_LiteOS/lib/libc/CMakeFiles/c.dir/__/__/open_source/musl/src/string/wmemchr.c.obj
[385/1713] Building C object kernel/liteos/liteos_v208.5.0/Huawei_LiteOS/lib/libc/CMakeFiles/c.dir/__/__/open_source/musl/src/string/wmemcmp.c.obj
[386/1713] Building C object kernel/liteos/liteos_v208.5.0/Huawei_LiteOS/lib/libc/CMakeFiles/c.dir/__/__/open_source/musl/src/string/wmemcpy.c.obj
[387/1713] Building C object kernel/liteos/liteos_v208.5.0/Huawei_LiteOS/lib/libc/CMakeFiles/c.dir/__/__/open_source/musl/src/string/wmemmove.c.obj
[388/1713] Building C object kernel/liteos/liteos_v208.5.0/Huawei_LiteOS/lib/libc/CMakeFiles/c.dir/__/__/open_source/musl/src/string/wmemset.c.obj
[389/1713] Building C object kernel/liteos/liteos_v208.5.0/Huawei_LiteOS/lib/libc/CMakeFiles/c.dir/__/__/open_source/musl/src/temp/__randname.c.obj
[390/1713] Building C object kernel/liteos/liteos_v208.5.0/Huawei_LiteOS/lib/libc/CMakeFiles/c.dir/__/__/open_source/musl/src/temp/mkostemps.c.obj
[391/1713] Building C object kernel/liteos/liteos_v208.5.0/Huawei_LiteOS/lib/libc/CMakeFiles/c.dir/__/__/open_source/musl/src/temp/mkstemp.c.obj
[392/1713] Building C object kernel/liteos/liteos_v208.5.0/Huawei_LiteOS/lib/libc/CMakeFiles/c.dir/__/__/open_source/musl/src/temp/mkstemps.c.obj
[393/1713] Building C object kernel/liteos/liteos_v208.5.0/Huawei_LiteOS/lib/libc/CMakeFiles/c.dir/__/__/open_source/musl/src/time/__month_to_secs.c.obj
[394/1713] Building C object kernel/liteos/liteos_v208.5.0/Huawei_LiteOS/lib/libc/CMakeFiles/c.dir/__/__/open_source/musl/src/time/__secs_to_tm.c.obj
[395/1713] Building C object kernel/liteos/liteos_v208.5.0/Huawei_LiteOS/lib/libc/CMakeFiles/c.dir/__/__/open_source/musl/src/time/__tm_to_secs.c.obj
[396/1713] Building C object kernel/liteos/liteos_v208.5.0/Huawei_LiteOS/lib/libc/CMakeFiles/c.dir/__/__/open_source/musl/src/time/__year_to_secs.c.obj
[397/1713] Building C object kernel/liteos/liteos_v208.5.0/Huawei_LiteOS/lib/libc/CMakeFiles/c.dir/__/__/open_source/musl/src/time/asctime.c.obj
[398/1713] Building C object kernel/liteos/liteos_v208.5.0/Huawei_LiteOS/lib/libc/CMakeFiles/c.dir/__/__/open_source/musl/src/time/asctime_r.c.obj
[399/1713] Building C object kernel/liteos/liteos_v208.5.0/Huawei_LiteOS/lib/libc/CMakeFiles/c.dir/__/__/open_source/musl/src/time/ctime.c.obj
[400/1713] Building C object kernel/liteos/liteos_v208.5.0/Huawei_LiteOS/lib/libc/CMakeFiles/c.dir/__/__/open_source/musl/src/time/ctime_r.c.obj
[401/1713] Building C object kernel/liteos/liteos_v208.5.0/Huawei_LiteOS/lib/libc/CMakeFiles/c.dir/__/__/open_source/musl/src/time/difftime.c.obj
[402/1713] Building C object kernel/liteos/liteos_v208.5.0/Huawei_LiteOS/lib/libc/CMakeFiles/c.dir/__/__/open_source/musl/src/time/gmtime.c.obj
[403/1713] Building C object kernel/liteos/liteos_v208.5.0/Huawei_LiteOS/lib/libc/CMakeFiles/c.dir/__/__/open_source/musl/src/time/gmtime_r.c.obj
[404/1713] Building C object kernel/liteos/liteos_v208.5.0/Huawei_LiteOS/lib/libc/CMakeFiles/c.dir/__/__/open_source/musl/src/time/localtime.c.obj
[405/1713] Building C object kernel/liteos/liteos_v208.5.0/Huawei_LiteOS/lib/libc/CMakeFiles/c.dir/__/__/open_source/musl/src/time/strftime.c.obj
[406/1713] Building C object kernel/liteos/liteos_v208.5.0/Huawei_LiteOS/lib/libc/CMakeFiles/c.dir/__/__/open_source/musl/src/time/strptime.c.obj
[407/1713] Building C object kernel/liteos/liteos_v208.5.0/Huawei_LiteOS/lib/libc/CMakeFiles/c.dir/__/__/open_source/musl/src/time/time.c.obj
[408/1713] Building C object kernel/liteos/liteos_v208.5.0/Huawei_LiteOS/lib/libc/CMakeFiles/c.dir/__/__/open_source/musl/src/time/wcsftime.c.obj
[409/1713] Building C object kernel/liteos/liteos_v208.5.0/Huawei_LiteOS/lib/libc/CMakeFiles/c.dir/__/__/open_source/musl/src/unistd/_exit.c.obj
[410/1713] Building C object kernel/liteos/liteos_v208.5.0/Huawei_LiteOS/lib/libc/CMakeFiles/c.dir/__/liteos_libc/errno/errno.c.obj
[411/1713] Building C object kernel/liteos/liteos_v208.5.0/Huawei_LiteOS/lib/libc/CMakeFiles/c.dir/__/liteos_libc/exit/abort.c.obj
[412/1713] Building C object kernel/liteos/liteos_v208.5.0/Huawei_LiteOS/lib/libc/CMakeFiles/c.dir/__/liteos_libc/exit/assert.c.obj
[413/1713] Building C object kernel/liteos/liteos_v208.5.0/Huawei_LiteOS/lib/libc/CMakeFiles/c.dir/__/liteos_libc/init/libc_init.c.obj
[414/1713] Building C object kernel/liteos/liteos_v208.5.0/Huawei_LiteOS/lib/libc/CMakeFiles/c.dir/__/liteos_libc/locale/setlocale.c.obj
[415/1713] Building C object kernel/liteos/liteos_v208.5.0/Huawei_LiteOS/lib/libc/CMakeFiles/c.dir/__/liteos_libc/lock/lock.c.obj
[416/1713] Building C object kernel/liteos/liteos_v208.5.0/Huawei_LiteOS/lib/libc/CMakeFiles/c.dir/__/liteos_libc/misc/getentropy.c.obj
[417/1713] Building C object kernel/liteos/liteos_v208.5.0/Huawei_LiteOS/lib/libc/CMakeFiles/c.dir/__/liteos_libc/signal/signal.c.obj
[418/1713] Building C object kernel/liteos/liteos_v208.5.0/Huawei_LiteOS/lib/libc/CMakeFiles/c.dir/__/liteos_libc/stdlib/cstdlib.c.obj
[419/1713] Building C object kernel/liteos/liteos_v208.5.0/Huawei_LiteOS/lib/libc/CMakeFiles/c.dir/__/liteos_libc/stdlib/memalign.c.obj
[420/1713] Building C object kernel/liteos/liteos_v208.5.0/Huawei_LiteOS/lib/libc/CMakeFiles/c.dir/__/liteos_libc/stdlib/posix_memalign.c.obj
[421/1713] Building C object kernel/liteos/liteos_v208.5.0/Huawei_LiteOS/lib/libc/CMakeFiles/c.dir/__/liteos_libc/stdlib/zalloc.c.obj
[422/1713] Building C object kernel/liteos/liteos_v208.5.0/Huawei_LiteOS/lib/libc/CMakeFiles/c.dir/__/liteos_libc/string/strnchr.c.obj
[423/1713] Building C object kernel/liteos/liteos_v208.5.0/Huawei_LiteOS/lib/libc/CMakeFiles/c.dir/__/liteos_libc/string/strnstr.c.obj
[424/1713] Building C object kernel/liteos/liteos_v208.5.0/Huawei_LiteOS/lib/libc/CMakeFiles/c.dir/__/liteos_libc/time/clock_gettime.c.obj
[425/1713] Building C object kernel/liteos/liteos_v208.5.0/Huawei_LiteOS/lib/libc/CMakeFiles/c.dir/__/liteos_libc/time/localtime_r.c.obj
[426/1713] Building C object kernel/liteos/liteos_v208.5.0/Huawei_LiteOS/lib/libc/CMakeFiles/c.dir/__/liteos_libc/time/mktime.c.obj
[427/1713] Building C object kernel/liteos/liteos_v208.5.0/Huawei_LiteOS/lib/libc/CMakeFiles/c.dir/__/liteos_libc/time/time.c.obj
[428/1713] Building C object kernel/liteos/liteos_v208.5.0/Huawei_LiteOS/lib/libc/CMakeFiles/c.dir/__/liteos_libc/time/time64.c.obj
[429/1713] Building C object kernel/liteos/liteos_v208.5.0/Huawei_LiteOS/lib/libc/CMakeFiles/c.dir/__/liteos_libc/tzdst/tzdst.c.obj
[430/1713] Building C object kernel/liteos/liteos_v208.5.0/Huawei_LiteOS/lib/libm/CMakeFiles/m.dir/__/__/open_source/musl/src/math/__cos.c.obj
[431/1713] Building C object kernel/liteos/liteos_v208.5.0/Huawei_LiteOS/lib/libm/CMakeFiles/m.dir/__/__/open_source/musl/src/math/__cosdf.c.obj
[432/1713] Building C object kernel/liteos/liteos_v208.5.0/Huawei_LiteOS/lib/libm/CMakeFiles/m.dir/__/__/open_source/musl/src/math/__cosl.c.obj
[433/1713] Building C object kernel/liteos/liteos_v208.5.0/Huawei_LiteOS/lib/libm/CMakeFiles/m.dir/__/__/open_source/musl/src/math/__expo2.c.obj
[434/1713] Building C object kernel/liteos/liteos_v208.5.0/Huawei_LiteOS/lib/libm/CMakeFiles/m.dir/__/__/open_source/musl/src/math/__expo2f.c.obj
[435/1713] Building C object kernel/liteos/liteos_v208.5.0/Huawei_LiteOS/lib/libm/CMakeFiles/m.dir/__/__/open_source/musl/src/math/__fpclassify.c.obj
[436/1713] Building C object kernel/liteos/liteos_v208.5.0/Huawei_LiteOS/lib/libm/CMakeFiles/m.dir/__/__/open_source/musl/src/math/__fpclassifyf.c.obj
[437/1713] Building C object kernel/liteos/liteos_v208.5.0/Huawei_LiteOS/lib/libm/CMakeFiles/m.dir/__/__/open_source/musl/src/math/__fpclassifyl.c.obj
[438/1713] Building C object kernel/liteos/liteos_v208.5.0/Huawei_LiteOS/lib/libm/CMakeFiles/m.dir/__/__/open_source/musl/src/math/__invtrigl.c.obj
[439/1713] Building C object kernel/liteos/liteos_v208.5.0/Huawei_LiteOS/lib/libm/CMakeFiles/m.dir/__/__/open_source/musl/src/math/__math_divzero.c.obj
[440/1713] Building C object kernel/liteos/liteos_v208.5.0/Huawei_LiteOS/lib/libm/CMakeFiles/m.dir/__/__/open_source/musl/src/math/__math_divzerof.c.obj
[441/1713] Building C object kernel/liteos/liteos_v208.5.0/Huawei_LiteOS/lib/libm/CMakeFiles/m.dir/__/__/open_source/musl/src/math/__math_invalid.c.obj
[442/1713] Building C object kernel/liteos/liteos_v208.5.0/Huawei_LiteOS/lib/libm/CMakeFiles/m.dir/__/__/open_source/musl/src/math/__math_invalidf.c.obj
[443/1713] Building C object kernel/liteos/liteos_v208.5.0/Huawei_LiteOS/lib/libm/CMakeFiles/m.dir/__/__/open_source/musl/src/math/__math_invalidl.c.obj
[444/1713] Building C object kernel/liteos/liteos_v208.5.0/Huawei_LiteOS/lib/libm/CMakeFiles/m.dir/__/__/open_source/musl/src/math/__math_oflow.c.obj
[445/1713] Building C object kernel/liteos/liteos_v208.5.0/Huawei_LiteOS/lib/libm/CMakeFiles/m.dir/__/__/open_source/musl/src/math/__math_oflowf.c.obj
[446/1713] Building C object kernel/liteos/liteos_v208.5.0/Huawei_LiteOS/lib/libm/CMakeFiles/m.dir/__/__/open_source/musl/src/math/__math_uflow.c.obj
[447/1713] Building C object kernel/liteos/liteos_v208.5.0/Huawei_LiteOS/lib/libm/CMakeFiles/m.dir/__/__/open_source/musl/src/math/__math_uflowf.c.obj
[448/1713] Building C object kernel/liteos/liteos_v208.5.0/Huawei_LiteOS/lib/libm/CMakeFiles/m.dir/__/__/open_source/musl/src/math/__math_xflow.c.obj
[449/1713] Building C object kernel/liteos/liteos_v208.5.0/Huawei_LiteOS/lib/libm/CMakeFiles/m.dir/__/__/open_source/musl/src/math/__math_xflowf.c.obj
[450/1713] Building C object kernel/liteos/liteos_v208.5.0/Huawei_LiteOS/lib/libm/CMakeFiles/m.dir/__/__/open_source/musl/src/math/__polevll.c.obj
[451/1713] Building C object kernel/liteos/liteos_v208.5.0/Huawei_LiteOS/lib/libm/CMakeFiles/m.dir/__/__/open_source/musl/src/math/__rem_pio2.c.obj
[452/1713] Building C object kernel/liteos/liteos_v208.5.0/Huawei_LiteOS/lib/libm/CMakeFiles/m.dir/__/__/open_source/musl/src/math/__rem_pio2_large.c.obj
[453/1713] Building C object kernel/liteos/liteos_v208.5.0/Huawei_LiteOS/lib/libm/CMakeFiles/m.dir/__/__/open_source/musl/src/math/__rem_pio2f.c.obj
[454/1713] Building C object kernel/liteos/liteos_v208.5.0/Huawei_LiteOS/lib/libm/CMakeFiles/m.dir/__/__/open_source/musl/src/math/__rem_pio2l.c.obj
[455/1713] Building C object kernel/liteos/liteos_v208.5.0/Huawei_LiteOS/lib/libm/CMakeFiles/m.dir/__/__/open_source/musl/src/math/__signbit.c.obj
[456/1713] Building C object kernel/liteos/liteos_v208.5.0/Huawei_LiteOS/lib/libm/CMakeFiles/m.dir/__/__/open_source/musl/src/math/__signbitf.c.obj
[457/1713] Building C object kernel/liteos/liteos_v208.5.0/Huawei_LiteOS/lib/libm/CMakeFiles/m.dir/__/__/open_source/musl/src/math/__signbitl.c.obj
[458/1713] Building C object kernel/liteos/liteos_v208.5.0/Huawei_LiteOS/lib/libm/CMakeFiles/m.dir/__/__/open_source/musl/src/math/__sin.c.obj
[459/1713] Building C object kernel/liteos/liteos_v208.5.0/Huawei_LiteOS/lib/libm/CMakeFiles/m.dir/__/__/open_source/musl/src/math/__sindf.c.obj
[460/1713] Building C object kernel/liteos/liteos_v208.5.0/Huawei_LiteOS/lib/libm/CMakeFiles/m.dir/__/__/open_source/musl/src/math/__sinl.c.obj
[461/1713] Building C object kernel/liteos/liteos_v208.5.0/Huawei_LiteOS/lib/libm/CMakeFiles/m.dir/__/__/open_source/musl/src/math/__tan.c.obj
[462/1713] Building C object kernel/liteos/liteos_v208.5.0/Huawei_LiteOS/lib/libm/CMakeFiles/m.dir/__/__/open_source/musl/src/math/__tandf.c.obj
[463/1713] Building C object kernel/liteos/liteos_v208.5.0/Huawei_LiteOS/lib/libm/CMakeFiles/m.dir/__/__/open_source/musl/src/math/__tanl.c.obj
[464/1713] Building C object kernel/liteos/liteos_v208.5.0/Huawei_LiteOS/lib/libm/CMakeFiles/m.dir/__/__/open_source/musl/src/math/acos.c.obj
[465/1713] Building C object kernel/liteos/liteos_v208.5.0/Huawei_LiteOS/lib/libm/CMakeFiles/m.dir/__/__/open_source/musl/src/math/acosf.c.obj
[466/1713] Building C object kernel/liteos/liteos_v208.5.0/Huawei_LiteOS/lib/libm/CMakeFiles/m.dir/__/__/open_source/musl/src/math/acosh.c.obj
[467/1713] Building C object kernel/liteos/liteos_v208.5.0/Huawei_LiteOS/lib/libm/CMakeFiles/m.dir/__/__/open_source/musl/src/math/acoshf.c.obj
[468/1713] Building C object kernel/liteos/liteos_v208.5.0/Huawei_LiteOS/lib/libm/CMakeFiles/m.dir/__/__/open_source/musl/src/math/acoshl.c.obj
[469/1713] Building C object kernel/liteos/liteos_v208.5.0/Huawei_LiteOS/lib/libm/CMakeFiles/m.dir/__/__/open_source/musl/src/math/acosl.c.obj
[470/1713] Building C object kernel/liteos/liteos_v208.5.0/Huawei_LiteOS/lib/libm/CMakeFiles/m.dir/__/__/open_source/musl/src/math/asin.c.obj
[471/1713] Building C object kernel/liteos/liteos_v208.5.0/Huawei_LiteOS/lib/libm/CMakeFiles/m.dir/__/__/open_source/musl/src/math/asinf.c.obj
[472/1713] Building C object kernel/liteos/liteos_v208.5.0/Huawei_LiteOS/lib/libm/CMakeFiles/m.dir/__/__/open_source/musl/src/math/asinh.c.obj
[473/1713] Building C object kernel/liteos/liteos_v208.5.0/Huawei_LiteOS/lib/libm/CMakeFiles/m.dir/__/__/open_source/musl/src/math/asinhf.c.obj
[474/1713] Building C object kernel/liteos/liteos_v208.5.0/Huawei_LiteOS/lib/libm/CMakeFiles/m.dir/__/__/open_source/musl/src/math/asinhl.c.obj
[475/1713] Building C object kernel/liteos/liteos_v208.5.0/Huawei_LiteOS/lib/libm/CMakeFiles/m.dir/__/__/open_source/musl/src/math/asinl.c.obj
[476/1713] Building C object kernel/liteos/liteos_v208.5.0/Huawei_LiteOS/lib/libm/CMakeFiles/m.dir/__/__/open_source/musl/src/math/atan.c.obj
[477/1713] Building C object kernel/liteos/liteos_v208.5.0/Huawei_LiteOS/lib/libm/CMakeFiles/m.dir/__/__/open_source/musl/src/math/atan2.c.obj
[478/1713] Building C object kernel/liteos/liteos_v208.5.0/Huawei_LiteOS/lib/libm/CMakeFiles/m.dir/__/__/open_source/musl/src/math/atan2f.c.obj
[479/1713] Building C object kernel/liteos/liteos_v208.5.0/Huawei_LiteOS/lib/libm/CMakeFiles/m.dir/__/__/open_source/musl/src/math/atan2l.c.obj
[480/1713] Building C object kernel/liteos/liteos_v208.5.0/Huawei_LiteOS/lib/libm/CMakeFiles/m.dir/__/__/open_source/musl/src/math/atanf.c.obj
[481/1713] Building C object kernel/liteos/liteos_v208.5.0/Huawei_LiteOS/lib/libm/CMakeFiles/m.dir/__/__/open_source/musl/src/math/atanh.c.obj
[482/1713] Building C object kernel/liteos/liteos_v208.5.0/Huawei_LiteOS/lib/libm/CMakeFiles/m.dir/__/__/open_source/musl/src/math/atanhf.c.obj
[483/1713] Building C object kernel/liteos/liteos_v208.5.0/Huawei_LiteOS/lib/libm/CMakeFiles/m.dir/__/__/open_source/musl/src/math/atanhl.c.obj
[484/1713] Building C object kernel/liteos/liteos_v208.5.0/Huawei_LiteOS/lib/libm/CMakeFiles/m.dir/__/__/open_source/musl/src/math/atanl.c.obj
[485/1713] Building C object kernel/liteos/liteos_v208.5.0/Huawei_LiteOS/lib/libm/CMakeFiles/m.dir/__/__/open_source/musl/src/math/cbrt.c.obj
[486/1713] Building C object kernel/liteos/liteos_v208.5.0/Huawei_LiteOS/lib/libm/CMakeFiles/m.dir/__/__/open_source/musl/src/math/cbrtf.c.obj
[487/1713] Building C object kernel/liteos/liteos_v208.5.0/Huawei_LiteOS/lib/libm/CMakeFiles/m.dir/__/__/open_source/musl/src/math/cbrtl.c.obj
[488/1713] Building C object kernel/liteos/liteos_v208.5.0/Huawei_LiteOS/lib/libm/CMakeFiles/m.dir/__/__/open_source/musl/src/math/ceil.c.obj
[489/1713] Building C object kernel/liteos/liteos_v208.5.0/Huawei_LiteOS/lib/libm/CMakeFiles/m.dir/__/__/open_source/musl/src/math/ceilf.c.obj
[490/1713] Building C object kernel/liteos/liteos_v208.5.0/Huawei_LiteOS/lib/libm/CMakeFiles/m.dir/__/__/open_source/musl/src/math/ceill.c.obj
[491/1713] Building C object kernel/liteos/liteos_v208.5.0/Huawei_LiteOS/lib/libm/CMakeFiles/m.dir/__/__/open_source/musl/src/math/copysign.c.obj
[492/1713] Building C object kernel/liteos/liteos_v208.5.0/Huawei_LiteOS/lib/libm/CMakeFiles/m.dir/__/__/open_source/musl/src/math/copysignf.c.obj
[493/1713] Building C object kernel/liteos/liteos_v208.5.0/Huawei_LiteOS/lib/libm/CMakeFiles/m.dir/__/__/open_source/musl/src/math/copysignl.c.obj
[494/1713] Building C object kernel/liteos/liteos_v208.5.0/Huawei_LiteOS/lib/libm/CMakeFiles/m.dir/__/__/open_source/musl/src/math/cos.c.obj
[495/1713] Building C object kernel/liteos/liteos_v208.5.0/Huawei_LiteOS/lib/libm/CMakeFiles/m.dir/__/__/open_source/musl/src/math/cosf.c.obj
[496/1713] Building C object kernel/liteos/liteos_v208.5.0/Huawei_LiteOS/lib/libm/CMakeFiles/m.dir/__/__/open_source/musl/src/math/cosh.c.obj
[497/1713] Building C object kernel/liteos/liteos_v208.5.0/Huawei_LiteOS/lib/libm/CMakeFiles/m.dir/__/__/open_source/musl/src/math/coshf.c.obj
[498/1713] Building C object kernel/liteos/liteos_v208.5.0/Huawei_LiteOS/lib/libm/CMakeFiles/m.dir/__/__/open_source/musl/src/math/coshl.c.obj
[499/1713] Building C object kernel/liteos/liteos_v208.5.0/Huawei_LiteOS/lib/libm/CMakeFiles/m.dir/__/__/open_source/musl/src/math/cosl.c.obj
[500/1713] Building C object kernel/liteos/liteos_v208.5.0/Huawei_LiteOS/lib/libm/CMakeFiles/m.dir/__/__/open_source/musl/src/math/erf.c.obj
[501/1713] Building C object kernel/liteos/liteos_v208.5.0/Huawei_LiteOS/lib/libm/CMakeFiles/m.dir/__/__/open_source/musl/src/math/erff.c.obj
[502/1713] Building C object kernel/liteos/liteos_v208.5.0/Huawei_LiteOS/lib/libm/CMakeFiles/m.dir/__/__/open_source/musl/src/math/erfl.c.obj
[503/1713] Building C object kernel/liteos/liteos_v208.5.0/Huawei_LiteOS/lib/libm/CMakeFiles/m.dir/__/__/open_source/musl/src/math/exp.c.obj
[504/1713] Building C object kernel/liteos/liteos_v208.5.0/Huawei_LiteOS/lib/libm/CMakeFiles/m.dir/__/__/open_source/musl/src/math/exp10.c.obj
[505/1713] Building C object kernel/liteos/liteos_v208.5.0/Huawei_LiteOS/lib/libm/CMakeFiles/m.dir/__/__/open_source/musl/src/math/exp10f.c.obj
[506/1713] Building C object kernel/liteos/liteos_v208.5.0/Huawei_LiteOS/lib/libm/CMakeFiles/m.dir/__/__/open_source/musl/src/math/exp10l.c.obj
[507/1713] Building C object kernel/liteos/liteos_v208.5.0/Huawei_LiteOS/lib/libm/CMakeFiles/m.dir/__/__/open_source/musl/src/math/exp2.c.obj
[508/1713] Building C object kernel/liteos/liteos_v208.5.0/Huawei_LiteOS/lib/libm/CMakeFiles/m.dir/__/__/open_source/musl/src/math/exp2f.c.obj
[509/1713] Building C object kernel/liteos/liteos_v208.5.0/Huawei_LiteOS/lib/libm/CMakeFiles/m.dir/__/__/open_source/musl/src/math/exp2f_data.c.obj
[510/1713] Building C object kernel/liteos/liteos_v208.5.0/Huawei_LiteOS/lib/libm/CMakeFiles/m.dir/__/__/open_source/musl/src/math/exp2l.c.obj
[511/1713] Building C object kernel/liteos/liteos_v208.5.0/Huawei_LiteOS/lib/libm/CMakeFiles/m.dir/__/__/open_source/musl/src/math/exp_data.c.obj
[512/1713] Building C object kernel/liteos/liteos_v208.5.0/Huawei_LiteOS/lib/libm/CMakeFiles/m.dir/__/__/open_source/musl/src/math/expf.c.obj
[513/1713] Building C object kernel/liteos/liteos_v208.5.0/Huawei_LiteOS/lib/libm/CMakeFiles/m.dir/__/__/open_source/musl/src/math/expl.c.obj
[514/1713] Building C object kernel/liteos/liteos_v208.5.0/Huawei_LiteOS/lib/libm/CMakeFiles/m.dir/__/__/open_source/musl/src/math/expm1.c.obj
[515/1713] Building C object kernel/liteos/liteos_v208.5.0/Huawei_LiteOS/lib/libm/CMakeFiles/m.dir/__/__/open_source/musl/src/math/expm1f.c.obj
[516/1713] Building C object kernel/liteos/liteos_v208.5.0/Huawei_LiteOS/lib/libm/CMakeFiles/m.dir/__/__/open_source/musl/src/math/expm1l.c.obj
[517/1713] Building C object kernel/liteos/liteos_v208.5.0/Huawei_LiteOS/lib/libm/CMakeFiles/m.dir/__/__/open_source/musl/src/math/fabs.c.obj
[518/1713] Building C object kernel/liteos/liteos_v208.5.0/Huawei_LiteOS/lib/libm/CMakeFiles/m.dir/__/__/open_source/musl/src/math/fabsf.c.obj
[519/1713] Building C object kernel/liteos/liteos_v208.5.0/Huawei_LiteOS/lib/libm/CMakeFiles/m.dir/__/__/open_source/musl/src/math/fabsl.c.obj
[520/1713] Building C object kernel/liteos/liteos_v208.5.0/Huawei_LiteOS/lib/libm/CMakeFiles/m.dir/__/__/open_source/musl/src/math/fdim.c.obj
[521/1713] Building C object kernel/liteos/liteos_v208.5.0/Huawei_LiteOS/lib/libm/CMakeFiles/m.dir/__/__/open_source/musl/src/math/fdimf.c.obj
[522/1713] Building C object kernel/liteos/liteos_v208.5.0/Huawei_LiteOS/lib/libm/CMakeFiles/m.dir/__/__/open_source/musl/src/math/fdiml.c.obj
[523/1713] Building C object kernel/liteos/liteos_v208.5.0/Huawei_LiteOS/lib/libm/CMakeFiles/m.dir/__/__/open_source/musl/src/math/finite.c.obj
[524/1713] Building C object kernel/liteos/liteos_v208.5.0/Huawei_LiteOS/lib/libm/CMakeFiles/m.dir/__/__/open_source/musl/src/math/finitef.c.obj
[525/1713] Building C object kernel/liteos/liteos_v208.5.0/Huawei_LiteOS/lib/libm/CMakeFiles/m.dir/__/__/open_source/musl/src/math/floor.c.obj
[526/1713] Building C object kernel/liteos/liteos_v208.5.0/Huawei_LiteOS/lib/libm/CMakeFiles/m.dir/__/__/open_source/musl/src/math/floorf.c.obj
[527/1713] Building C object kernel/liteos/liteos_v208.5.0/Huawei_LiteOS/lib/libm/CMakeFiles/m.dir/__/__/open_source/musl/src/math/floorl.c.obj
[528/1713] Building C object kernel/liteos/liteos_v208.5.0/Huawei_LiteOS/lib/libm/CMakeFiles/m.dir/__/__/open_source/musl/src/math/fma.c.obj
[529/1713] Building C object kernel/liteos/liteos_v208.5.0/Huawei_LiteOS/lib/libm/CMakeFiles/m.dir/__/__/open_source/musl/src/math/fmaf.c.obj
[530/1713] Building C object kernel/liteos/liteos_v208.5.0/Huawei_LiteOS/lib/libm/CMakeFiles/m.dir/__/__/open_source/musl/src/math/fmal.c.obj
[531/1713] Building C object kernel/liteos/liteos_v208.5.0/Huawei_LiteOS/lib/libm/CMakeFiles/m.dir/__/__/open_source/musl/src/math/fmax.c.obj
[532/1713] Building C object kernel/liteos/liteos_v208.5.0/Huawei_LiteOS/lib/libm/CMakeFiles/m.dir/__/__/open_source/musl/src/math/fmaxf.c.obj
[533/1713] Building C object kernel/liteos/liteos_v208.5.0/Huawei_LiteOS/lib/libm/CMakeFiles/m.dir/__/__/open_source/musl/src/math/fmaxl.c.obj
[534/1713] Building C object kernel/liteos/liteos_v208.5.0/Huawei_LiteOS/lib/libm/CMakeFiles/m.dir/__/__/open_source/musl/src/math/fmin.c.obj
[535/1713] Building C object kernel/liteos/liteos_v208.5.0/Huawei_LiteOS/lib/libm/CMakeFiles/m.dir/__/__/open_source/musl/src/math/fminf.c.obj
[536/1713] Building C object kernel/liteos/liteos_v208.5.0/Huawei_LiteOS/lib/libm/CMakeFiles/m.dir/__/__/open_source/musl/src/math/fminl.c.obj
[537/1713] Building C object kernel/liteos/liteos_v208.5.0/Huawei_LiteOS/lib/libm/CMakeFiles/m.dir/__/__/open_source/musl/src/math/fmod.c.obj
[538/1713] Building C object kernel/liteos/liteos_v208.5.0/Huawei_LiteOS/lib/libm/CMakeFiles/m.dir/__/__/open_source/musl/src/math/fmodf.c.obj
[539/1713] Building C object kernel/liteos/liteos_v208.5.0/Huawei_LiteOS/lib/libm/CMakeFiles/m.dir/__/__/open_source/musl/src/math/fmodl.c.obj
[540/1713] Building C object kernel/liteos/liteos_v208.5.0/Huawei_LiteOS/lib/libm/CMakeFiles/m.dir/__/__/open_source/musl/src/math/frexp.c.obj
[541/1713] Building C object kernel/liteos/liteos_v208.5.0/Huawei_LiteOS/lib/libm/CMakeFiles/m.dir/__/__/open_source/musl/src/math/frexpf.c.obj
[542/1713] Building C object kernel/liteos/liteos_v208.5.0/Huawei_LiteOS/lib/libm/CMakeFiles/m.dir/__/__/open_source/musl/src/math/frexpl.c.obj
[543/1713] Building C object kernel/liteos/liteos_v208.5.0/Huawei_LiteOS/lib/libm/CMakeFiles/m.dir/__/__/open_source/musl/src/math/hypot.c.obj
[544/1713] Building C object kernel/liteos/liteos_v208.5.0/Huawei_LiteOS/lib/libm/CMakeFiles/m.dir/__/__/open_source/musl/src/math/hypotf.c.obj
[545/1713] Building C object kernel/liteos/liteos_v208.5.0/Huawei_LiteOS/lib/libm/CMakeFiles/m.dir/__/__/open_source/musl/src/math/hypotl.c.obj
[546/1713] Building C object kernel/liteos/liteos_v208.5.0/Huawei_LiteOS/lib/libm/CMakeFiles/m.dir/__/__/open_source/musl/src/math/ilogb.c.obj
[547/1713] Building C object kernel/liteos/liteos_v208.5.0/Huawei_LiteOS/lib/libm/CMakeFiles/m.dir/__/__/open_source/musl/src/math/ilogbf.c.obj
[548/1713] Building C object kernel/liteos/liteos_v208.5.0/Huawei_LiteOS/lib/libm/CMakeFiles/m.dir/__/__/open_source/musl/src/math/ilogbl.c.obj
[549/1713] Building C object kernel/liteos/liteos_v208.5.0/Huawei_LiteOS/lib/libm/CMakeFiles/m.dir/__/__/open_source/musl/src/math/j0.c.obj
[550/1713] Building C object kernel/liteos/liteos_v208.5.0/Huawei_LiteOS/lib/libm/CMakeFiles/m.dir/__/__/open_source/musl/src/math/j0f.c.obj
[551/1713] Building C object kernel/liteos/liteos_v208.5.0/Huawei_LiteOS/lib/libm/CMakeFiles/m.dir/__/__/open_source/musl/src/math/j1.c.obj
[552/1713] Building C object kernel/liteos/liteos_v208.5.0/Huawei_LiteOS/lib/libm/CMakeFiles/m.dir/__/__/open_source/musl/src/math/j1f.c.obj
[553/1713] Building C object kernel/liteos/liteos_v208.5.0/Huawei_LiteOS/lib/libm/CMakeFiles/m.dir/__/__/open_source/musl/src/math/jn.c.obj
[554/1713] Building C object kernel/liteos/liteos_v208.5.0/Huawei_LiteOS/lib/libm/CMakeFiles/m.dir/__/__/open_source/musl/src/math/jnf.c.obj
[555/1713] Building C object kernel/liteos/liteos_v208.5.0/Huawei_LiteOS/lib/libm/CMakeFiles/m.dir/__/__/open_source/musl/src/math/ldexp.c.obj
[556/1713] Building C object kernel/liteos/liteos_v208.5.0/Huawei_LiteOS/lib/libm/CMakeFiles/m.dir/__/__/open_source/musl/src/math/ldexpf.c.obj
[557/1713] Building C object kernel/liteos/liteos_v208.5.0/Huawei_LiteOS/lib/libm/CMakeFiles/m.dir/__/__/open_source/musl/src/math/ldexpl.c.obj
[558/1713] Building C object kernel/liteos/liteos_v208.5.0/Huawei_LiteOS/lib/libm/CMakeFiles/m.dir/__/__/open_source/musl/src/math/lgamma.c.obj
[559/1713] Building C object kernel/liteos/liteos_v208.5.0/Huawei_LiteOS/lib/libm/CMakeFiles/m.dir/__/__/open_source/musl/src/math/lgamma_r.c.obj
[560/1713] Building C object kernel/liteos/liteos_v208.5.0/Huawei_LiteOS/lib/libm/CMakeFiles/m.dir/__/__/open_source/musl/src/math/lgammaf.c.obj
[561/1713] Building C object kernel/liteos/liteos_v208.5.0/Huawei_LiteOS/lib/libm/CMakeFiles/m.dir/__/__/open_source/musl/src/math/lgammaf_r.c.obj
[562/1713] Building C object kernel/liteos/liteos_v208.5.0/Huawei_LiteOS/lib/libm/CMakeFiles/m.dir/__/__/open_source/musl/src/math/lgammal.c.obj
[563/1713] Building C object kernel/liteos/liteos_v208.5.0/Huawei_LiteOS/lib/libm/CMakeFiles/m.dir/__/__/open_source/musl/src/math/llrint.c.obj
[564/1713] Building C object kernel/liteos/liteos_v208.5.0/Huawei_LiteOS/lib/libm/CMakeFiles/m.dir/__/__/open_source/musl/src/math/llrintf.c.obj
[565/1713] Building C object kernel/liteos/liteos_v208.5.0/Huawei_LiteOS/lib/libm/CMakeFiles/m.dir/__/__/open_source/musl/src/math/llrintl.c.obj
[566/1713] Building C object kernel/liteos/liteos_v208.5.0/Huawei_LiteOS/lib/libm/CMakeFiles/m.dir/__/__/open_source/musl/src/math/llround.c.obj
[567/1713] Building C object kernel/liteos/liteos_v208.5.0/Huawei_LiteOS/lib/libm/CMakeFiles/m.dir/__/__/open_source/musl/src/math/llroundf.c.obj
[568/1713] Building C object kernel/liteos/liteos_v208.5.0/Huawei_LiteOS/lib/libm/CMakeFiles/m.dir/__/__/open_source/musl/src/math/llroundl.c.obj
[569/1713] Building C object kernel/liteos/liteos_v208.5.0/Huawei_LiteOS/lib/libm/CMakeFiles/m.dir/__/__/open_source/musl/src/math/log.c.obj
[570/1713] Building C object kernel/liteos/liteos_v208.5.0/Huawei_LiteOS/lib/libm/CMakeFiles/m.dir/__/__/open_source/musl/src/math/log10.c.obj
[571/1713] Building C object kernel/liteos/liteos_v208.5.0/Huawei_LiteOS/lib/libm/CMakeFiles/m.dir/__/__/open_source/musl/src/math/log10f.c.obj
[572/1713] Building C object kernel/liteos/liteos_v208.5.0/Huawei_LiteOS/lib/libm/CMakeFiles/m.dir/__/__/open_source/musl/src/math/log10l.c.obj
[573/1713] Building C object kernel/liteos/liteos_v208.5.0/Huawei_LiteOS/lib/libm/CMakeFiles/m.dir/__/__/open_source/musl/src/math/log1p.c.obj
[574/1713] Building C object kernel/liteos/liteos_v208.5.0/Huawei_LiteOS/lib/libm/CMakeFiles/m.dir/__/__/open_source/musl/src/math/log1pf.c.obj
[575/1713] Building C object kernel/liteos/liteos_v208.5.0/Huawei_LiteOS/lib/libm/CMakeFiles/m.dir/__/__/open_source/musl/src/math/log1pl.c.obj
[576/1713] Building C object kernel/liteos/liteos_v208.5.0/Huawei_LiteOS/lib/libm/CMakeFiles/m.dir/__/__/open_source/musl/src/math/log2.c.obj
[577/1713] Building C object kernel/liteos/liteos_v208.5.0/Huawei_LiteOS/lib/libm/CMakeFiles/m.dir/__/__/open_source/musl/src/math/log2_data.c.obj
[578/1713] Building C object kernel/liteos/liteos_v208.5.0/Huawei_LiteOS/lib/libm/CMakeFiles/m.dir/__/__/open_source/musl/src/math/log2f.c.obj
[579/1713] Building C object kernel/liteos/liteos_v208.5.0/Huawei_LiteOS/lib/libm/CMakeFiles/m.dir/__/__/open_source/musl/src/math/log2f_data.c.obj
[580/1713] Building C object kernel/liteos/liteos_v208.5.0/Huawei_LiteOS/lib/libm/CMakeFiles/m.dir/__/__/open_source/musl/src/math/log2l.c.obj
[581/1713] Building C object kernel/liteos/liteos_v208.5.0/Huawei_LiteOS/lib/libm/CMakeFiles/m.dir/__/__/open_source/musl/src/math/log_data.c.obj
[582/1713] Building C object kernel/liteos/liteos_v208.5.0/Huawei_LiteOS/lib/libm/CMakeFiles/m.dir/__/__/open_source/musl/src/math/logb.c.obj
[583/1713] Building C object kernel/liteos/liteos_v208.5.0/Huawei_LiteOS/lib/libm/CMakeFiles/m.dir/__/__/open_source/musl/src/math/logbf.c.obj
[584/1713] Building C object kernel/liteos/liteos_v208.5.0/Huawei_LiteOS/lib/libm/CMakeFiles/m.dir/__/__/open_source/musl/src/math/logbl.c.obj
[585/1713] Building C object kernel/liteos/liteos_v208.5.0/Huawei_LiteOS/lib/libm/CMakeFiles/m.dir/__/__/open_source/musl/src/math/logf.c.obj
[586/1713] Building C object kernel/liteos/liteos_v208.5.0/Huawei_LiteOS/lib/libm/CMakeFiles/m.dir/__/__/open_source/musl/src/math/logf_data.c.obj
[587/1713] Building C object kernel/liteos/liteos_v208.5.0/Huawei_LiteOS/lib/libm/CMakeFiles/m.dir/__/__/open_source/musl/src/math/logl.c.obj
[588/1713] Building C object kernel/liteos/liteos_v208.5.0/Huawei_LiteOS/lib/libm/CMakeFiles/m.dir/__/__/open_source/musl/src/math/lrint.c.obj
[589/1713] Building C object kernel/liteos/liteos_v208.5.0/Huawei_LiteOS/lib/libm/CMakeFiles/m.dir/__/__/open_source/musl/src/math/lrintf.c.obj
[590/1713] Building C object kernel/liteos/liteos_v208.5.0/Huawei_LiteOS/lib/libm/CMakeFiles/m.dir/__/__/open_source/musl/src/math/lrintl.c.obj
[591/1713] Building C object kernel/liteos/liteos_v208.5.0/Huawei_LiteOS/lib/libm/CMakeFiles/m.dir/__/__/open_source/musl/src/math/lround.c.obj
[592/1713] Building C object kernel/liteos/liteos_v208.5.0/Huawei_LiteOS/lib/libm/CMakeFiles/m.dir/__/__/open_source/musl/src/math/lroundf.c.obj
[593/1713] Building C object kernel/liteos/liteos_v208.5.0/Huawei_LiteOS/lib/libm/CMakeFiles/m.dir/__/__/open_source/musl/src/math/lroundl.c.obj
[594/1713] Building C object kernel/liteos/liteos_v208.5.0/Huawei_LiteOS/lib/libm/CMakeFiles/m.dir/__/__/open_source/musl/src/math/modf.c.obj
[595/1713] Building C object kernel/liteos/liteos_v208.5.0/Huawei_LiteOS/lib/libm/CMakeFiles/m.dir/__/__/open_source/musl/src/math/modff.c.obj
[596/1713] Building C object kernel/liteos/liteos_v208.5.0/Huawei_LiteOS/lib/libm/CMakeFiles/m.dir/__/__/open_source/musl/src/math/modfl.c.obj
[597/1713] Building C object kernel/liteos/liteos_v208.5.0/Huawei_LiteOS/lib/libm/CMakeFiles/m.dir/__/__/open_source/musl/src/math/nan.c.obj
[598/1713] Building C object kernel/liteos/liteos_v208.5.0/Huawei_LiteOS/lib/libm/CMakeFiles/m.dir/__/__/open_source/musl/src/math/nanf.c.obj
[599/1713] Building C object kernel/liteos/liteos_v208.5.0/Huawei_LiteOS/lib/libm/CMakeFiles/m.dir/__/__/open_source/musl/src/math/nanl.c.obj
[600/1713] Building C object kernel/liteos/liteos_v208.5.0/Huawei_LiteOS/lib/libm/CMakeFiles/m.dir/__/__/open_source/musl/src/math/nearbyint.c.obj
[601/1713] Building C object kernel/liteos/liteos_v208.5.0/Huawei_LiteOS/lib/libm/CMakeFiles/m.dir/__/__/open_source/musl/src/math/nearbyintf.c.obj
[602/1713] Building C object kernel/liteos/liteos_v208.5.0/Huawei_LiteOS/lib/libm/CMakeFiles/m.dir/__/__/open_source/musl/src/math/nearbyintl.c.obj
[603/1713] Building C object kernel/liteos/liteos_v208.5.0/Huawei_LiteOS/lib/libm/CMakeFiles/m.dir/__/__/open_source/musl/src/math/nextafter.c.obj
[604/1713] Building C object kernel/liteos/liteos_v208.5.0/Huawei_LiteOS/lib/libm/CMakeFiles/m.dir/__/__/open_source/musl/src/math/nextafterf.c.obj
[605/1713] Building C object kernel/liteos/liteos_v208.5.0/Huawei_LiteOS/lib/libm/CMakeFiles/m.dir/__/__/open_source/musl/src/math/nextafterl.c.obj
[606/1713] Building C object kernel/liteos/liteos_v208.5.0/Huawei_LiteOS/lib/libm/CMakeFiles/m.dir/__/__/open_source/musl/src/math/nexttoward.c.obj
[607/1713] Building C object kernel/liteos/liteos_v208.5.0/Huawei_LiteOS/lib/libm/CMakeFiles/m.dir/__/__/open_source/musl/src/math/nexttowardf.c.obj
[608/1713] Building C object kernel/liteos/liteos_v208.5.0/Huawei_LiteOS/lib/libm/CMakeFiles/m.dir/__/__/open_source/musl/src/math/nexttowardl.c.obj
[609/1713] Building C object kernel/liteos/liteos_v208.5.0/Huawei_LiteOS/lib/libm/CMakeFiles/m.dir/__/__/open_source/musl/src/math/pow.c.obj
[610/1713] Building C object kernel/liteos/liteos_v208.5.0/Huawei_LiteOS/lib/libm/CMakeFiles/m.dir/__/__/open_source/musl/src/math/pow_data.c.obj
[611/1713] Building C object kernel/liteos/liteos_v208.5.0/Huawei_LiteOS/lib/libm/CMakeFiles/m.dir/__/__/open_source/musl/src/math/powf.c.obj
[612/1713] Building C object kernel/liteos/liteos_v208.5.0/Huawei_LiteOS/lib/libm/CMakeFiles/m.dir/__/__/open_source/musl/src/math/powf_data.c.obj
[613/1713] Building C object kernel/liteos/liteos_v208.5.0/Huawei_LiteOS/lib/libm/CMakeFiles/m.dir/__/__/open_source/musl/src/math/powl.c.obj
[614/1713] Building C object kernel/liteos/liteos_v208.5.0/Huawei_LiteOS/lib/libm/CMakeFiles/m.dir/__/__/open_source/musl/src/math/remainder.c.obj
[615/1713] Building C object kernel/liteos/liteos_v208.5.0/Huawei_LiteOS/lib/libm/CMakeFiles/m.dir/__/__/open_source/musl/src/math/remainderf.c.obj
[616/1713] Building C object kernel/liteos/liteos_v208.5.0/Huawei_LiteOS/lib/libm/CMakeFiles/m.dir/__/__/open_source/musl/src/math/remainderl.c.obj
[617/1713] Building C object kernel/liteos/liteos_v208.5.0/Huawei_LiteOS/lib/libm/CMakeFiles/m.dir/__/__/open_source/musl/src/math/remquo.c.obj
[618/1713] Building C object kernel/liteos/liteos_v208.5.0/Huawei_LiteOS/lib/libm/CMakeFiles/m.dir/__/__/open_source/musl/src/math/remquof.c.obj
[619/1713] Building C object kernel/liteos/liteos_v208.5.0/Huawei_LiteOS/lib/libm/CMakeFiles/m.dir/__/__/open_source/musl/src/math/remquol.c.obj
[620/1713] Building C object kernel/liteos/liteos_v208.5.0/Huawei_LiteOS/lib/libm/CMakeFiles/m.dir/__/__/open_source/musl/src/math/rint.c.obj
[621/1713] Building C object kernel/liteos/liteos_v208.5.0/Huawei_LiteOS/lib/libm/CMakeFiles/m.dir/__/__/open_source/musl/src/math/rintf.c.obj
[622/1713] Building C object kernel/liteos/liteos_v208.5.0/Huawei_LiteOS/lib/libm/CMakeFiles/m.dir/__/__/open_source/musl/src/math/rintl.c.obj
[623/1713] Building C object kernel/liteos/liteos_v208.5.0/Huawei_LiteOS/lib/libm/CMakeFiles/m.dir/__/__/open_source/musl/src/math/round.c.obj
[624/1713] Building C object kernel/liteos/liteos_v208.5.0/Huawei_LiteOS/lib/libm/CMakeFiles/m.dir/__/__/open_source/musl/src/math/roundf.c.obj
[625/1713] Building C object kernel/liteos/liteos_v208.5.0/Huawei_LiteOS/lib/libm/CMakeFiles/m.dir/__/__/open_source/musl/src/math/roundl.c.obj
[626/1713] Building C object kernel/liteos/liteos_v208.5.0/Huawei_LiteOS/lib/libm/CMakeFiles/m.dir/__/__/open_source/musl/src/math/scalb.c.obj
[627/1713] Building C object kernel/liteos/liteos_v208.5.0/Huawei_LiteOS/lib/libm/CMakeFiles/m.dir/__/__/open_source/musl/src/math/scalbf.c.obj
[628/1713] Building C object kernel/liteos/liteos_v208.5.0/Huawei_LiteOS/lib/libm/CMakeFiles/m.dir/__/__/open_source/musl/src/math/scalbln.c.obj
[629/1713] Building C object kernel/liteos/liteos_v208.5.0/Huawei_LiteOS/lib/libm/CMakeFiles/m.dir/__/__/open_source/musl/src/math/scalblnf.c.obj
[630/1713] Building C object kernel/liteos/liteos_v208.5.0/Huawei_LiteOS/lib/libm/CMakeFiles/m.dir/__/__/open_source/musl/src/math/scalblnl.c.obj
[631/1713] Building C object kernel/liteos/liteos_v208.5.0/Huawei_LiteOS/lib/libm/CMakeFiles/m.dir/__/__/open_source/musl/src/math/scalbn.c.obj
[632/1713] Building C object kernel/liteos/liteos_v208.5.0/Huawei_LiteOS/lib/libm/CMakeFiles/m.dir/__/__/open_source/musl/src/math/scalbnf.c.obj
[633/1713] Building C object kernel/liteos/liteos_v208.5.0/Huawei_LiteOS/lib/libm/CMakeFiles/m.dir/__/__/open_source/musl/src/math/scalbnl.c.obj
[634/1713] Building C object kernel/liteos/liteos_v208.5.0/Huawei_LiteOS/lib/libm/CMakeFiles/m.dir/__/__/open_source/musl/src/math/signgam.c.obj
[635/1713] Building C object kernel/liteos/liteos_v208.5.0/Huawei_LiteOS/lib/libm/CMakeFiles/m.dir/__/__/open_source/musl/src/math/significand.c.obj
[636/1713] Building C object kernel/liteos/liteos_v208.5.0/Huawei_LiteOS/lib/libm/CMakeFiles/m.dir/__/__/open_source/musl/src/math/significandf.c.obj
[637/1713] Building C object kernel/liteos/liteos_v208.5.0/Huawei_LiteOS/lib/libm/CMakeFiles/m.dir/__/__/open_source/musl/src/math/sin.c.obj
[638/1713] Building C object kernel/liteos/liteos_v208.5.0/Huawei_LiteOS/lib/libm/CMakeFiles/m.dir/__/__/open_source/musl/src/math/sincos.c.obj
[639/1713] Building C object kernel/liteos/liteos_v208.5.0/Huawei_LiteOS/lib/libm/CMakeFiles/m.dir/__/__/open_source/musl/src/math/sincosf.c.obj
[640/1713] Building C object kernel/liteos/liteos_v208.5.0/Huawei_LiteOS/lib/libm/CMakeFiles/m.dir/__/__/open_source/musl/src/math/sincosl.c.obj
[641/1713] Building C object kernel/liteos/liteos_v208.5.0/Huawei_LiteOS/lib/libm/CMakeFiles/m.dir/__/__/open_source/musl/src/math/sinf.c.obj
[642/1713] Building C object kernel/liteos/liteos_v208.5.0/Huawei_LiteOS/lib/libm/CMakeFiles/m.dir/__/__/open_source/musl/src/math/sinh.c.obj
[643/1713] Building C object kernel/liteos/liteos_v208.5.0/Huawei_LiteOS/lib/libm/CMakeFiles/m.dir/__/__/open_source/musl/src/math/sinhf.c.obj
[644/1713] Building C object kernel/liteos/liteos_v208.5.0/Huawei_LiteOS/lib/libm/CMakeFiles/m.dir/__/__/open_source/musl/src/math/sinhl.c.obj
[645/1713] Building C object kernel/liteos/liteos_v208.5.0/Huawei_LiteOS/lib/libm/CMakeFiles/m.dir/__/__/open_source/musl/src/math/sinl.c.obj
[646/1713] Building C object kernel/liteos/liteos_v208.5.0/Huawei_LiteOS/lib/libm/CMakeFiles/m.dir/__/__/open_source/musl/src/math/sqrt.c.obj
[647/1713] Building C object kernel/liteos/liteos_v208.5.0/Huawei_LiteOS/lib/libm/CMakeFiles/m.dir/__/__/open_source/musl/src/math/sqrt_data.c.obj
[648/1713] Building C object kernel/liteos/liteos_v208.5.0/Huawei_LiteOS/lib/libm/CMakeFiles/m.dir/__/__/open_source/musl/src/math/sqrtf.c.obj
[649/1713] Building C object kernel/liteos/liteos_v208.5.0/Huawei_LiteOS/lib/libm/CMakeFiles/m.dir/__/__/open_source/musl/src/math/sqrtl.c.obj
[650/1713] Building C object kernel/liteos/liteos_v208.5.0/Huawei_LiteOS/lib/libm/CMakeFiles/m.dir/__/__/open_source/musl/src/math/tan.c.obj
[651/1713] Building C object kernel/liteos/liteos_v208.5.0/Huawei_LiteOS/lib/libm/CMakeFiles/m.dir/__/__/open_source/musl/src/math/tanf.c.obj
[652/1713] Building C object kernel/liteos/liteos_v208.5.0/Huawei_LiteOS/lib/libm/CMakeFiles/m.dir/__/__/open_source/musl/src/math/tanh.c.obj
[653/1713] Building C object kernel/liteos/liteos_v208.5.0/Huawei_LiteOS/lib/libm/CMakeFiles/m.dir/__/__/open_source/musl/src/math/tanhf.c.obj
[654/1713] Building C object kernel/liteos/liteos_v208.5.0/Huawei_LiteOS/lib/libm/CMakeFiles/m.dir/__/__/open_source/musl/src/math/tanhl.c.obj
[655/1713] Building C object kernel/liteos/liteos_v208.5.0/Huawei_LiteOS/lib/libm/CMakeFiles/m.dir/__/__/open_source/musl/src/math/tanl.c.obj
[656/1713] Building C object kernel/liteos/liteos_v208.5.0/Huawei_LiteOS/lib/libm/CMakeFiles/m.dir/__/__/open_source/musl/src/math/tgamma.c.obj
[657/1713] Building C object kernel/liteos/liteos_v208.5.0/Huawei_LiteOS/lib/libm/CMakeFiles/m.dir/__/__/open_source/musl/src/math/tgammaf.c.obj
[658/1713] Building C object kernel/liteos/liteos_v208.5.0/Huawei_LiteOS/lib/libm/CMakeFiles/m.dir/__/__/open_source/musl/src/math/tgammal.c.obj
[659/1713] Building C object kernel/liteos/liteos_v208.5.0/Huawei_LiteOS/lib/libm/CMakeFiles/m.dir/__/__/open_source/musl/src/math/trunc.c.obj
[660/1713] Building C object kernel/liteos/liteos_v208.5.0/Huawei_LiteOS/lib/libm/CMakeFiles/m.dir/__/__/open_source/musl/src/math/truncf.c.obj
[661/1713] Building C object kernel/liteos/liteos_v208.5.0/Huawei_LiteOS/lib/libm/CMakeFiles/m.dir/__/__/open_source/musl/src/math/truncl.c.obj
[662/1713] Building C object kernel/liteos/liteos_v208.5.0/Huawei_LiteOS/lib/liteos_libc/arch/riscv32/CMakeFiles/csysdeps.dir/memcpy.S.obj
[663/1713] Building C object kernel/liteos/liteos_v208.5.0/Huawei_LiteOS/lib/liteos_libc/arch/riscv32/CMakeFiles/csysdeps.dir/memset.S.obj
[664/1713] Building C object kernel/liteos/liteos_v208.5.0/Huawei_LiteOS/lib/liteos_libc/arch/riscv32/CMakeFiles/csysdeps.dir/setjmp.S.obj
[665/1713] Building C object kernel/liteos/liteos_v208.5.0/Huawei_LiteOS/lib/liteos_libc/arch/riscv32/CMakeFiles/csysdeps.dir/strcmp.S.obj
[666/1713] Building C object kernel/liteos/liteos_v208.5.0/Huawei_LiteOS/drivers/base/CMakeFiles/driverbase.dir/src/los_device.c.obj
[667/1713] Building C object kernel/liteos/liteos_v208.5.0/Huawei_LiteOS/drivers/base/CMakeFiles/driverbase.dir/src/los_driver.c.obj
[668/1713] Building C object kernel/liteos/liteos_v208.5.0/Huawei_LiteOS/drivers/base/CMakeFiles/driverbase.dir/src/los_driver_pm.c.obj
[669/1713] Building C object kernel/liteos/liteos_v208.5.0/Huawei_LiteOS/compat/cmsis/CMakeFiles/cmsis.dir/cmsis_liteos1.c.obj
[670/1713] Building C object kernel/liteos/liteos_v208.5.0/Huawei_LiteOS/compat/cmsis/CMakeFiles/cmsis.dir/cmsis_liteos2.c.obj
[671/1713] Building C object kernel/liteos/liteos_v208.5.0/Huawei_LiteOS/compat/linux/CMakeFiles/linux.dir/src/adp.c.obj
[672/1713] Building C object kernel/liteos/liteos_v208.5.0/Huawei_LiteOS/compat/linux/CMakeFiles/linux.dir/src/common/pendlist.c.obj
[673/1713] Building C object kernel/liteos/liteos_v208.5.0/Huawei_LiteOS/compat/linux/CMakeFiles/linux.dir/src/completion.c.obj
[674/1713] Building C object kernel/liteos/liteos_v208.5.0/Huawei_LiteOS/compat/linux/CMakeFiles/linux.dir/src/driver.c.obj
[675/1713] Building C object kernel/liteos/liteos_v208.5.0/Huawei_LiteOS/compat/linux/CMakeFiles/linux.dir/src/module.c.obj
[676/1713] Building C object kernel/liteos/liteos_v208.5.0/Huawei_LiteOS/compat/linux/CMakeFiles/linux.dir/src/time.c.obj
[677/1713] Building C object kernel/liteos/liteos_v208.5.0/Huawei_LiteOS/compat/linux/CMakeFiles/linux.dir/src/timer.c.obj
[678/1713] Building C object kernel/liteos/liteos_v208.5.0/Huawei_LiteOS/compat/linux/CMakeFiles/linux.dir/src/wait.c.obj
[679/1713] Building C object kernel/osal/CMakeFiles/osal.dir/adapt/liteos/osal_debug_adapt.c.obj
[680/1713] Building C object kernel/osal/CMakeFiles/osal.dir/adapt/liteos/oal_onetrack.c.obj
[681/1713] Building C object kernel/osal/CMakeFiles/osal.dir/adapt/liteos/osal_cpp_adapt.c.obj
[682/1713] Building C object kernel/osal/CMakeFiles/osal.dir/src/liteos/osal_addr.c.obj
[683/1713] Building C object kernel/osal/CMakeFiles/osal.dir/src/liteos/osal_atomic.c.obj
[684/1713] Building C object kernel/osal/CMakeFiles/osal.dir/src/liteos/osal_barrier.c.obj
[685/1713] Building C object kernel/osal/CMakeFiles/osal.dir/src/liteos/osal_cache.c.obj
[686/1713] Building C object kernel/osal/CMakeFiles/osal.dir/src/liteos/osal_completion.c.obj
[687/1713] Building C object kernel/osal/CMakeFiles/osal.dir/src/liteos/osal_debug.c.obj
[688/1713] Building C object kernel/osal/CMakeFiles/osal.dir/src/liteos/osal_drvbox.c.obj
[689/1713] Building C object kernel/osal/CMakeFiles/osal.dir/src/liteos/osal_event.c.obj
[690/1713] Building C object kernel/osal/CMakeFiles/osal.dir/src/liteos/osal_fileops.c.obj
[691/1713] Building C object kernel/osal/CMakeFiles/osal.dir/src/liteos/osal_interrupt.c.obj
[692/1713] Building C object kernel/osal/CMakeFiles/osal.dir/src/liteos/osal_math.c.obj
[693/1713] Building C object kernel/osal/CMakeFiles/osal.dir/src/liteos/osal_msgqueue.c.obj
[694/1713] Building C object kernel/osal/CMakeFiles/osal.dir/src/liteos/osal_mutex.c.obj
[695/1713] Building C object kernel/osal/CMakeFiles/osal.dir/src/liteos/osal_semaphore.c.obj
[696/1713] Building C object kernel/osal/CMakeFiles/osal.dir/src/liteos/osal_spinlock.c.obj
[697/1713] Building C object kernel/osal/CMakeFiles/osal.dir/src/liteos/osal_string.c.obj
[698/1713] Building C object kernel/osal/CMakeFiles/osal.dir/src/liteos/osal_task.c.obj
[699/1713] Building C object kernel/osal/CMakeFiles/osal.dir/src/liteos/osal_timer.c.obj
[700/1713] Building C object kernel/osal/CMakeFiles/osal.dir/src/liteos/osal_wait.c.obj
[701/1713] Building C object kernel/osal/CMakeFiles/osal.dir/src/liteos/osal_workqueue.c.obj
[702/1713] Building C object kernel/osal_adapt/CMakeFiles/osal_adapt.dir/src/osal_adapt_atomic.c.obj
[703/1713] Building C object kernel/osal_adapt/CMakeFiles/osal_adapt.dir/src/osal_adapt_event.c.obj
[704/1713] Building C object kernel/osal_adapt/CMakeFiles/osal_adapt.dir/src/osal_adapt_string.c.obj
[705/1713] Building C object kernel/osal_adapt/CMakeFiles/osal_adapt.dir/src/osal_adapt_task.c.obj
[706/1713] Building C object kernel/osal_adapt/CMakeFiles/osal_adapt.dir/src/osal_adapt_timer.c.obj
[707/1713] Building C object kernel/osal_adapt/CMakeFiles/osal_adapt.dir/src/osal_adapt_debug.c.obj
[708/1713] Building C object driver/adc/CMakeFiles/adc.dir/adc.c.obj
[709/1713] Building C object driver/dma/CMakeFiles/dma.dir/dma.c.obj
[710/1713] Building C object driver/gpio/CMakeFiles/gpio.dir/gpio.c.obj
[711/1713] Building C object driver/i2c/CMakeFiles/i2c.dir/i2c.c.obj
[712/1713] Building C object driver/i2s/CMakeFiles/i2s.dir/i2s.c.obj
[713/1713] Building C object driver/lpm/CMakeFiles/lpm.dir/lpm_dev_ops.c.obj
[714/1713] Building C object driver/pmp/CMakeFiles/pmp.dir/pmp.c.obj
[715/1713] Building C object driver/pwm/CMakeFiles/pwm.dir/pwm.c.obj
[716/1713] Building C object driver/security_unified/CMakeFiles/drv_security_unified.dir/drv_cipher/drv_code/drv_symc.c.obj
[717/1713] Building C object driver/security_unified/CMakeFiles/drv_security_unified.dir/drv_cipher/drv_code/drv_symc_mac_hard.c.obj
[718/1713] Building C object driver/security_unified/CMakeFiles/drv_security_unified.dir/drv_cipher/drv_code/crypto_drv_common.c.obj
[719/1713] Building C object driver/security_unified/CMakeFiles/drv_security_unified.dir/drv_cipher/drv_code/drv_hash.c.obj
[720/1713] Building C object driver/security_unified/CMakeFiles/drv_security_unified.dir/drv_cipher/drv_code/drv_pbkdf2_hard.c.obj
[721/1713] Building C object driver/security_unified/CMakeFiles/drv_security_unified.dir/drv_cipher/drv_code/drv_trng.c.obj
[722/1713] Building C object driver/security_unified/CMakeFiles/drv_security_unified.dir/drv_fapc/drv_fapc.c.obj
[723/1713] Building C object driver/security_unified/CMakeFiles/drv_security_unified.dir/drv_km/drv_keyslot.c.obj
[724/1713] Building C object driver/security_unified/CMakeFiles/drv_security_unified.dir/drv_km/drv_klad.c.obj
[725/1713] Building C object driver/security_unified/CMakeFiles/drv_security_unified.dir/init/cfbb/crypto_curve_param.c.obj
[726/1713] Building C object driver/security_unified/CMakeFiles/drv_security_unified.dir/drv_cipher/drv_pke_v5/drv_pke_ecdsa.c.obj
[727/1713] Building C object driver/security_unified/CMakeFiles/drv_security_unified.dir/drv_pke_weak_func.c.obj
[728/1713] Building C object driver/security_unified/CMakeFiles/drv_security_unified.dir/kapi/source/kapi_hash.c.obj
[729/1713] Building C object driver/security_unified/CMakeFiles/drv_security_unified.dir/kapi/source/kapi_hash_simple.c.obj
[730/1713] Building C object driver/security_unified/CMakeFiles/drv_security_unified.dir/kapi/source/kapi_init.c.obj
[731/1713] Building C object driver/security_unified/CMakeFiles/drv_security_unified.dir/kapi/source/kapi_pke.c.obj
[732/1713] Building C object driver/security_unified/CMakeFiles/drv_security_unified.dir/kapi/source/kapi_symc.c.obj
[733/1713] Building C object driver/security_unified/CMakeFiles/drv_security_unified.dir/kapi/source/kapi_trng.c.obj
[734/1713] Building C object driver/security_unified/CMakeFiles/drv_security_unified.dir/kapi/source/kapi_km.c.obj
[735/1713] Building C object driver/security_unified/CMakeFiles/drv_security_unified.dir/service_layer/sl_common.c.obj
[736/1713] Building C object driver/security_unified/CMakeFiles/drv_security_unified.dir/service_layer/trng.c.obj
[737/1713] Building C object driver/security_unified/CMakeFiles/drv_security_unified.dir/service_layer/cipher.c.obj
[738/1713] Building C object driver/security_unified/CMakeFiles/drv_security_unified.dir/service_layer/pke.c.obj
[739/1713] Building C object driver/security_unified/CMakeFiles/drv_security_unified.dir/service_layer/km.c.obj
[740/1713] Building C object driver/security_unified/CMakeFiles/drv_security_unified.dir/service_layer/security_init.c.obj
[741/1713] Building C object driver/security_unified/CMakeFiles/drv_security_unified.dir/service_layer/security_sha256.c.obj
[742/1713] Building C object driver/security_unified/CMakeFiles/drv_security_unified.dir/init/cfbb/os/crypto_drv_init.c.obj
[743/1713] Building C object driver/security_unified/CMakeFiles/drv_security_unified.dir/init/cfbb/os/crypto_drv_irq.c.obj
[744/1713] Building C object driver/security_unified/CMakeFiles/drv_security_unified.dir/drv_cipher/drv_pke_v5/drv_pke_ecc_cal.c.obj
[745/1713] Building C object driver/security_unified/CMakeFiles/drv_security_unified.dir/kapi/source/kapi_pke_ecc_cal.c.obj
[746/1713] Building C object driver/security_unified/CMakeFiles/drv_security_unified.dir/drv_cipher/drv_pke_v5/drv_pke_cal.c.obj
[747/1713] Building C object driver/security_unified/CMakeFiles/drv_security_unified.dir/drv_cipher/drv_pke_v5/drv_pke_rsa.c.obj
[748/1713] Building C object driver/security_unified/CMakeFiles/drv_security_unified.dir/drv_cipher/drv_pke_v5/ecc/drv_pke_ecc_sign.c.obj
[749/1713] Building C object driver/security_unified/CMakeFiles/drv_security_unified.dir/drv_cipher/drv_pke_v5/ecc/drv_pke_ecc_verify.c.obj
[750/1713] Building C object driver/security_unified/CMakeFiles/drv_security_unified.dir/drv_cipher/drv_pke_v5/drv_pke_ecc_ecdh.c.obj
[751/1713] Building C object driver/security_unified/CMakeFiles/drv_security_unified.dir/drv_cipher/drv_pke_v5/drv_pke_ecc_gen_key.c.obj
[752/1713] Building C object driver/security_unified/mbedtls_harden_adapt/CMakeFiles/mbedtls_harden.dir/library/aes_harden_adapt.c.obj
[753/1713] Building C object driver/security_unified/mbedtls_harden_adapt/CMakeFiles/mbedtls_harden.dir/library/aes_harden_impl_long_term.c.obj
[754/1713] Building C object driver/security_unified/mbedtls_harden_adapt/CMakeFiles/mbedtls_harden.dir/library/aes.c.obj
[755/1713] Building C object driver/security_unified/mbedtls_harden_adapt/CMakeFiles/mbedtls_harden.dir/library/bignum_harden.c.obj
[756/1713] Building C object driver/security_unified/mbedtls_harden_adapt/CMakeFiles/mbedtls_harden.dir/library/ecp_harden_adapt.c.obj
[757/1713] Building C object driver/security_unified/mbedtls_harden_adapt/CMakeFiles/mbedtls_harden.dir/library/ecp_harden_impl.c.obj
[758/1713] Building C object driver/security_unified/mbedtls_harden_adapt/CMakeFiles/mbedtls_harden.dir/library/ecp.c.obj
[759/1713] Building C object driver/security_unified/mbedtls_harden_adapt/CMakeFiles/mbedtls_harden.dir/library/hash_harden_adapt.c.obj
[760/1713] Building C object driver/security_unified/mbedtls_harden_adapt/CMakeFiles/mbedtls_harden.dir/library/hash_harden_common.c.obj
[761/1713] Building C object driver/security_unified/mbedtls_harden_adapt/CMakeFiles/mbedtls_harden.dir/library/hash_harden_impl_long_term.c.obj
[762/1713] Building C object driver/security_unified/mbedtls_harden_adapt/CMakeFiles/mbedtls_harden.dir/library/mbedtls_harden_adapt.c.obj
[763/1713] Building C object driver/security_unified/mbedtls_harden_adapt/CMakeFiles/mbedtls_harden.dir/library/pbkdf2_hmac_harden.c.obj
[764/1713] Building C object driver/security_unified/mbedtls_harden_adapt/CMakeFiles/mbedtls_harden.dir/library/rsa_harden_adapt.c.obj
[765/1713] Building C object driver/security_unified/mbedtls_harden_adapt/CMakeFiles/mbedtls_harden.dir/library/rsa.c.obj
[766/1713] Building C object driver/security_unified/mbedtls_harden_adapt/CMakeFiles/mbedtls_harden.dir/library/sha1.c.obj
[767/1713] Building C object driver/security_unified/mbedtls_harden_adapt/CMakeFiles/mbedtls_harden.dir/library/sha256.c.obj
[768/1713] Building C object driver/security_unified/mbedtls_harden_adapt/CMakeFiles/mbedtls_harden.dir/library/sha512.c.obj
[769/1713] Building C object driver/security_unified/mbedtls_harden_adapt/CMakeFiles/mbedtls_harden.dir/library/ecc_harden_common.c.obj
[770/1713] Building C object driver/security_unified/mbedtls_harden_adapt/CMakeFiles/mbedtls_harden.dir/library/cipher_adapt.c.obj
[771/1713] Building C object driver/security_unified/mbedtls_harden_adapt/CMakeFiles/mbedtls_harden.dir/library/entropy_harden.c.obj
[772/1713] Building C object driver/security_unified/mbedtls_harden_adapt/CMakeFiles/mbedtls_harden.dir/library/ccm_harden.c.obj
[773/1713] Building C object driver/security_unified/mbedtls_harden_adapt/CMakeFiles/mbedtls_harden.dir/library/cipher_common.c.obj
[774/1713] Building C object driver/security_unified/mbedtls_harden_adapt/CMakeFiles/mbedtls_harden.dir/library/cmac_harden.c.obj
[775/1713] Building C object driver/security_unified/mbedtls_harden_adapt/CMakeFiles/mbedtls_harden.dir/library/dfx.c.obj
[776/1713] Building C object driver/security_unified/mbedtls_harden_adapt/CMakeFiles/mbedtls_harden.dir/library/ecc_harden.c.obj
[777/1713] Building C object driver/security_unified/mbedtls_harden_adapt/CMakeFiles/mbedtls_harden.dir/library/gcm_harden.c.obj
[778/1713] Building C object driver/spi/CMakeFiles/spi.dir/spi.c.obj
[779/1713] Building C object driver/tsensor/CMakeFiles/tsensor.dir/tsensor.c.obj
[780/1713] Building C object driver/uart/CMakeFiles/uart.dir/uart.c.obj
[781/1713] Building C object driver/efuse/CMakeFiles/efuse.dir/efuse.c.obj
[782/1713] Building C object hal/adc/CMakeFiles/hal_adc.dir/hal_adc.c.obj
[783/1713] Building C object hal/adc/CMakeFiles/hal_adc.dir/v154/hal_adc_v154.c.obj
[784/1713] Building C object hal/adc/CMakeFiles/hal_adc.dir/v154/hal_adc_v154_regs_op.c.obj
[785/1713] Building C object hal/cpu_core/CMakeFiles/hal_cpu_core.dir/hal_cpu_core.c.obj
[786/1713] Building C object hal/dma/CMakeFiles/hal_dma_v151.dir/hal_dma.c.obj
[787/1713] Building C object hal/dma/CMakeFiles/hal_dma_v151.dir/hal_dma_mem.c.obj
[788/1713] Building C object hal/dma/CMakeFiles/hal_dma_v151.dir/v151/hal_dmac_v151.c.obj
[789/1713] Building C object hal/dma/CMakeFiles/hal_dma_v151.dir/v151/hal_dmac_v151_regs_op.c.obj
[790/1713] Building C object hal/efuse/CMakeFiles/hal_efuse_v151.dir/hal_efuse.c.obj
[791/1713] Building C object hal/efuse/CMakeFiles/hal_efuse_v151.dir/v151/hal_efuse_v151.c.obj
[792/1713] Building C object hal/efuse/CMakeFiles/hal_efuse_v151.dir/v151/hal_efuse_v151_reg_op.c.obj
[793/1713] Building C object hal/gpio/CMakeFiles/hal_gpio_v150.dir/hal_gpio.c.obj
[794/1713] Building C object hal/gpio/CMakeFiles/hal_gpio_v150.dir/v150/hal_gpio_v150.c.obj
[795/1713] Building C object hal/gpio/CMakeFiles/hal_gpio_v150.dir/v150/hal_gpio_v150_regs_op.c.obj
[796/1713] Building C object hal/gpio/CMakeFiles/hal_gpio_v150.dir/v150/hal_gpio_v150_comm.c.obj
[797/1713] Building C object hal/i2c/CMakeFiles/hal_i2c.dir/hal_i2c.c.obj
[798/1713] Building C object hal/i2c/CMakeFiles/hal_i2c.dir/v150/hal_i2c_v150_master.c.obj
[799/1713] Building C object hal/i2c/CMakeFiles/hal_i2c.dir/v150/hal_i2c_v150.c.obj
[800/1713] Building C object hal/i2c/CMakeFiles/hal_i2c.dir/v150/hal_i2c_v150_comm.c.obj
[801/1713] Building C object hal/i2c/CMakeFiles/hal_i2c.dir/v150/hal_i2c_v150_regs_op.c.obj
[802/1713] Building C object hal/mips/CMakeFiles/hal_mips.dir/hal_mips.c.obj
[803/1713] Building C object hal/pmp/CMakeFiles/hal_pmp.dir/hal_pmp.c.obj
[804/1713] Building C object hal/pmp/CMakeFiles/hal_pmp.dir/v31/hal_pmp_riscv31.c.obj
[805/1713] Building C object hal/pmp/CMakeFiles/hal_pmp.dir/v31/hal_pmp_riscv31_regs_op.c.obj
[806/1713] Building C object hal/pwm/CMakeFiles/hal_pwm.dir/hal_pwm.c.obj
[807/1713] Building C object hal/pwm/CMakeFiles/hal_pwm.dir/v151/hal_pwm_v151.c.obj
[808/1713] Building C object hal/pwm/CMakeFiles/hal_pwm.dir/v151/hal_pwm_v151_regs_op.c.obj
[809/1713] Building C object hal/reboot/CMakeFiles/hal_reboot.dir/hal_reboot.c.obj
[810/1713] Building C object hal/security_unified/CMakeFiles/hal_security_unified.dir/crypto_osal/cfbb/os/crypto_osal_lib.c.obj
[811/1713] Building C object hal/security_unified/CMakeFiles/hal_security_unified.dir/crypto_osal/cfbb/crypto_security.c.obj
[812/1713] Building C object hal/security_unified/CMakeFiles/hal_security_unified.dir/hal_cipher/pke/alg/drv_common_pke.c.obj
[813/1713] Building C object hal/security_unified/CMakeFiles/hal_security_unified.dir/hal_cipher/pke/alg/ecc_ec_fp_sign_verify_common.c.obj
[814/1713] Building C object hal/security_unified/CMakeFiles/hal_security_unified.dir/hal_cipher/pke/arch/ecc_data_ram_addr.c.obj
[815/1713] Building C object hal/security_unified/CMakeFiles/hal_security_unified.dir/hal_cipher/pke/arch/rom_lib.c.obj
[816/1713] Building C object hal/security_unified/CMakeFiles/hal_security_unified.dir/hal_cipher/pke/hal_pke.c.obj
[817/1713] Building C object hal/security_unified/CMakeFiles/hal_security_unified.dir/hal_cipher/spacc/hal_hash.c.obj
[818/1713] Building C object hal/security_unified/CMakeFiles/hal_security_unified.dir/hal_cipher/spacc/hal_symc.c.obj
[819/1713] Building C object hal/security_unified/CMakeFiles/hal_security_unified.dir/hal_cipher/trng/hal_trng.c.obj
[820/1713] Building C object hal/security_unified/CMakeFiles/hal_security_unified.dir/hal_fapc/hal_fapc.c.obj
[821/1713] Building C object hal/security_unified/CMakeFiles/hal_security_unified.dir/hal_km/hal_rkp.c.obj
[822/1713] Building C object hal/security_unified/CMakeFiles/hal_security_unified.dir/hal_km/hal_keyslot.c.obj
[823/1713] Building C object hal/security_unified/CMakeFiles/hal_security_unified.dir/hal_km/hal_klad.c.obj
[824/1713] Building C object hal/security_unified/CMakeFiles/hal_security_unified.dir/hal_cipher/pke/arch/rsa_data_ram_addr.c.obj
[825/1713] Building C object hal/security_unified/CMakeFiles/hal_security_unified.dir/hal_cipher/pke/alg/rsa.c.obj
[826/1713] Building C object hal/security_unified/CMakeFiles/hal_security_unified.dir/hal_cipher/pke/alg/sm2_ec_fp_sign_verify.c.obj
[827/1713] Building C object hal/security_unified/CMakeFiles/hal_security_unified.dir/hal_cipher/pke/alg/ecc_ec_fp_sign_common.c.obj
[828/1713] Building C object hal/security_unified/CMakeFiles/hal_security_unified.dir/hal_cipher/pke/alg/ecc_ec_fp_sign.c.obj
[829/1713] Building C object hal/security_unified/CMakeFiles/hal_security_unified.dir/hal_cipher/pke/alg/ecc_ec_fp_verify_common.c.obj
[830/1713] Building C object hal/security_unified/CMakeFiles/hal_security_unified.dir/hal_cipher/pke/alg/ecc_ec_fp_verify.c.obj
[831/1713] Building C object hal/spi/CMakeFiles/hal_spi.dir/hal_spi.c.obj
[832/1713] Building C object hal/spi/CMakeFiles/hal_spi.dir/v151/hal_spi_v151.c.obj
[833/1713] Building C object hal/spi/CMakeFiles/hal_spi.dir/v151/hal_spi_v151_regs_op.c.obj
[834/1713] Building C object hal/uart/CMakeFiles/hal_uart.dir/hal_uart.c.obj
[835/1713] Building C object hal/uart/CMakeFiles/hal_uart.dir/v151/hal_uart_v151.c.obj
[836/1713] Building C object hal/uart/CMakeFiles/hal_uart.dir/v151/hal_uart_v151_regs_op.c.obj
[837/1713] Building C object hal/tsensor/CMakeFiles/hal_tsensor.dir/hal_tsensor.c.obj
[838/1713] Building C object hal/tsensor/CMakeFiles/hal_tsensor.dir/v151/hal_tsensor_v151.c.obj
[839/1713] Building C object hal/tsensor/CMakeFiles/hal_tsensor.dir/v151/hal_tsensor_v151_regs_op.c.obj
[840/1713] Building C object hal/sio/CMakeFiles/hal_sio.dir/hal_sio.c.obj
[841/1713] Building C object hal/sio/CMakeFiles/hal_sio.dir/hal_sio_v151/hal_sio_v151.c.obj
[842/1713] Building C object hal/sio/CMakeFiles/hal_sio.dir/hal_sio_v151/hal_sio_v151_regs_op.c.obj
[843/1713] Building C object drivers/chips/ws63/CMakeFiles/chip_ws63.dir/arch/riscv/riscv31/interrupt.c.obj
[844/1713] Building C object drivers/chips/ws63/CMakeFiles/chip_ws63.dir/arch/riscv/riscv31/interrupt_handler.c.obj
[845/1713] Building ASM object drivers/chips/ws63/CMakeFiles/chip_ws63.dir/arch/riscv/riscv31/vectors.s.obj
[846/1713] Building C object drivers/chips/ws63/CMakeFiles/chip_ws63.dir/arch/riscv/riscv31/flash_patch.c.obj
[847/1713] Building C object drivers/chips/ws63/CMakeFiles/chip_ws63.dir/interrupt/interrupt_adapter.c.obj
[848/1713] Building C object drivers/chips/ws63/CMakeFiles/chip_ws63.dir/vectors/vectors.c.obj
[849/1713] Building C object drivers/chips/ws63/CMakeFiles/chip_ws63.dir/interrupt/interrupt_os_adapter.c.obj
[850/1713] Building C object drivers/chips/ws63/CMakeFiles/chip_ws63.dir/arch/riscv/riscv31/oam_trace.c.obj
[851/1713] Building C object drivers/chips/ws63/porting/adc/CMakeFiles/adc_port.dir/adc_porting.c.obj
[852/1713] Building C object drivers/chips/ws63/porting/arch/CMakeFiles/pmp_cfg_ws63.dir/riscv/pmp_cfg.c.obj
[853/1713] Building C object drivers/chips/ws63/porting/gpio/CMakeFiles/gpio_port.dir/gpio_porting.c.obj
[854/1713] Building C object drivers/chips/ws63/porting/liteos/CMakeFiles/liteos_port.dir/riscv31/idle_config.c.obj
[855/1713] Building C object drivers/chips/ws63/porting/liteos/CMakeFiles/liteos_port.dir/riscv31/tick_timer.c.obj
[856/1713] Building C object drivers/chips/ws63/porting/liteos/CMakeFiles/liteos_port.dir/riscv31/memory_info.c.obj
[857/1713] Building C object drivers/chips/ws63/porting/pwm/CMakeFiles/pwm_port.dir/pwm_porting.c.obj
[858/1713] Building C object drivers/chips/ws63/porting/uart/CMakeFiles/uart_port.dir/uart_porting.c.obj
[859/1713] Building C object drivers/chips/ws63/porting/pmp/CMakeFiles/pmp_port.dir/pmp_porting.c.obj
[860/1713] Building C object drivers/chips/ws63/porting/i2c/CMakeFiles/i2c_porting.dir/i2c_porting.c.obj
[861/1713] Building C object drivers/chips/ws63/porting/dma/CMakeFiles/dma_port.dir/dma_porting.c.obj
[862/1713] Building C object drivers/chips/ws63/porting/spi/CMakeFiles/spi_porting.dir/spi_porting.c.obj
[863/1713] Building C object drivers/chips/ws63/porting/sfc/flash_config/CMakeFiles/sfc_flash_config_ws63.dir/flash_config_info.c.obj
[864/1713] Building C object drivers/chips/ws63/porting/sfc/porting/CMakeFiles/sfc_port_ws63.dir/sfc_porting.c.obj
[865/1713] Building C object drivers/chips/ws63/porting/sfc/porting/CMakeFiles/sfc_port_ws63.dir/sfc_protect.c.obj
[866/1713] Building C object drivers/chips/ws63/porting/sfc/porting/CMakeFiles/sfc_port_ws63.dir/sfc_protect_gd25q32.c.obj
[867/1713] Building C object drivers/chips/ws63/porting/tsensor/CMakeFiles/tsensor_port.dir/tsensor_porting.c.obj
[868/1713] Building C object drivers/chips/ws63/porting/efuse/CMakeFiles/efuse_port.dir/efuse_porting.c.obj
[869/1713] Building C object drivers/chips/ws63/porting/sio/CMakeFiles/sio_port.dir/sio_porting.c.obj
[870/1713] Building C object drivers/chips/ws63/porting/reboot/CMakeFiles/reboot_port.dir/reboot_porting.c.obj
[871/1713] Building C object drivers/chips/ws63/porting/soc/CMakeFiles/soc_port.dir/soc_porting.c.obj
[872/1713] Building C object drivers/chips/ws63/porting/version/CMakeFiles/version_port.dir/version_porting.c.obj
[873/1713] Building C object drivers/chips/ws63/porting/pm/CMakeFiles/pm_port_ws63.dir/pm_porting.c.obj
[874/1713] Building C object drivers/chips/ws63/porting/xo_trim/CMakeFiles/xo_trim_port.dir/xo_trim_porting.c.obj
[875/1713] Building C object drivers/chips/ws63/dyn_mem/CMakeFiles/dyn_mem.dir/dyn_mem.c.obj
[876/1713] Building ASM object middleware/chips/ws63/exception/CMakeFiles/dfx_exception.dir/exception_riscv.s.obj
[877/1713] Building C object middleware/chips/ws63/exception/CMakeFiles/dfx_exception.dir/exception_riscv.c.obj
[878/1713] Building C object middleware/chips/ws63/dfx/CMakeFiles/dfx_port_ws63.dir/dfx_channel.c.obj
[879/1713] Building C object middleware/chips/ws63/dfx/CMakeFiles/dfx_port_ws63.dir/dfx_system_init.c.obj
[880/1713] Building C object middleware/chips/ws63/dfx/CMakeFiles/dfx_port_ws63.dir/diag_adapt_cmd_mem.c.obj
[881/1713] Building C object middleware/chips/ws63/dfx/CMakeFiles/dfx_port_ws63.dir/last_dump_adapt.c.obj
[882/1713] Building C object middleware/chips/ws63/dfx/CMakeFiles/dfx_port_ws63.dir/sample_data_adapt.c.obj
[883/1713] Building C object middleware/chips/ws63/dfx/CMakeFiles/dfx_port_ws63.dir/diag_adapt_sdt.c.obj
[884/1713] Building C object middleware/chips/ws63/dfx/CMakeFiles/dfx_port_ws63.dir/diag_adapt_psd.c.obj
[885/1713] Building C object middleware/chips/ws63/dfx/CMakeFiles/dfx_port_ws63.dir/diag_sample_data.c.obj
[886/1713] Building C object middleware/chips/ws63/partition/CMakeFiles/partition_ws63.dir/partition_porting.c.obj
[887/1713] Building C object middleware/chips/ws63/nv/nv_porting/CMakeFiles/nv_ws63.dir/nv_flash.c.obj
[888/1713] Building C object middleware/chips/ws63/nv/nv_porting/CMakeFiles/nv_ws63.dir/nv_crypto.c.obj
[889/1713] Building C object middleware/chips/ws63/nv/nv_zdiag/CMakeFiles/nv_zdiag_ws63.dir/nv_adapt_zdiag.c.obj
[890/1713] Building C object middleware/chips/ws63/update/common/CMakeFiles/update_common_ws63.dir/upg_common_porting.c.obj
[891/1713] Building C object middleware/chips/ws63/update/storage/CMakeFiles/update_storage_ws63.dir/upg_backup.c.obj
[892/1713] Building C object middleware/chips/ws63/update/ab_upg/CMakeFiles/update_ab_ws63.dir/upg_ab.c.obj
[893/1713] Building C object middleware/chips/ws63/mac_addr/CMakeFiles/mac_addr_ws63.dir/mac_addr.c.obj
[894/1713] Building C object middleware/chips/ws63/factory/CMakeFiles/factory_ws63.dir/factory.c.obj
[895/1713] Building C object services/wifi_service/service/CMakeFiles/wifi_service.dir/soc_wifi_service_api.c.obj
[896/1713] Building C object services/srv_tiot_host/CMakeFiles/tiot_driver.dir/tiot_driver/device/w33/w33_dev_customize.c.obj
[897/1713] Building C object services/srv_tiot_host/CMakeFiles/tiot_driver.dir/tiot_driver/device/w33/w33_device_info.c.obj
[898/1713] Building C object services/srv_tiot_host/CMakeFiles/tiot_driver.dir/tiot_driver/device/w33/w33_service.c.obj
[899/1713] Building C object services/srv_tiot_host/CMakeFiles/tiot_driver.dir/tiot_driver/common/controller/tiot_controller.c.obj
[900/1713] Building C object services/srv_tiot_host/CMakeFiles/tiot_driver.dir/tiot_driver/common/fw_load/tiot_firmware.c.obj
[901/1713] Building C object services/srv_tiot_host/CMakeFiles/tiot_driver.dir/tiot_driver/common/fw_load/cfg_handle_priv/tiot_cfg_handle_priv.c.obj
[902/1713] Building C object services/srv_tiot_host/CMakeFiles/tiot_driver.dir/tiot_driver/common/interface/board_interface/board_internal/tiot_board_xmit_ops.c.obj
[903/1713] Building C object services/srv_tiot_host/CMakeFiles/tiot_driver.dir/tiot_driver/common/interface/device_interface/tiot_service_interface.c.obj
[904/1713] Building C object services/srv_tiot_host/CMakeFiles/tiot_driver.dir/tiot_driver/common/pm/pm_default/tiot_pm_default.c.obj
[905/1713] Building C object services/srv_tiot_host/CMakeFiles/tiot_driver.dir/tiot_driver/common/pm/tiot_pm.c.obj
[906/1713] Building C object services/srv_tiot_host/CMakeFiles/tiot_driver.dir/tiot_driver/common/pm/tiot_pm_wakelock.c.obj
[907/1713] Building C object services/srv_tiot_host/CMakeFiles/tiot_driver.dir/tiot_driver/common/transfer/packet_handle/tiot_packet/tiot_packet_manager.c.obj
[908/1713] Building C object services/srv_tiot_host/CMakeFiles/tiot_driver.dir/tiot_driver/common/transfer/packet_handle/tiot_packet/tiot_packet.c.obj
[909/1713] Building C object services/srv_tiot_host/CMakeFiles/tiot_driver.dir/tiot_driver/common/transfer/tiot_xfer.c.obj
[910/1713] Building C object services/srv_tiot_host/CMakeFiles/tiot_driver.dir/tiot_driver/common/transfer/tiot_xfer_utils.c.obj
[911/1713] Building C object services/srv_tiot_host/CMakeFiles/tiot_driver.dir/tiot_driver/common/sys_msg_handler/tiot_sys_msg_handle.c.obj
[912/1713] Building C object services/srv_tiot_host/CMakeFiles/tiot_driver.dir/tiot_driver/common/utils/circ_queue/tiot_circ_queue.c.obj
[913/1713] Building C object services/srv_tiot_host/CMakeFiles/tiot_driver.dir/tiot_driver/common/utils/fileops/tiot_fileops.c.obj
[914/1713] Building C object services/srv_tiot_host/CMakeFiles/tiot_driver.dir/tiot_driver/common/utils/misc/tiot_misc.c.obj
[915/1713] Building C object services/srv_tiot_host/CMakeFiles/tiot_driver.dir/tiot_driver/product_porting/common/w33_board_port.c.obj
[916/1713] Building C object services/srv_tiot_host/CMakeFiles/tiot_driver.dir/tiot_driver/product_porting/common/tiot_board_uart_port.c.obj
[917/1713] Building C object services/srv_tiot_host/CMakeFiles/tiot_driver.dir/tiot_driver/product_porting/common/tiot_board_pin_port.c.obj
[918/1713] Building C object services/srv_tiot_host/CMakeFiles/tiot_driver.dir/tiot_driver/product_porting/common/tiot_board_misc_port.c.obj
[919/1713] Building C object services/srv_tiot_host/CMakeFiles/tiot_driver.dir/tiot_driver/product_porting/ws63_w33_evb/firmware/w33_fw_file_array.c.obj
[920/1713] Building C object utils/algorithm/CMakeFiles/algorithm.dir/crc/uapi_crc16.c.obj
[921/1713] Building C object utils/algorithm/CMakeFiles/algorithm.dir/crc/uapi_crc32.c.obj
[922/1713] Building C object utils/algorithm/CMakeFiles/algorithm.dir/sha256/sha256.c.obj
[923/1713] Building C object utils/algorithm/CMakeFiles/algorithm.dir/sec_random/sec_random.c.obj
[924/1713] Building C object utils/algorithm/CMakeFiles/algorithm.dir/cstl/cstl_hash.c.obj
[925/1713] Building C object utils/algorithm/CMakeFiles/algorithm.dir/cstl/cstl_rawlist.c.obj
[926/1713] Building C object utils/algorithm/CMakeFiles/algorithm.dir/cstl/cstl_public.c.obj
[927/1713] Building C object utils/app_init/CMakeFiles/app_init.dir/app_init.c.obj
[928/1713] Building C object utils/at/at/CMakeFiles/at.dir/src/at_cmd.c.obj
[929/1713] Building C object utils/at/at/CMakeFiles/at.dir/src/at_msg.c.obj
[930/1713] Building C object utils/at/at/CMakeFiles/at.dir/src/at_parse.c.obj
[931/1713] Building C object utils/at/at/CMakeFiles/at.dir/src/at_channel.c.obj
[932/1713] Building C object utils/at/at/CMakeFiles/at.dir/src/at_process.c.obj
[933/1713] Building C object utils/at/at/CMakeFiles/at.dir/src/at_report.c.obj
[934/1713] Building C object utils/at/at/CMakeFiles/at.dir/src/at_base.c.obj
[935/1713] Building C object utils/at/at/CMakeFiles/at.dir/src/at_notify.c.obj
[936/1713] Building C object utils/at/at/CMakeFiles/at.dir/src/at_zdiag.c.obj
[937/1713] Building C object utils/at/at_wifi_cmd/CMakeFiles/wifi_at.dir/at/at_ccpriv.c.obj
[938/1713] Building C object utils/at/at_wifi_cmd/CMakeFiles/wifi_at.dir/at/at_mfg.c.obj
[939/1713] Building C object utils/at/at_wifi_cmd/CMakeFiles/wifi_at.dir/at/at_register.c.obj
[940/1713] Building C object utils/at/at_wifi_cmd/CMakeFiles/wifi_at.dir/at/at_wifi.c.obj
[941/1713] Building C object utils/at/at_wifi_cmd/CMakeFiles/wifi_at.dir/at/at_utils.c.obj
[942/1713] Building C object utils/at/at_wifi_cmd/CMakeFiles/wifi_at.dir/src/at_cmd_register.c.obj
[943/1713] Building C object utils/at/at_wifi_cmd/CMakeFiles/wifi_at.dir/at/at_sendtest.c.obj
[944/1713] Building C object utils/at/at_plt_cmd/CMakeFiles/plt_at.dir/at/at_plt.c.obj
[945/1713] Building C object utils/at/at_plt_cmd/CMakeFiles/plt_at.dir/src/at_plt_cmd_register.c.obj
[946/1713] Building C object utils/dfx/CMakeFiles/dfx_diag.dir/zdiag/romable/diag_oam_log.c.obj
[947/1713] Building C object utils/dfx/CMakeFiles/dfx_diag.dir/zdiag/romable/diag_rom_api.c.obj
[948/1713] Building C object utils/dfx/CMakeFiles/dfx_diag.dir/zdiag/zdiag_channel.c.obj
[949/1713] Building C object utils/dfx/CMakeFiles/dfx_diag.dir/zdiag/zdiag_cmd_dst.c.obj
[950/1713] Building C object utils/dfx/CMakeFiles/dfx_diag.dir/zdiag/zdiag_cmd_src.c.obj
[951/1713] Building C object utils/dfx/CMakeFiles/dfx_diag.dir/zdiag/zdiag_debug.c.obj
[952/1713] Building C object utils/dfx/CMakeFiles/dfx_diag.dir/zdiag/zdiag_dfx.c.obj
[953/1713] Building C object utils/dfx/CMakeFiles/dfx_diag.dir/zdiag/zdiag_filter.c.obj
[954/1713] Building C object utils/dfx/CMakeFiles/dfx_diag.dir/zdiag/zdiag_ind_dst.c.obj
[955/1713] Building C object utils/dfx/CMakeFiles/dfx_diag.dir/zdiag/zdiag_ind_src.c.obj
[956/1713] Building C object utils/dfx/CMakeFiles/dfx_diag.dir/zdiag/zdiag_mem.c.obj
[957/1713] Building C object utils/dfx/CMakeFiles/dfx_diag.dir/zdiag/zdiag_msg.c.obj
[958/1713] Building C object utils/dfx/CMakeFiles/dfx_diag.dir/zdiag/zdiag_pkt.c.obj
[959/1713] Building C object utils/dfx/CMakeFiles/dfx_diag.dir/zdiag/zdiag_pkt_router.c.obj
[960/1713] Building C object utils/dfx/CMakeFiles/dfx_diag.dir/zdiag/zdiag_rx_api.c.obj
[961/1713] Building C object utils/dfx/CMakeFiles/dfx_diag.dir/zdiag/zdiag_stat.c.obj
[962/1713] Building C object utils/dfx/CMakeFiles/dfx_diag.dir/zdiag/zdiag_tx.c.obj
[963/1713] Building C object utils/dfx/CMakeFiles/dfx_diag.dir/zdiag/diag_system_cmd/diag_cmd_beat_heart.c.obj
[964/1713] Building C object utils/dfx/CMakeFiles/dfx_diag.dir/zdiag/diag_system_cmd/diag_cmd_connect.c.obj
[965/1713] Building C object utils/dfx/CMakeFiles/dfx_diag.dir/zdiag/diag_system_cmd/diag_cmd_filter.c.obj
[966/1713] Building C object utils/dfx/CMakeFiles/dfx_diag.dir/zdiag/diag_system_cmd/diag_cmd_get_mem_info.c.obj
[967/1713] Building C object utils/dfx/CMakeFiles/dfx_diag.dir/zdiag/diag_system_cmd/diag_cmd_get_task_info.c.obj
[968/1713] Building C object utils/dfx/CMakeFiles/dfx_diag.dir/zdiag/diag_system_cmd/diag_cmd_get_res_info.c.obj
[969/1713] Building C object utils/dfx/CMakeFiles/dfx_diag.dir/zdiag/diag_system_cmd/diag_cmd_get_init_info.c.obj
[970/1713] Building C object utils/dfx/CMakeFiles/dfx_diag.dir/zdiag/diag_system_cmd/diag_cmd_get_cpup.c.obj
[971/1713] Building C object utils/dfx/CMakeFiles/dfx_diag.dir/zdiag/diag_system_cmd/diag_cmd_log_level.c.obj
[972/1713] Building C object utils/dfx/CMakeFiles/dfx_diag.dir/zdiag/diag_system_cmd/diag_cmd_mem_read_write.c.obj
[973/1713] Building C object utils/dfx/CMakeFiles/dfx_diag.dir/zdiag/diag_system_cmd/diag_cmd_offline_log.c.obj
[974/1713] Building C object utils/dfx/CMakeFiles/dfx_diag.dir/zdiag/diag_system_cmd/diag_cmd_password.c.obj
[975/1713] Building C object utils/dfx/CMakeFiles/dfx_diag.dir/zdiag/diag_system_cmd/diag_cmd_trace_info.c.obj
[976/1713] Building C object utils/dfx/CMakeFiles/dfx_diag.dir/zdiag/diag_system_cmd/diag_cmd_stat.c.obj
[977/1713] Building C object utils/dfx/CMakeFiles/dfx_diag.dir/zdiag/diag_system_cmd/diag_mocked_shell.c.obj
[978/1713] Building C object utils/dfx/CMakeFiles/dfx_diag.dir/zdiag/diag_system_cmd/last_dump.c.obj
[979/1713] Building C object utils/dfx/CMakeFiles/dfx_diag.dir/zdiag/diag_system_cmd/diag_bt_sample_data.c.obj
[980/1713] Building C object utils/dfx/CMakeFiles/dfx_diag.dir/dfx_os/liteos_v1/dfx_mem.c.obj
[981/1713] Building C object utils/dfx/CMakeFiles/dfx_diag.dir/dfx_os/liteos_v1/dfx_task.c.obj
[982/1713] Building C object utils/dfx/CMakeFiles/dfx_diag.dir/dfx_os/liteos_v1/dfx_res.c.obj
[983/1713] Building C object utils/dfx/CMakeFiles/dfx_diag.dir/dfx_os/liteos_v1/dfx_cpup.c.obj
[984/1713] Building C object utils/dfx/CMakeFiles/dfx_diag.dir/dfx_os/liteos_v1/dfx_trace.c.obj
[985/1713] Building C object utils/dfx/CMakeFiles/dfx_panic.dir/panic/private/panic.c.obj
[986/1713] Building C object utils/dfx/CMakeFiles/dfx_panic.dir/panic/private/panic_rom.c.obj
[987/1713] Building C object utils/dfx/CMakeFiles/soc_log.dir/soc_log/soc_log.c.obj
[988/1713] Building C object utils/dfx/CMakeFiles/soc_log.dir/soc_log/soc_log_uart_instance.c.obj
[989/1713] Building C object utils/dfx/CMakeFiles/log_file.dir/log_file/log_file.c.obj
[990/1713] Building C object utils/dfx/CMakeFiles/log_file.dir/log_file/log_file_file.c.obj
[991/1713] Building C object utils/dfx/CMakeFiles/log_file.dir/log_file/log_file_flash.c.obj
[992/1713] Building C object utils/dfx/CMakeFiles/dfx_preserve.dir/preserve/private/preserve.c.obj
[993/1713] Building C object utils/dfx/CMakeFiles/dfx_preserve.dir/preserve/private/crash_data.c.obj
[994/1713] Building C object utils/dfx/CMakeFiles/dfx_log.dir/log/log.c.obj
[995/1713] Building C object utils/dfx/CMakeFiles/dfx_log.dir/log/log_oam_logger.c.obj
[996/1713] Building C object utils/dfx/CMakeFiles/dfx_log.dir/log/log_oam_mem_query.c.obj
[997/1713] Building C object utils/dfx/CMakeFiles/dfx_log.dir/log/log_oam_ota.c.obj
[998/1713] Building C object utils/dfx/CMakeFiles/dfx_log.dir/log/log_oam_pcm.c.obj
[999/1713] Building C object utils/dfx/CMakeFiles/dfx_log.dir/log/log_oam_reg_query.c.obj
[1000/1713] Building C object utils/dfx/CMakeFiles/dfx_log.dir/log/log_oam_status.c.obj
[1001/1713] Building C object utils/dfx/CMakeFiles/dfx_log.dir/log/log_oam_dscr_cb.c.obj
[1002/1713] Building C object utils/dfx/CMakeFiles/dfx_log.dir/log/log_oml_exception.c.obj
[1003/1713] Building C object utils/dfx/CMakeFiles/dfx_log.dir/log/log_oml_ota_rom.c.obj
[1004/1713] Building C object utils/dfx/CMakeFiles/dfx_log.dir/log/log_printf.c.obj
[1005/1713] Building C object utils/dfx/CMakeFiles/dfx_log.dir/log/log_printf_rom.c.obj
[1006/1713] Building C object utils/dfx/CMakeFiles/dfx_log.dir/log/log_reg_dump.c.obj
[1007/1713] Building C object utils/dfx/CMakeFiles/dfx_log.dir/log/log_trigger.c.obj
[1008/1713] Building C object utils/dfx/CMakeFiles/dfx_log.dir/log/log_oam_msg.c.obj
[1009/1713] Building C object utils/dfx/CMakeFiles/dfx_log.dir/log_buffer/log_buffer.c.obj
[1010/1713] Building C object utils/dfx/CMakeFiles/dfx_log.dir/log_buffer/log_buffer_reader.c.obj
[1011/1713] Building C object utils/dfx/CMakeFiles/dfx_log.dir/log_buffer/log_memory_region.c.obj
[1012/1713] Building C object utils/dfx/CMakeFiles/dfx_log.dir/log_buffer/log_memory_section.c.obj
[1013/1713] Building C object utils/dfx/CMakeFiles/dfx_log_reader.dir/log_reader/log_uart.c.obj
[1014/1713] Building C object utils/dfx/CMakeFiles/dfx_printer.dir/dfx_print/dfx_print.c.obj
[1015/1713] Building C object utils/dfx/dfx_reboot/cpu_utils/CMakeFiles/cpu_utils.dir/private/cpu_utils.c.obj
[1016/1713] Building C object utils/dfx/dfx_reboot/reboot/CMakeFiles/reboot.dir/shared/non_os_reboot.c.obj
[1017/1713] Building C object utils/dfx/diag_dfx_cmd/CMakeFiles/diag_dfx_cmd.dir/diag_dfx_cmd_init.c.obj
[1018/1713] Building C object utils/nv/CMakeFiles/nv.dir/nv_storage_app/soc_nv_storage_handle.c.obj
[1019/1713] Building C object utils/nv/CMakeFiles/nv.dir/nv_storage_app/soc_nv_storage.c.obj
[1020/1713] Building C object utils/nv/CMakeFiles/nv.dir/nv_storage_lib/nv_key.c.obj
[1021/1713] Building C object utils/nv/CMakeFiles/nv.dir/nv_storage_lib/nv_notify.c.obj
[1022/1713] Building C object utils/nv/CMakeFiles/nv.dir/nv_storage_lib/nv_nvregion.c.obj
[1023/1713] Building C object utils/nv/CMakeFiles/nv.dir/nv_storage_lib/nv_page.c.obj
[1024/1713] Building C object utils/nv/CMakeFiles/nv.dir/nv_storage_lib/nv_reset.c.obj
[1025/1713] Building C object utils/nv/CMakeFiles/nv.dir/nv_storage_lib/nv_rpc.c.obj
[1026/1713] Building C object utils/nv/CMakeFiles/nv.dir/nv_storage_lib/nv_store.c.obj
[1027/1713] Building C object utils/nv/CMakeFiles/nv.dir/nv_storage_lib/nv_update.c.obj
[1028/1713] Building C object utils/nv/CMakeFiles/nv.dir/nv_storage_lib/nv_upg.c.obj
[1029/1713] Building C object utils/nv/CMakeFiles/nv.dir/nv_storage_lib/nv_debug.c.obj
[1030/1713] Building C object utils/nv/CMakeFiles/nv.dir/nv_storage_lib/nv_async_store.c.obj
[1031/1713] Building C object utils/partition/CMakeFiles/partition.dir/partition.c.obj
[1032/1713] Building C object utils/update/common/CMakeFiles/update_common.dir/upg_alloc.c.obj
[1033/1713] Building C object utils/update/common/CMakeFiles/update_common.dir/upg_common.c.obj
[1034/1713] Building C object utils/update/common/CMakeFiles/update_common.dir/upg_verify.c.obj
[1035/1713] Building C object utils/update/storage/CMakeFiles/update_storage.dir/upg_storage.c.obj
[1036/1713] Building C object utils/mips/CMakeFiles/mips.dir/private/mips.c.obj
[1037/1713] Building C object open_source/cjson/CMakeFiles/cjson.dir/cjson/cJSON.c.obj
[1038/1713] Building C object open_source/cjson/CMakeFiles/cjson.dir/cjson/cJSON_Utils.c.obj
[1039/1713] Building C object open_source/lvgl/CMakeFiles/lvgl.dir/src/core/lv_group.c.obj
[1040/1713] Building C object open_source/lvgl/CMakeFiles/lvgl.dir/src/core/lv_obj.c.obj
[1041/1713] Building C object open_source/lvgl/CMakeFiles/lvgl.dir/src/core/lv_obj_class.c.obj
[1042/1713] Building C object open_source/lvgl/CMakeFiles/lvgl.dir/src/core/lv_obj_draw.c.obj
[1043/1713] Building C object open_source/lvgl/CMakeFiles/lvgl.dir/src/core/lv_obj_event.c.obj
[1044/1713] Building C object open_source/lvgl/CMakeFiles/lvgl.dir/src/core/lv_obj_id_builtin.c.obj
[1045/1713] Building C object open_source/lvgl/CMakeFiles/lvgl.dir/src/core/lv_obj_pos.c.obj
[1046/1713] Building C object open_source/lvgl/CMakeFiles/lvgl.dir/src/core/lv_obj_property.c.obj
[1047/1713] Building C object open_source/lvgl/CMakeFiles/lvgl.dir/src/core/lv_obj_scroll.c.obj
[1048/1713] Building C object open_source/lvgl/CMakeFiles/lvgl.dir/src/core/lv_obj_style.c.obj
[1049/1713] Building C object open_source/lvgl/CMakeFiles/lvgl.dir/src/core/lv_obj_style_gen.c.obj
[1050/1713] Building C object open_source/lvgl/CMakeFiles/lvgl.dir/src/core/lv_obj_tree.c.obj
[1051/1713] Building C object open_source/lvgl/CMakeFiles/lvgl.dir/src/core/lv_refr.c.obj
[1052/1713] Building C object open_source/lvgl/CMakeFiles/lvgl.dir/src/display/lv_display.c.obj
[1053/1713] Building C object open_source/lvgl/CMakeFiles/lvgl.dir/src/draw/convert/helium/lv_draw_buf_convert_helium.c.obj
[1054/1713] Building C object open_source/lvgl/CMakeFiles/lvgl.dir/src/draw/convert/lv_draw_buf_convert.c.obj
[1055/1713] Building C object open_source/lvgl/CMakeFiles/lvgl.dir/src/draw/convert/neon/lv_draw_buf_convert_neon.c.obj
[1056/1713] Building C object open_source/lvgl/CMakeFiles/lvgl.dir/src/draw/dma2d/lv_draw_dma2d.c.obj
[1057/1713] Building C object open_source/lvgl/CMakeFiles/lvgl.dir/src/draw/dma2d/lv_draw_dma2d_fill.c.obj
[1058/1713] Building C object open_source/lvgl/CMakeFiles/lvgl.dir/src/draw/dma2d/lv_draw_dma2d_img.c.obj
[1059/1713] Building C object open_source/lvgl/CMakeFiles/lvgl.dir/src/draw/espressif/ppa/lv_draw_ppa.c.obj
[1060/1713] Building C object open_source/lvgl/CMakeFiles/lvgl.dir/src/draw/espressif/ppa/lv_draw_ppa_buf.c.obj
[1061/1713] Building C object open_source/lvgl/CMakeFiles/lvgl.dir/src/draw/espressif/ppa/lv_draw_ppa_fill.c.obj
[1062/1713] Building C object open_source/lvgl/CMakeFiles/lvgl.dir/src/draw/espressif/ppa/lv_draw_ppa_img.c.obj
[1063/1713] Building C object open_source/lvgl/CMakeFiles/lvgl.dir/src/draw/eve/lv_draw_eve.c.obj
[1064/1713] Building C object open_source/lvgl/CMakeFiles/lvgl.dir/src/draw/eve/lv_draw_eve_arc.c.obj
[1065/1713] Building C object open_source/lvgl/CMakeFiles/lvgl.dir/src/draw/eve/lv_draw_eve_fill.c.obj
[1066/1713] Building C object open_source/lvgl/CMakeFiles/lvgl.dir/src/draw/eve/lv_draw_eve_image.c.obj
[1067/1713] Building C object open_source/lvgl/CMakeFiles/lvgl.dir/src/draw/eve/lv_draw_eve_letter.c.obj
[1068/1713] Building C object open_source/lvgl/CMakeFiles/lvgl.dir/src/draw/eve/lv_draw_eve_line.c.obj
[1069/1713] Building C object open_source/lvgl/CMakeFiles/lvgl.dir/src/draw/eve/lv_draw_eve_ram_g.c.obj
[1070/1713] Building C object open_source/lvgl/CMakeFiles/lvgl.dir/src/draw/eve/lv_draw_eve_triangle.c.obj
[1071/1713] Building C object open_source/lvgl/CMakeFiles/lvgl.dir/src/draw/eve/lv_eve.c.obj
[1072/1713] Building C object open_source/lvgl/CMakeFiles/lvgl.dir/src/draw/lv_draw.c.obj
[1073/1713] Building C object open_source/lvgl/CMakeFiles/lvgl.dir/src/draw/lv_draw_3d.c.obj
[1074/1713] Building C object open_source/lvgl/CMakeFiles/lvgl.dir/src/draw/lv_draw_arc.c.obj
[1075/1713] Building C object open_source/lvgl/CMakeFiles/lvgl.dir/src/draw/lv_draw_buf.c.obj
[1076/1713] Building C object open_source/lvgl/CMakeFiles/lvgl.dir/src/draw/lv_draw_image.c.obj
[1077/1713] Building C object open_source/lvgl/CMakeFiles/lvgl.dir/src/draw/lv_draw_label.c.obj
[1078/1713] Building C object open_source/lvgl/CMakeFiles/lvgl.dir/src/draw/lv_draw_line.c.obj
[1079/1713] Building C object open_source/lvgl/CMakeFiles/lvgl.dir/src/draw/lv_draw_mask.c.obj
[1080/1713] Building C object open_source/lvgl/CMakeFiles/lvgl.dir/src/draw/lv_draw_rect.c.obj
[1081/1713] Building C object open_source/lvgl/CMakeFiles/lvgl.dir/src/draw/lv_draw_triangle.c.obj
[1082/1713] Building C object open_source/lvgl/CMakeFiles/lvgl.dir/src/draw/lv_draw_vector.c.obj
[1083/1713] Building C object open_source/lvgl/CMakeFiles/lvgl.dir/src/draw/lv_image_decoder.c.obj
[1084/1713] Building C object open_source/lvgl/CMakeFiles/lvgl.dir/src/draw/nema_gfx/lv_draw_nema_gfx.c.obj
[1085/1713] Building C object open_source/lvgl/CMakeFiles/lvgl.dir/src/draw/nema_gfx/lv_draw_nema_gfx_arc.c.obj
[1086/1713] Building C object open_source/lvgl/CMakeFiles/lvgl.dir/src/draw/nema_gfx/lv_draw_nema_gfx_border.c.obj
[1087/1713] Building C object open_source/lvgl/CMakeFiles/lvgl.dir/src/draw/nema_gfx/lv_draw_nema_gfx_fill.c.obj
[1088/1713] Building C object open_source/lvgl/CMakeFiles/lvgl.dir/src/draw/nema_gfx/lv_draw_nema_gfx_img.c.obj
[1089/1713] Building C object open_source/lvgl/CMakeFiles/lvgl.dir/src/draw/nema_gfx/lv_draw_nema_gfx_label.c.obj
[1090/1713] Building C object open_source/lvgl/CMakeFiles/lvgl.dir/src/draw/nema_gfx/lv_draw_nema_gfx_layer.c.obj
[1091/1713] Building C object open_source/lvgl/CMakeFiles/lvgl.dir/src/draw/nema_gfx/lv_draw_nema_gfx_line.c.obj
[1092/1713] Building C object open_source/lvgl/CMakeFiles/lvgl.dir/src/draw/nema_gfx/lv_draw_nema_gfx_stm32_hal.c.obj
[1093/1713] Building C object open_source/lvgl/CMakeFiles/lvgl.dir/src/draw/nema_gfx/lv_draw_nema_gfx_triangle.c.obj
[1094/1713] Building C object open_source/lvgl/CMakeFiles/lvgl.dir/src/draw/nema_gfx/lv_draw_nema_gfx_utils.c.obj
[1095/1713] Building C object open_source/lvgl/CMakeFiles/lvgl.dir/src/draw/nema_gfx/lv_draw_nema_gfx_vector.c.obj
[1096/1713] Building C object open_source/lvgl/CMakeFiles/lvgl.dir/src/draw/nema_gfx/lv_nema_gfx_path.c.obj
[1097/1713] Building C object open_source/lvgl/CMakeFiles/lvgl.dir/src/draw/nxp/g2d/lv_draw_buf_g2d.c.obj
[1098/1713] Building C object open_source/lvgl/CMakeFiles/lvgl.dir/src/draw/nxp/g2d/lv_draw_g2d.c.obj
[1099/1713] Building C object open_source/lvgl/CMakeFiles/lvgl.dir/src/draw/nxp/g2d/lv_draw_g2d_fill.c.obj
[1100/1713] Building C object open_source/lvgl/CMakeFiles/lvgl.dir/src/draw/nxp/g2d/lv_draw_g2d_img.c.obj
[1101/1713] Building C object open_source/lvgl/CMakeFiles/lvgl.dir/src/draw/nxp/g2d/lv_g2d_buf_map.c.obj
[1102/1713] Building C object open_source/lvgl/CMakeFiles/lvgl.dir/src/draw/nxp/g2d/lv_g2d_utils.c.obj
[1103/1713] Building C object open_source/lvgl/CMakeFiles/lvgl.dir/src/draw/nxp/pxp/lv_draw_buf_pxp.c.obj
[1104/1713] Building C object open_source/lvgl/CMakeFiles/lvgl.dir/src/draw/nxp/pxp/lv_draw_pxp.c.obj
[1105/1713] Building C object open_source/lvgl/CMakeFiles/lvgl.dir/src/draw/nxp/pxp/lv_draw_pxp_fill.c.obj
[1106/1713] Building C object open_source/lvgl/CMakeFiles/lvgl.dir/src/draw/nxp/pxp/lv_draw_pxp_img.c.obj
[1107/1713] Building C object open_source/lvgl/CMakeFiles/lvgl.dir/src/draw/nxp/pxp/lv_draw_pxp_layer.c.obj
[1108/1713] Building C object open_source/lvgl/CMakeFiles/lvgl.dir/src/draw/nxp/pxp/lv_pxp_cfg.c.obj
[1109/1713] Building C object open_source/lvgl/CMakeFiles/lvgl.dir/src/draw/nxp/pxp/lv_pxp_osa.c.obj
[1110/1713] Building C object open_source/lvgl/CMakeFiles/lvgl.dir/src/draw/nxp/pxp/lv_pxp_utils.c.obj
[1111/1713] Building C object open_source/lvgl/CMakeFiles/lvgl.dir/src/draw/opengles/lv_draw_opengles.c.obj
[1112/1713] Building C object open_source/lvgl/CMakeFiles/lvgl.dir/src/draw/renesas/dave2d/lv_draw_dave2d.c.obj
[1113/1713] Building C object open_source/lvgl/CMakeFiles/lvgl.dir/src/draw/renesas/dave2d/lv_draw_dave2d_arc.c.obj
[1114/1713] Building C object open_source/lvgl/CMakeFiles/lvgl.dir/src/draw/renesas/dave2d/lv_draw_dave2d_border.c.obj
[1115/1713] Building C object open_source/lvgl/CMakeFiles/lvgl.dir/src/draw/renesas/dave2d/lv_draw_dave2d_fill.c.obj
[1116/1713] Building C object open_source/lvgl/CMakeFiles/lvgl.dir/src/draw/renesas/dave2d/lv_draw_dave2d_image.c.obj
[1117/1713] Building C object open_source/lvgl/CMakeFiles/lvgl.dir/src/draw/renesas/dave2d/lv_draw_dave2d_label.c.obj
[1118/1713] Building C object open_source/lvgl/CMakeFiles/lvgl.dir/src/draw/renesas/dave2d/lv_draw_dave2d_line.c.obj
[1119/1713] Building C object open_source/lvgl/CMakeFiles/lvgl.dir/src/draw/renesas/dave2d/lv_draw_dave2d_mask_rectangle.c.obj
[1120/1713] Building C object open_source/lvgl/CMakeFiles/lvgl.dir/src/draw/renesas/dave2d/lv_draw_dave2d_triangle.c.obj
[1121/1713] Building C object open_source/lvgl/CMakeFiles/lvgl.dir/src/draw/renesas/dave2d/lv_draw_dave2d_utils.c.obj
[1122/1713] Building C object open_source/lvgl/CMakeFiles/lvgl.dir/src/draw/sdl/lv_draw_sdl.c.obj
[1123/1713] Building C object open_source/lvgl/CMakeFiles/lvgl.dir/src/draw/sw/blend/lv_draw_sw_blend.c.obj
[1124/1713] Building C object open_source/lvgl/CMakeFiles/lvgl.dir/src/draw/sw/blend/lv_draw_sw_blend_to_al88.c.obj
[1125/1713] Building C object open_source/lvgl/CMakeFiles/lvgl.dir/src/draw/sw/blend/lv_draw_sw_blend_to_argb8888.c.obj
[1126/1713] Building C object open_source/lvgl/CMakeFiles/lvgl.dir/src/draw/sw/blend/lv_draw_sw_blend_to_argb8888_premultiplied.c.obj
[1127/1713] Building C object open_source/lvgl/CMakeFiles/lvgl.dir/src/draw/sw/blend/lv_draw_sw_blend_to_i1.c.obj
[1128/1713] Building C object open_source/lvgl/CMakeFiles/lvgl.dir/src/draw/sw/blend/lv_draw_sw_blend_to_l8.c.obj
[1129/1713] Building C object open_source/lvgl/CMakeFiles/lvgl.dir/src/draw/sw/blend/lv_draw_sw_blend_to_rgb565.c.obj
[1130/1713] Building C object open_source/lvgl/CMakeFiles/lvgl.dir/src/draw/sw/blend/lv_draw_sw_blend_to_rgb565_swapped.c.obj
[1131/1713] Building C object open_source/lvgl/CMakeFiles/lvgl.dir/src/draw/sw/blend/lv_draw_sw_blend_to_rgb888.c.obj
[1132/1713] Building C object open_source/lvgl/CMakeFiles/lvgl.dir/src/draw/sw/blend/neon/lv_draw_sw_blend_neon_to_rgb565.c.obj
[1133/1713] Building C object open_source/lvgl/CMakeFiles/lvgl.dir/src/draw/sw/blend/neon/lv_draw_sw_blend_neon_to_rgb888.c.obj
[1134/1713] Building C object open_source/lvgl/CMakeFiles/lvgl.dir/src/draw/sw/lv_draw_sw.c.obj
[1135/1713] Building C object open_source/lvgl/CMakeFiles/lvgl.dir/src/draw/sw/lv_draw_sw_arc.c.obj
[1136/1713] Building C object open_source/lvgl/CMakeFiles/lvgl.dir/src/draw/sw/lv_draw_sw_border.c.obj
[1137/1713] Building C object open_source/lvgl/CMakeFiles/lvgl.dir/src/draw/sw/lv_draw_sw_box_shadow.c.obj
[1138/1713] Building C object open_source/lvgl/CMakeFiles/lvgl.dir/src/draw/sw/lv_draw_sw_fill.c.obj
[1139/1713] Building C object open_source/lvgl/CMakeFiles/lvgl.dir/src/draw/sw/lv_draw_sw_grad.c.obj
[1140/1713] Building C object open_source/lvgl/CMakeFiles/lvgl.dir/src/draw/sw/lv_draw_sw_img.c.obj
[1141/1713] Building C object open_source/lvgl/CMakeFiles/lvgl.dir/src/draw/sw/lv_draw_sw_letter.c.obj
[1142/1713] Building C object open_source/lvgl/CMakeFiles/lvgl.dir/src/draw/sw/lv_draw_sw_line.c.obj
[1143/1713] Building C object open_source/lvgl/CMakeFiles/lvgl.dir/src/draw/sw/lv_draw_sw_mask.c.obj
[1144/1713] Building C object open_source/lvgl/CMakeFiles/lvgl.dir/src/draw/sw/lv_draw_sw_mask_rect.c.obj
[1145/1713] Building C object open_source/lvgl/CMakeFiles/lvgl.dir/src/draw/sw/lv_draw_sw_transform.c.obj
[1146/1713] Building C object open_source/lvgl/CMakeFiles/lvgl.dir/src/draw/sw/lv_draw_sw_triangle.c.obj
[1147/1713] Building C object open_source/lvgl/CMakeFiles/lvgl.dir/src/draw/sw/lv_draw_sw_utils.c.obj
[1148/1713] Building C object open_source/lvgl/CMakeFiles/lvgl.dir/src/draw/sw/lv_draw_sw_vector.c.obj
[1149/1713] Building C object open_source/lvgl/CMakeFiles/lvgl.dir/src/draw/vg_lite/lv_draw_buf_vg_lite.c.obj
[1150/1713] Building C object open_source/lvgl/CMakeFiles/lvgl.dir/src/draw/vg_lite/lv_draw_vg_lite.c.obj
[1151/1713] Building C object open_source/lvgl/CMakeFiles/lvgl.dir/src/draw/vg_lite/lv_draw_vg_lite_arc.c.obj
[1152/1713] Building C object open_source/lvgl/CMakeFiles/lvgl.dir/src/draw/vg_lite/lv_draw_vg_lite_border.c.obj
[1153/1713] Building C object open_source/lvgl/CMakeFiles/lvgl.dir/src/draw/vg_lite/lv_draw_vg_lite_box_shadow.c.obj
[1154/1713] Building C object open_source/lvgl/CMakeFiles/lvgl.dir/src/draw/vg_lite/lv_draw_vg_lite_fill.c.obj
[1155/1713] Building C object open_source/lvgl/CMakeFiles/lvgl.dir/src/draw/vg_lite/lv_draw_vg_lite_img.c.obj
[1156/1713] Building C object open_source/lvgl/CMakeFiles/lvgl.dir/src/draw/vg_lite/lv_draw_vg_lite_label.c.obj
[1157/1713] Building C object open_source/lvgl/CMakeFiles/lvgl.dir/src/draw/vg_lite/lv_draw_vg_lite_layer.c.obj
[1158/1713] Building C object open_source/lvgl/CMakeFiles/lvgl.dir/src/draw/vg_lite/lv_draw_vg_lite_line.c.obj
[1159/1713] Building C object open_source/lvgl/CMakeFiles/lvgl.dir/src/draw/vg_lite/lv_draw_vg_lite_mask_rect.c.obj
[1160/1713] Building C object open_source/lvgl/CMakeFiles/lvgl.dir/src/draw/vg_lite/lv_draw_vg_lite_triangle.c.obj
[1161/1713] Building C object open_source/lvgl/CMakeFiles/lvgl.dir/src/draw/vg_lite/lv_draw_vg_lite_vector.c.obj
[1162/1713] Building C object open_source/lvgl/CMakeFiles/lvgl.dir/src/draw/vg_lite/lv_vg_lite_decoder.c.obj
[1163/1713] Building C object open_source/lvgl/CMakeFiles/lvgl.dir/src/draw/vg_lite/lv_vg_lite_grad.c.obj
[1164/1713] Building C object open_source/lvgl/CMakeFiles/lvgl.dir/src/draw/vg_lite/lv_vg_lite_math.c.obj
[1165/1713] Building C object open_source/lvgl/CMakeFiles/lvgl.dir/src/draw/vg_lite/lv_vg_lite_path.c.obj
[1166/1713] Building C object open_source/lvgl/CMakeFiles/lvgl.dir/src/draw/vg_lite/lv_vg_lite_pending.c.obj
[1167/1713] Building C object open_source/lvgl/CMakeFiles/lvgl.dir/src/draw/vg_lite/lv_vg_lite_stroke.c.obj
[1168/1713] Building C object open_source/lvgl/CMakeFiles/lvgl.dir/src/draw/vg_lite/lv_vg_lite_utils.c.obj
[1169/1713] Building C object open_source/lvgl/CMakeFiles/lvgl.dir/src/drivers/display/drm/lv_linux_drm.c.obj
[1170/1713] Building C object open_source/lvgl/CMakeFiles/lvgl.dir/src/drivers/display/drm/lv_linux_drm_common.c.obj
[1171/1713] Building C object open_source/lvgl/CMakeFiles/lvgl.dir/src/drivers/display/drm/lv_linux_drm_egl.c.obj
[1172/1713] Building C object open_source/lvgl/CMakeFiles/lvgl.dir/src/drivers/display/fb/lv_linux_fbdev.c.obj
[1173/1713] Building C object open_source/lvgl/CMakeFiles/lvgl.dir/src/drivers/display/ft81x/lv_ft81x.c.obj
[1174/1713] Building C object open_source/lvgl/CMakeFiles/lvgl.dir/src/drivers/display/ili9341/lv_ili9341.c.obj
[1175/1713] Building C object open_source/lvgl/CMakeFiles/lvgl.dir/src/drivers/display/lcd/lv_lcd_generic_mipi.c.obj
[1176/1713] Building C object open_source/lvgl/CMakeFiles/lvgl.dir/src/drivers/display/nv3007/lv_nv3007.c.obj
[1177/1713] Building C object open_source/lvgl/CMakeFiles/lvgl.dir/src/drivers/display/nxp_elcdif/lv_nxp_elcdif.c.obj
[1178/1713] Building C object open_source/lvgl/CMakeFiles/lvgl.dir/src/drivers/display/renesas_glcdc/lv_renesas_glcdc.c.obj
[1179/1713] Building C object open_source/lvgl/CMakeFiles/lvgl.dir/src/drivers/display/st7735/lv_st7735.c.obj
[1180/1713] Building C object open_source/lvgl/CMakeFiles/lvgl.dir/src/drivers/display/st7789/lv_st7789.c.obj
[1181/1713] Building C object open_source/lvgl/CMakeFiles/lvgl.dir/src/drivers/display/st7796/lv_st7796.c.obj
[1182/1713] Building C object open_source/lvgl/CMakeFiles/lvgl.dir/src/drivers/display/st_ltdc/lv_st_ltdc.c.obj
[1183/1713] Building C object open_source/lvgl/CMakeFiles/lvgl.dir/src/drivers/draw/eve/lv_draw_eve_display.c.obj
[1184/1713] Building C object open_source/lvgl/CMakeFiles/lvgl.dir/src/drivers/evdev/lv_evdev.c.obj
[1185/1713] Building C object open_source/lvgl/CMakeFiles/lvgl.dir/src/drivers/libinput/lv_libinput.c.obj
[1186/1713] Building C object open_source/lvgl/CMakeFiles/lvgl.dir/src/drivers/libinput/lv_xkb.c.obj
[1187/1713] Building C object open_source/lvgl/CMakeFiles/lvgl.dir/src/drivers/nuttx/lv_nuttx_cache.c.obj
[1188/1713] Building C object open_source/lvgl/CMakeFiles/lvgl.dir/src/drivers/nuttx/lv_nuttx_entry.c.obj
[1189/1713] Building C object open_source/lvgl/CMakeFiles/lvgl.dir/src/drivers/nuttx/lv_nuttx_fbdev.c.obj
[1190/1713] Building C object open_source/lvgl/CMakeFiles/lvgl.dir/src/drivers/nuttx/lv_nuttx_image_cache.c.obj
[1191/1713] Building C object open_source/lvgl/CMakeFiles/lvgl.dir/src/drivers/nuttx/lv_nuttx_lcd.c.obj
[1192/1713] Building C object open_source/lvgl/CMakeFiles/lvgl.dir/src/drivers/nuttx/lv_nuttx_libuv.c.obj
[1193/1713] Building C object open_source/lvgl/CMakeFiles/lvgl.dir/src/drivers/nuttx/lv_nuttx_mouse.c.obj
[1194/1713] Building C object open_source/lvgl/CMakeFiles/lvgl.dir/src/drivers/nuttx/lv_nuttx_profiler.c.obj
[1195/1713] Building C object open_source/lvgl/CMakeFiles/lvgl.dir/src/drivers/nuttx/lv_nuttx_touchscreen.c.obj
[1196/1713] Building C object open_source/lvgl/CMakeFiles/lvgl.dir/src/drivers/opengles/assets/lv_opengles_shader.c.obj
[1197/1713] Building C object open_source/lvgl/CMakeFiles/lvgl.dir/src/drivers/opengles/glad/src/egl.c.obj
[1198/1713] Building C object open_source/lvgl/CMakeFiles/lvgl.dir/src/drivers/opengles/glad/src/gles2.c.obj
[1199/1713] Building C object open_source/lvgl/CMakeFiles/lvgl.dir/src/drivers/opengles/lv_opengles_debug.c.obj
[1200/1713] Building C object open_source/lvgl/CMakeFiles/lvgl.dir/src/drivers/opengles/lv_opengles_driver.c.obj
[1201/1713] Building C object open_source/lvgl/CMakeFiles/lvgl.dir/src/drivers/opengles/lv_opengles_egl.c.obj
[1202/1713] Building C object open_source/lvgl/CMakeFiles/lvgl.dir/src/drivers/opengles/lv_opengles_glfw.c.obj
[1203/1713] Building C object open_source/lvgl/CMakeFiles/lvgl.dir/src/drivers/opengles/lv_opengles_texture.c.obj
[1204/1713] Building C object open_source/lvgl/CMakeFiles/lvgl.dir/src/drivers/opengles/opengl_shader/lv_opengl_shader_manager.c.obj
[1205/1713] Building C object open_source/lvgl/CMakeFiles/lvgl.dir/src/drivers/opengles/opengl_shader/lv_opengl_shader_program.c.obj
[1206/1713] Building C object open_source/lvgl/CMakeFiles/lvgl.dir/src/drivers/qnx/lv_qnx.c.obj
[1207/1713] Building C object open_source/lvgl/CMakeFiles/lvgl.dir/src/drivers/sdl/lv_sdl_keyboard.c.obj
[1208/1713] Building C object open_source/lvgl/CMakeFiles/lvgl.dir/src/drivers/sdl/lv_sdl_mouse.c.obj
[1209/1713] Building C object open_source/lvgl/CMakeFiles/lvgl.dir/src/drivers/sdl/lv_sdl_mousewheel.c.obj
[1210/1713] Building C object open_source/lvgl/CMakeFiles/lvgl.dir/src/drivers/sdl/lv_sdl_window.c.obj
[1211/1713] Building C object open_source/lvgl/CMakeFiles/lvgl.dir/src/drivers/uefi/lv_uefi_context.c.obj
[1212/1713] Building C object open_source/lvgl/CMakeFiles/lvgl.dir/src/drivers/uefi/lv_uefi_display.c.obj
[1213/1713] Building C object open_source/lvgl/CMakeFiles/lvgl.dir/src/drivers/uefi/lv_uefi_indev_keyboard.c.obj
[1214/1713] Building C object open_source/lvgl/CMakeFiles/lvgl.dir/src/drivers/uefi/lv_uefi_indev_pointer.c.obj
[1215/1713] Building C object open_source/lvgl/CMakeFiles/lvgl.dir/src/drivers/uefi/lv_uefi_indev_touch.c.obj
[1216/1713] Building C object open_source/lvgl/CMakeFiles/lvgl.dir/src/drivers/uefi/lv_uefi_private.c.obj
[1217/1713] Building C object open_source/lvgl/CMakeFiles/lvgl.dir/src/drivers/wayland/lv_wayland.c.obj
[1218/1713] Building C object open_source/lvgl/CMakeFiles/lvgl.dir/src/drivers/wayland/lv_wayland_smm.c.obj
[1219/1713] Building C object open_source/lvgl/CMakeFiles/lvgl.dir/src/drivers/wayland/lv_wl_cache.c.obj
[1220/1713] Building C object open_source/lvgl/CMakeFiles/lvgl.dir/src/drivers/wayland/lv_wl_dmabuf.c.obj
[1221/1713] Building C object open_source/lvgl/CMakeFiles/lvgl.dir/src/drivers/wayland/lv_wl_keyboard.c.obj
[1222/1713] Building C object open_source/lvgl/CMakeFiles/lvgl.dir/src/drivers/wayland/lv_wl_pointer.c.obj
[1223/1713] Building C object open_source/lvgl/CMakeFiles/lvgl.dir/src/drivers/wayland/lv_wl_pointer_axis.c.obj
[1224/1713] Building C object open_source/lvgl/CMakeFiles/lvgl.dir/src/drivers/wayland/lv_wl_seat.c.obj
[1225/1713] Building C object open_source/lvgl/CMakeFiles/lvgl.dir/src/drivers/wayland/lv_wl_shm.c.obj
[1226/1713] Building C object open_source/lvgl/CMakeFiles/lvgl.dir/src/drivers/wayland/lv_wl_touch.c.obj
[1227/1713] Building C object open_source/lvgl/CMakeFiles/lvgl.dir/src/drivers/wayland/lv_wl_window.c.obj
[1228/1713] Building C object open_source/lvgl/CMakeFiles/lvgl.dir/src/drivers/wayland/lv_wl_window_decorations.c.obj
[1229/1713] Building C object open_source/lvgl/CMakeFiles/lvgl.dir/src/drivers/wayland/lv_wl_xdg_shell.c.obj
[1230/1713] Building C object open_source/lvgl/CMakeFiles/lvgl.dir/src/drivers/windows/lv_windows_context.c.obj
[1231/1713] Building C object open_source/lvgl/CMakeFiles/lvgl.dir/src/drivers/windows/lv_windows_display.c.obj
[1232/1713] Building C object open_source/lvgl/CMakeFiles/lvgl.dir/src/drivers/windows/lv_windows_input.c.obj
[1233/1713] Building C object open_source/lvgl/CMakeFiles/lvgl.dir/src/drivers/x11/lv_x11_display.c.obj
[1234/1713] Building C object open_source/lvgl/CMakeFiles/lvgl.dir/src/drivers/x11/lv_x11_input.c.obj
[1235/1713] Building C object open_source/lvgl/CMakeFiles/lvgl.dir/src/font/lv_binfont_loader.c.obj
[1236/1713] Building C object open_source/lvgl/CMakeFiles/lvgl.dir/src/font/lv_font.c.obj
[1237/1713] Building C object open_source/lvgl/CMakeFiles/lvgl.dir/src/font/lv_font_dejavu_16_persian_hebrew.c.obj
[1238/1713] Building C object open_source/lvgl/CMakeFiles/lvgl.dir/src/font/lv_font_fmt_txt.c.obj
[1239/1713] Building C object open_source/lvgl/CMakeFiles/lvgl.dir/src/font/lv_font_montserrat_10.c.obj
[1240/1713] Building C object open_source/lvgl/CMakeFiles/lvgl.dir/src/font/lv_font_montserrat_12.c.obj
[1241/1713] Building C object open_source/lvgl/CMakeFiles/lvgl.dir/src/font/lv_font_montserrat_14.c.obj
[1242/1713] Building C object open_source/lvgl/CMakeFiles/lvgl.dir/src/font/lv_font_montserrat_14_aligned.c.obj
[1243/1713] Building C object open_source/lvgl/CMakeFiles/lvgl.dir/src/font/lv_font_montserrat_16.c.obj
[1244/1713] Building C object open_source/lvgl/CMakeFiles/lvgl.dir/src/font/lv_font_montserrat_18.c.obj
[1245/1713] Building C object open_source/lvgl/CMakeFiles/lvgl.dir/src/font/lv_font_montserrat_20.c.obj
[1246/1713] Building C object open_source/lvgl/CMakeFiles/lvgl.dir/src/font/lv_font_montserrat_22.c.obj
[1247/1713] Building C object open_source/lvgl/CMakeFiles/lvgl.dir/src/font/lv_font_montserrat_24.c.obj
[1248/1713] Building C object open_source/lvgl/CMakeFiles/lvgl.dir/src/font/lv_font_montserrat_26.c.obj
[1249/1713] Building C object open_source/lvgl/CMakeFiles/lvgl.dir/src/font/lv_font_montserrat_28.c.obj
[1250/1713] Building C object open_source/lvgl/CMakeFiles/lvgl.dir/src/font/lv_font_montserrat_28_compressed.c.obj
[1251/1713] Building C object open_source/lvgl/CMakeFiles/lvgl.dir/src/font/lv_font_montserrat_30.c.obj
[1252/1713] Building C object open_source/lvgl/CMakeFiles/lvgl.dir/src/font/lv_font_montserrat_32.c.obj
[1253/1713] Building C object open_source/lvgl/CMakeFiles/lvgl.dir/src/font/lv_font_montserrat_34.c.obj
[1254/1713] Building C object open_source/lvgl/CMakeFiles/lvgl.dir/src/font/lv_font_montserrat_36.c.obj
[1255/1713] Building C object open_source/lvgl/CMakeFiles/lvgl.dir/src/font/lv_font_montserrat_38.c.obj
[1256/1713] Building C object open_source/lvgl/CMakeFiles/lvgl.dir/src/font/lv_font_montserrat_40.c.obj
[1257/1713] Building C object open_source/lvgl/CMakeFiles/lvgl.dir/src/font/lv_font_montserrat_42.c.obj
[1258/1713] Building C object open_source/lvgl/CMakeFiles/lvgl.dir/src/font/lv_font_montserrat_44.c.obj
[1259/1713] Building C object open_source/lvgl/CMakeFiles/lvgl.dir/src/font/lv_font_montserrat_46.c.obj
[1260/1713] Building C object open_source/lvgl/CMakeFiles/lvgl.dir/src/font/lv_font_montserrat_48.c.obj
[1261/1713] Building C object open_source/lvgl/CMakeFiles/lvgl.dir/src/font/lv_font_montserrat_8.c.obj
[1262/1713] Building C object open_source/lvgl/CMakeFiles/lvgl.dir/src/font/lv_font_source_han_sans_sc_14_cjk.c.obj
[1263/1713] Building C object open_source/lvgl/CMakeFiles/lvgl.dir/src/font/lv_font_source_han_sans_sc_16_cjk.c.obj
[1264/1713] Building C object open_source/lvgl/CMakeFiles/lvgl.dir/src/font/lv_font_unscii_16.c.obj
[1265/1713] Building C object open_source/lvgl/CMakeFiles/lvgl.dir/src/font/lv_font_unscii_8.c.obj
[1266/1713] Building C object open_source/lvgl/CMakeFiles/lvgl.dir/src/indev/lv_indev.c.obj
[1267/1713] Building C object open_source/lvgl/CMakeFiles/lvgl.dir/src/indev/lv_indev_gesture.c.obj
[1268/1713] Building C object open_source/lvgl/CMakeFiles/lvgl.dir/src/indev/lv_indev_scroll.c.obj
[1269/1713] Building C object open_source/lvgl/CMakeFiles/lvgl.dir/src/layouts/flex/lv_flex.c.obj
[1270/1713] Building C object open_source/lvgl/CMakeFiles/lvgl.dir/src/layouts/grid/lv_grid.c.obj
[1271/1713] Building C object open_source/lvgl/CMakeFiles/lvgl.dir/src/layouts/lv_layout.c.obj
[1272/1713] Building C object open_source/lvgl/CMakeFiles/lvgl.dir/src/libs/FT800-FT813/EVE_commands.c.obj
[1273/1713] Building C object open_source/lvgl/CMakeFiles/lvgl.dir/src/libs/FT800-FT813/EVE_supplemental.c.obj
[1274/1713] Building C object open_source/lvgl/CMakeFiles/lvgl.dir/src/libs/barcode/code128.c.obj
[1275/1713] Building C object open_source/lvgl/CMakeFiles/lvgl.dir/src/libs/barcode/lv_barcode.c.obj
[1276/1713] Building C object open_source/lvgl/CMakeFiles/lvgl.dir/src/libs/bin_decoder/lv_bin_decoder.c.obj
[1277/1713] Building C object open_source/lvgl/CMakeFiles/lvgl.dir/src/libs/bmp/lv_bmp.c.obj
[1278/1713] Building C object open_source/lvgl/CMakeFiles/lvgl.dir/src/libs/expat/xmlparse.c.obj
[1279/1713] Building C object open_source/lvgl/CMakeFiles/lvgl.dir/src/libs/expat/xmlrole.c.obj
[1280/1713] Building C object open_source/lvgl/CMakeFiles/lvgl.dir/src/libs/expat/xmltok.c.obj
[1281/1713] Building C object open_source/lvgl/CMakeFiles/lvgl.dir/src/libs/expat/xmltok_impl.c.obj
[1282/1713] Building C object open_source/lvgl/CMakeFiles/lvgl.dir/src/libs/expat/xmltok_ns.c.obj
[1283/1713] Building C object open_source/lvgl/CMakeFiles/lvgl.dir/src/libs/ffmpeg/lv_ffmpeg.c.obj
[1284/1713] Building C object open_source/lvgl/CMakeFiles/lvgl.dir/src/libs/freetype/lv_freetype.c.obj
[1285/1713] Building C object open_source/lvgl/CMakeFiles/lvgl.dir/src/libs/freetype/lv_freetype_glyph.c.obj
[1286/1713] Building C object open_source/lvgl/CMakeFiles/lvgl.dir/src/libs/freetype/lv_freetype_image.c.obj
[1287/1713] Building C object open_source/lvgl/CMakeFiles/lvgl.dir/src/libs/freetype/lv_freetype_outline.c.obj
[1288/1713] Building C object open_source/lvgl/CMakeFiles/lvgl.dir/src/libs/freetype/lv_ftsystem.c.obj
[1289/1713] Building C object open_source/lvgl/CMakeFiles/lvgl.dir/src/libs/frogfs/src/decomp_raw.c.obj
[1290/1713] Building C object open_source/lvgl/CMakeFiles/lvgl.dir/src/libs/frogfs/src/frogfs.c.obj
[1291/1713] Building C object open_source/lvgl/CMakeFiles/lvgl.dir/src/libs/fsdrv/lv_fs_cbfs.c.obj
[1292/1713] Building C object open_source/lvgl/CMakeFiles/lvgl.dir/src/libs/fsdrv/lv_fs_fatfs.c.obj
[1293/1713] Building C object open_source/lvgl/CMakeFiles/lvgl.dir/src/libs/fsdrv/lv_fs_frogfs.c.obj
[1294/1713] Building C object open_source/lvgl/CMakeFiles/lvgl.dir/src/libs/fsdrv/lv_fs_littlefs.c.obj
[1295/1713] Building C object open_source/lvgl/CMakeFiles/lvgl.dir/src/libs/fsdrv/lv_fs_memfs.c.obj
[1296/1713] Building C object open_source/lvgl/CMakeFiles/lvgl.dir/src/libs/fsdrv/lv_fs_posix.c.obj
[1297/1713] Building C object open_source/lvgl/CMakeFiles/lvgl.dir/src/libs/fsdrv/lv_fs_stdio.c.obj
[1298/1713] Building C object open_source/lvgl/CMakeFiles/lvgl.dir/src/libs/fsdrv/lv_fs_uefi.c.obj
[1299/1713] Building C object open_source/lvgl/CMakeFiles/lvgl.dir/src/libs/fsdrv/lv_fs_win32.c.obj
[1300/1713] Building C object open_source/lvgl/CMakeFiles/lvgl.dir/src/libs/gif/AnimatedGIF/src/gif.c.obj
[1301/1713] Building C object open_source/lvgl/CMakeFiles/lvgl.dir/src/libs/gif/lv_gif.c.obj
[1302/1713] Building C object open_source/lvgl/CMakeFiles/lvgl.dir/src/libs/gltf/gltf_view/assets/chromatic.c.obj
[1303/1713] Building C object open_source/lvgl/CMakeFiles/lvgl.dir/src/libs/gltf/gltf_view/assets/lv_gltf_view_shader.c.obj
[1304/1713] Building C object open_source/lvgl/CMakeFiles/lvgl.dir/src/libs/gltf/gltf_view/ibl/lv_gltf_ibl_sampler.c.obj
[1305/1713] Building C object open_source/lvgl/CMakeFiles/lvgl.dir/src/libs/gstreamer/lv_gstreamer.c.obj
[1306/1713] Building C object open_source/lvgl/CMakeFiles/lvgl.dir/src/libs/libjpeg_turbo/lv_libjpeg_turbo.c.obj
[1307/1713] Building C object open_source/lvgl/CMakeFiles/lvgl.dir/src/libs/libpng/lv_libpng.c.obj
[1308/1713] Building C object open_source/lvgl/CMakeFiles/lvgl.dir/src/libs/lodepng/lodepng.c.obj
[1309/1713] Building C object open_source/lvgl/CMakeFiles/lvgl.dir/src/libs/lodepng/lv_lodepng.c.obj
[1310/1713] Building C object open_source/lvgl/CMakeFiles/lvgl.dir/src/libs/lz4/lz4.c.obj
[1311/1713] Building C object open_source/lvgl/CMakeFiles/lvgl.dir/src/libs/qrcode/lv_qrcode.c.obj
[1312/1713] Building C object open_source/lvgl/CMakeFiles/lvgl.dir/src/libs/qrcode/qrcodegen.c.obj
[1313/1713] Building C object open_source/lvgl/CMakeFiles/lvgl.dir/src/libs/rle/lv_rle.c.obj
[1314/1713] Building C object open_source/lvgl/CMakeFiles/lvgl.dir/src/libs/rlottie/lv_rlottie.c.obj
[1315/1713] Building C object open_source/lvgl/CMakeFiles/lvgl.dir/src/libs/svg/lv_svg.c.obj
[1316/1713] Building C object open_source/lvgl/CMakeFiles/lvgl.dir/src/libs/svg/lv_svg_decoder.c.obj
[1317/1713] Building C object open_source/lvgl/CMakeFiles/lvgl.dir/src/libs/svg/lv_svg_parser.c.obj
[1318/1713] Building C object open_source/lvgl/CMakeFiles/lvgl.dir/src/libs/svg/lv_svg_render.c.obj
[1319/1713] Building C object open_source/lvgl/CMakeFiles/lvgl.dir/src/libs/svg/lv_svg_token.c.obj
[1320/1713] Building C object open_source/lvgl/CMakeFiles/lvgl.dir/src/libs/tiny_ttf/lv_tiny_ttf.c.obj
[1321/1713] Building C object open_source/lvgl/CMakeFiles/lvgl.dir/src/libs/tjpgd/lv_tjpgd.c.obj
[1322/1713] Building C object open_source/lvgl/CMakeFiles/lvgl.dir/src/libs/tjpgd/tjpgd.c.obj
[1323/1713] Building C object open_source/lvgl/CMakeFiles/lvgl.dir/src/libs/vg_lite_driver/VGLite/vg_lite.c.obj
[1324/1713] Building C object open_source/lvgl/CMakeFiles/lvgl.dir/src/libs/vg_lite_driver/VGLite/vg_lite_image.c.obj
[1325/1713] Building C object open_source/lvgl/CMakeFiles/lvgl.dir/src/libs/vg_lite_driver/VGLite/vg_lite_matrix.c.obj
[1326/1713] Building C object open_source/lvgl/CMakeFiles/lvgl.dir/src/libs/vg_lite_driver/VGLite/vg_lite_path.c.obj
[1327/1713] Building C object open_source/lvgl/CMakeFiles/lvgl.dir/src/libs/vg_lite_driver/VGLite/vg_lite_stroke.c.obj
[1328/1713] Building C object open_source/lvgl/CMakeFiles/lvgl.dir/src/libs/vg_lite_driver/VGLiteKernel/vg_lite_kernel.c.obj
[1329/1713] Building C object open_source/lvgl/CMakeFiles/lvgl.dir/src/libs/vg_lite_driver/lv_vg_lite_hal/lv_vg_lite_hal.c.obj
[1330/1713] Building C object open_source/lvgl/CMakeFiles/lvgl.dir/src/libs/vg_lite_driver/lv_vg_lite_hal/vg_lite_os.c.obj
[1331/1713] Building C object open_source/lvgl/CMakeFiles/lvgl.dir/src/lv_init.c.obj
[1332/1713] Building C object open_source/lvgl/CMakeFiles/lvgl.dir/src/misc/cache/class/lv_cache_lru_ll.c.obj
[1333/1713] Building C object open_source/lvgl/CMakeFiles/lvgl.dir/src/misc/cache/class/lv_cache_lru_rb.c.obj
[1334/1713] Building C object open_source/lvgl/CMakeFiles/lvgl.dir/src/misc/cache/class/lv_cache_sc_da.c.obj
[1335/1713] Building C object open_source/lvgl/CMakeFiles/lvgl.dir/src/misc/cache/instance/lv_image_cache.c.obj
[1336/1713] Building C object open_source/lvgl/CMakeFiles/lvgl.dir/src/misc/cache/instance/lv_image_header_cache.c.obj
[1337/1713] Building C object open_source/lvgl/CMakeFiles/lvgl.dir/src/misc/cache/lv_cache.c.obj
[1338/1713] Building C object open_source/lvgl/CMakeFiles/lvgl.dir/src/misc/cache/lv_cache_entry.c.obj
[1339/1713] Building C object open_source/lvgl/CMakeFiles/lvgl.dir/src/misc/lv_anim.c.obj
[1340/1713] Building C object open_source/lvgl/CMakeFiles/lvgl.dir/src/misc/lv_anim_timeline.c.obj
[1341/1713] Building C object open_source/lvgl/CMakeFiles/lvgl.dir/src/misc/lv_area.c.obj
[1342/1713] Building C object open_source/lvgl/CMakeFiles/lvgl.dir/src/misc/lv_array.c.obj
[1343/1713] Building C object open_source/lvgl/CMakeFiles/lvgl.dir/src/misc/lv_async.c.obj
[1344/1713] Building C object open_source/lvgl/CMakeFiles/lvgl.dir/src/misc/lv_bidi.c.obj
[1345/1713] Building C object open_source/lvgl/CMakeFiles/lvgl.dir/src/misc/lv_circle_buf.c.obj
[1346/1713] Building C object open_source/lvgl/CMakeFiles/lvgl.dir/src/misc/lv_color.c.obj
[1347/1713] Building C object open_source/lvgl/CMakeFiles/lvgl.dir/src/misc/lv_color_op.c.obj
[1348/1713] Building C object open_source/lvgl/CMakeFiles/lvgl.dir/src/misc/lv_event.c.obj
[1349/1713] Building C object open_source/lvgl/CMakeFiles/lvgl.dir/src/misc/lv_fs.c.obj
[1350/1713] Building C object open_source/lvgl/CMakeFiles/lvgl.dir/src/misc/lv_grad.c.obj
[1351/1713] Building C object open_source/lvgl/CMakeFiles/lvgl.dir/src/misc/lv_iter.c.obj
[1352/1713] Building C object open_source/lvgl/CMakeFiles/lvgl.dir/src/misc/lv_ll.c.obj
[1353/1713] Building C object open_source/lvgl/CMakeFiles/lvgl.dir/src/misc/lv_log.c.obj
[1354/1713] Building C object open_source/lvgl/CMakeFiles/lvgl.dir/src/misc/lv_lru.c.obj
[1355/1713] Building C object open_source/lvgl/CMakeFiles/lvgl.dir/src/misc/lv_math.c.obj
[1356/1713] Building C object open_source/lvgl/CMakeFiles/lvgl.dir/src/misc/lv_matrix.c.obj
[1357/1713] Building C object open_source/lvgl/CMakeFiles/lvgl.dir/src/misc/lv_palette.c.obj
[1358/1713] Building C object open_source/lvgl/CMakeFiles/lvgl.dir/src/misc/lv_profiler_builtin.c.obj
[1359/1713] Building C object open_source/lvgl/CMakeFiles/lvgl.dir/src/misc/lv_profiler_builtin_posix.c.obj
[1360/1713] Building C object open_source/lvgl/CMakeFiles/lvgl.dir/src/misc/lv_rb.c.obj
[1361/1713] Building C object open_source/lvgl/CMakeFiles/lvgl.dir/src/misc/lv_style.c.obj
[1362/1713] Building C object open_source/lvgl/CMakeFiles/lvgl.dir/src/misc/lv_style_gen.c.obj
[1363/1713] Building C object open_source/lvgl/CMakeFiles/lvgl.dir/src/misc/lv_templ.c.obj
[1364/1713] Building C object open_source/lvgl/CMakeFiles/lvgl.dir/src/misc/lv_text.c.obj
[1365/1713] Building C object open_source/lvgl/CMakeFiles/lvgl.dir/src/misc/lv_text_ap.c.obj
[1366/1713] Building C object open_source/lvgl/CMakeFiles/lvgl.dir/src/misc/lv_timer.c.obj
[1367/1713] Building C object open_source/lvgl/CMakeFiles/lvgl.dir/src/misc/lv_tree.c.obj
[1368/1713] Building C object open_source/lvgl/CMakeFiles/lvgl.dir/src/misc/lv_utils.c.obj
[1369/1713] Building C object open_source/lvgl/CMakeFiles/lvgl.dir/src/osal/lv_cmsis_rtos2.c.obj
[1370/1713] Building C object open_source/lvgl/CMakeFiles/lvgl.dir/src/osal/lv_freertos.c.obj
[1371/1713] Building C object open_source/lvgl/CMakeFiles/lvgl.dir/src/osal/lv_linux.c.obj
[1372/1713] Building C object open_source/lvgl/CMakeFiles/lvgl.dir/src/osal/lv_mqx.c.obj
[1373/1713] Building C object open_source/lvgl/CMakeFiles/lvgl.dir/src/osal/lv_os.c.obj
[1374/1713] Building C object open_source/lvgl/CMakeFiles/lvgl.dir/src/osal/lv_os_none.c.obj
[1375/1713] Building C object open_source/lvgl/CMakeFiles/lvgl.dir/src/osal/lv_pthread.c.obj
[1376/1713] Building C object open_source/lvgl/CMakeFiles/lvgl.dir/src/osal/lv_rtthread.c.obj
[1377/1713] Building C object open_source/lvgl/CMakeFiles/lvgl.dir/src/osal/lv_sdl2.c.obj
[1378/1713] Building C object open_source/lvgl/CMakeFiles/lvgl.dir/src/osal/lv_windows.c.obj
[1379/1713] Building C object open_source/lvgl/CMakeFiles/lvgl.dir/src/others/file_explorer/lv_file_explorer.c.obj
[1380/1713] Building C object open_source/lvgl/CMakeFiles/lvgl.dir/src/others/font_manager/lv_font_manager.c.obj
[1381/1713] Building C object open_source/lvgl/CMakeFiles/lvgl.dir/src/others/font_manager/lv_font_manager_recycle.c.obj
[1382/1713] Building C object open_source/lvgl/CMakeFiles/lvgl.dir/src/others/fragment/lv_fragment.c.obj
[1383/1713] Building C object open_source/lvgl/CMakeFiles/lvgl.dir/src/others/fragment/lv_fragment_manager.c.obj
[1384/1713] Building C object open_source/lvgl/CMakeFiles/lvgl.dir/src/others/gridnav/lv_gridnav.c.obj
[1385/1713] Building C object open_source/lvgl/CMakeFiles/lvgl.dir/src/others/ime/lv_ime_pinyin.c.obj
[1386/1713] Building C object open_source/lvgl/CMakeFiles/lvgl.dir/src/others/imgfont/lv_imgfont.c.obj
[1387/1713] Building C object open_source/lvgl/CMakeFiles/lvgl.dir/src/others/monkey/lv_monkey.c.obj
[1388/1713] Building C object open_source/lvgl/CMakeFiles/lvgl.dir/src/others/observer/lv_observer.c.obj
[1389/1713] Building C object open_source/lvgl/CMakeFiles/lvgl.dir/src/others/snapshot/lv_snapshot.c.obj
[1390/1713] Building C object open_source/lvgl/CMakeFiles/lvgl.dir/src/others/sysmon/lv_sysmon.c.obj
[1391/1713] Building C object open_source/lvgl/CMakeFiles/lvgl.dir/src/others/test/lv_test_display.c.obj
[1392/1713] Building C object open_source/lvgl/CMakeFiles/lvgl.dir/src/others/test/lv_test_helpers.c.obj
[1393/1713] Building C object open_source/lvgl/CMakeFiles/lvgl.dir/src/others/test/lv_test_indev.c.obj
[1394/1713] Building C object open_source/lvgl/CMakeFiles/lvgl.dir/src/others/test/lv_test_indev_gesture.c.obj
[1395/1713] Building C object open_source/lvgl/CMakeFiles/lvgl.dir/src/others/test/lv_test_screenshot_compare.c.obj
[1396/1713] Building C object open_source/lvgl/CMakeFiles/lvgl.dir/src/others/translation/lv_translation.c.obj
[1397/1713] Building C object open_source/lvgl/CMakeFiles/lvgl.dir/src/others/vg_lite_tvg/vg_lite_matrix.c.obj
[1398/1713] Building C object open_source/lvgl/CMakeFiles/lvgl.dir/src/others/xml/lv_xml.c.obj
[1399/1713] Building C object open_source/lvgl/CMakeFiles/lvgl.dir/src/others/xml/lv_xml_base_types.c.obj
[1400/1713] Building C object open_source/lvgl/CMakeFiles/lvgl.dir/src/others/xml/lv_xml_component.c.obj
[1401/1713] Building C object open_source/lvgl/CMakeFiles/lvgl.dir/src/others/xml/lv_xml_load.c.obj
[1402/1713] Building C object open_source/lvgl/CMakeFiles/lvgl.dir/src/others/xml/lv_xml_parser.c.obj
[1403/1713] Building C object open_source/lvgl/CMakeFiles/lvgl.dir/src/others/xml/lv_xml_style.c.obj
[1404/1713] Building C object open_source/lvgl/CMakeFiles/lvgl.dir/src/others/xml/lv_xml_test.c.obj
[1405/1713] Building C object open_source/lvgl/CMakeFiles/lvgl.dir/src/others/xml/lv_xml_translation.c.obj
[1406/1713] Building C object open_source/lvgl/CMakeFiles/lvgl.dir/src/others/xml/lv_xml_update.c.obj
[1407/1713] Building C object open_source/lvgl/CMakeFiles/lvgl.dir/src/others/xml/lv_xml_utils.c.obj
[1408/1713] Building C object open_source/lvgl/CMakeFiles/lvgl.dir/src/others/xml/lv_xml_widget.c.obj
[1409/1713] Building C object open_source/lvgl/CMakeFiles/lvgl.dir/src/others/xml/parsers/lv_xml_arc_parser.c.obj
[1410/1713] Building C object open_source/lvgl/CMakeFiles/lvgl.dir/src/others/xml/parsers/lv_xml_bar_parser.c.obj
[1411/1713] Building C object open_source/lvgl/CMakeFiles/lvgl.dir/src/others/xml/parsers/lv_xml_button_parser.c.obj
[1412/1713] Building C object open_source/lvgl/CMakeFiles/lvgl.dir/src/others/xml/parsers/lv_xml_buttonmatrix_parser.c.obj
[1413/1713] Building C object open_source/lvgl/CMakeFiles/lvgl.dir/src/others/xml/parsers/lv_xml_calendar_parser.c.obj
[1414/1713] Building C object open_source/lvgl/CMakeFiles/lvgl.dir/src/others/xml/parsers/lv_xml_canvas_parser.c.obj
[1415/1713] Building C object open_source/lvgl/CMakeFiles/lvgl.dir/src/others/xml/parsers/lv_xml_chart_parser.c.obj
[1416/1713] Building C object open_source/lvgl/CMakeFiles/lvgl.dir/src/others/xml/parsers/lv_xml_checkbox_parser.c.obj
[1417/1713] Building C object open_source/lvgl/CMakeFiles/lvgl.dir/src/others/xml/parsers/lv_xml_dropdown_parser.c.obj
[1418/1713] Building C object open_source/lvgl/CMakeFiles/lvgl.dir/src/others/xml/parsers/lv_xml_image_parser.c.obj
[1419/1713] Building C object open_source/lvgl/CMakeFiles/lvgl.dir/src/others/xml/parsers/lv_xml_keyboard_parser.c.obj
[1420/1713] Building C object open_source/lvgl/CMakeFiles/lvgl.dir/src/others/xml/parsers/lv_xml_label_parser.c.obj
[1421/1713] Building C object open_source/lvgl/CMakeFiles/lvgl.dir/src/others/xml/parsers/lv_xml_obj_parser.c.obj
[1422/1713] Building C object open_source/lvgl/CMakeFiles/lvgl.dir/src/others/xml/parsers/lv_xml_qrcode_parser.c.obj
[1423/1713] Building C object open_source/lvgl/CMakeFiles/lvgl.dir/src/others/xml/parsers/lv_xml_roller_parser.c.obj
[1424/1713] Building C object open_source/lvgl/CMakeFiles/lvgl.dir/src/others/xml/parsers/lv_xml_scale_parser.c.obj
[1425/1713] Building C object open_source/lvgl/CMakeFiles/lvgl.dir/src/others/xml/parsers/lv_xml_slider_parser.c.obj
[1426/1713] Building C object open_source/lvgl/CMakeFiles/lvgl.dir/src/others/xml/parsers/lv_xml_spangroup_parser.c.obj
[1427/1713] Building C object open_source/lvgl/CMakeFiles/lvgl.dir/src/others/xml/parsers/lv_xml_spinbox_parser.c.obj
[1428/1713] Building C object open_source/lvgl/CMakeFiles/lvgl.dir/src/others/xml/parsers/lv_xml_switch_parser.c.obj
[1429/1713] Building C object open_source/lvgl/CMakeFiles/lvgl.dir/src/others/xml/parsers/lv_xml_table_parser.c.obj
[1430/1713] Building C object open_source/lvgl/CMakeFiles/lvgl.dir/src/others/xml/parsers/lv_xml_tabview_parser.c.obj
[1431/1713] Building C object open_source/lvgl/CMakeFiles/lvgl.dir/src/others/xml/parsers/lv_xml_textarea_parser.c.obj
[1432/1713] Building C object open_source/lvgl/CMakeFiles/lvgl.dir/src/stdlib/builtin/lv_mem_core_builtin.c.obj
[1433/1713] Building C object open_source/lvgl/CMakeFiles/lvgl.dir/src/stdlib/builtin/lv_sprintf_builtin.c.obj
[1434/1713] Building C object open_source/lvgl/CMakeFiles/lvgl.dir/src/stdlib/builtin/lv_string_builtin.c.obj
[1435/1713] Building C object open_source/lvgl/CMakeFiles/lvgl.dir/src/stdlib/clib/lv_mem_core_clib.c.obj
[1436/1713] Building C object open_source/lvgl/CMakeFiles/lvgl.dir/src/stdlib/clib/lv_sprintf_clib.c.obj
[1437/1713] Building C object open_source/lvgl/CMakeFiles/lvgl.dir/src/stdlib/clib/lv_string_clib.c.obj
[1438/1713] Building C object open_source/lvgl/CMakeFiles/lvgl.dir/src/stdlib/lv_mem.c.obj
[1439/1713] Building C object open_source/lvgl/CMakeFiles/lvgl.dir/src/stdlib/micropython/lv_mem_core_micropython.c.obj
[1440/1713] Building C object open_source/lvgl/CMakeFiles/lvgl.dir/src/stdlib/rtthread/lv_mem_core_rtthread.c.obj
[1441/1713] Building C object open_source/lvgl/CMakeFiles/lvgl.dir/src/stdlib/rtthread/lv_sprintf_rtthread.c.obj
[1442/1713] Building C object open_source/lvgl/CMakeFiles/lvgl.dir/src/stdlib/rtthread/lv_string_rtthread.c.obj
[1443/1713] Building C object open_source/lvgl/CMakeFiles/lvgl.dir/src/stdlib/uefi/lv_mem_core_uefi.c.obj
[1444/1713] Building C object open_source/lvgl/CMakeFiles/lvgl.dir/src/themes/default/lv_theme_default.c.obj
[1445/1713] Building C object open_source/lvgl/CMakeFiles/lvgl.dir/src/themes/lv_theme.c.obj
[1446/1713] Building C object open_source/lvgl/CMakeFiles/lvgl.dir/src/themes/mono/lv_theme_mono.c.obj
[1447/1713] Building C object open_source/lvgl/CMakeFiles/lvgl.dir/src/themes/simple/lv_theme_simple.c.obj
[1448/1713] Building C object open_source/lvgl/CMakeFiles/lvgl.dir/src/tick/lv_tick.c.obj
[1449/1713] Building C object open_source/lvgl/CMakeFiles/lvgl.dir/src/widgets/3dtexture/lv_3dtexture.c.obj
[1450/1713] Building C object open_source/lvgl/CMakeFiles/lvgl.dir/src/widgets/animimage/lv_animimage.c.obj
[1451/1713] Building C object open_source/lvgl/CMakeFiles/lvgl.dir/src/widgets/arc/lv_arc.c.obj
[1452/1713] Building C object open_source/lvgl/CMakeFiles/lvgl.dir/src/widgets/arclabel/lv_arclabel.c.obj
[1453/1713] Building C object open_source/lvgl/CMakeFiles/lvgl.dir/src/widgets/bar/lv_bar.c.obj
[1454/1713] Building C object open_source/lvgl/CMakeFiles/lvgl.dir/src/stdlib/builtin/lv_tlsf.c.obj
../../../../open_source/lvgl/src/stdlib/builtin/lv_tlsf.c: In function 'default_walker':
../../../../open_source/lvgl/src/stdlib/builtin/lv_tlsf.c:887:35: warning: unused parameter 'ptr' [-Wunused-parameter]
static void default_walker(void * ptr, size_t size, int used, void * user)
^~~
../../../../open_source/lvgl/src/stdlib/builtin/lv_tlsf.c:887:47: warning: unused parameter 'size' [-Wunused-parameter]
static void default_walker(void * ptr, size_t size, int used, v
oid * user)
^~~~
../../../../open_source/lvgl/src/stdlib/builtin/lv_tlsf.c:887:57: warning: unused parameter 'used' [-Wunused-parameter]
static void default_walker(void * ptr, size_t size, int used, void * user)
^~~~
[1455/1713] Building C object open_source/lvgl/CMakeFiles/lvgl.dir/src/widgets/button/lv_button.c.obj
[1456/1713] Building C object open_source/lvgl/CMakeFiles/lvgl.dir/src/widgets/buttonmatrix/lv_buttonmatrix.c.obj
[1457/1713] Building C object open_source/lvgl/CMakeFiles/lvgl.dir/src/widgets/calendar/lv_calendar.c.obj
[1458/1713] Building C object open_source/lvgl/CMakeFiles/lvgl.dir/src/widgets/calendar/lv_calendar_chinese.c.obj
[1459/1713] Building C object open_source/lvgl/CMakeFiles/lvgl.dir/src/widgets/calendar/lv_calendar_header_arrow.c.obj
[1460/1713] Building C object open_source/lvgl/CMakeFiles/lvgl.dir/src/widgets/calendar/lv_calendar_header_dropdown.c.obj
[1461/1713] Building C object open_source/lvgl/CMakeFiles/lvgl.dir/src/widgets/canvas/lv_canvas.c.obj
[1462/1713] Building C object open_source/lvgl/CMakeFiles/lvgl.dir/src/widgets/chart/lv_chart.c.obj
[1463/1713] Building C object open_source/lvgl/CMakeFiles/lvgl.dir/src/widgets/checkbox/lv_checkbox.c.obj
[1464/1713] Building C object open_source/lvgl/CMakeFiles/lvgl.dir/src/widgets/dropdown/lv_dropdown.c.obj
[1465/1713] Building C object open_source/lvgl/CMakeFiles/lvgl.dir/src/widgets/image/lv_image.c.obj
[1466/1713] Building C object open_source/lvgl/CMakeFiles/lvgl.dir/src/widgets/imagebutton/lv_imagebutton.c.obj
[1467/1713] Building C object open_source/lvgl/CMakeFiles/lvgl.dir/src/widgets/keyboard/lv_keyboard.c.obj
[1468/1713] Building C object open_source/lvgl/CMakeFiles/lvgl.dir/src/widgets/label/lv_label.c.obj
[1469/1713] Building C object open_source/lvgl/CMakeFiles/lvgl.dir/src/widgets/led/lv_led.c.obj
[1470/1713] Building C object open_source/lvgl/CMakeFiles/lvgl.dir/src/widgets/line/lv_line.c.obj
[1471/1713] Building C object open_source/lvgl/CMakeFiles/lvgl.dir/src/widgets/list/lv_list.c.obj
[1472/1713] Building C object open_source/lvgl/CMakeFiles/lvgl.dir/src/widgets/lottie/lv_lottie.c.obj
[1473/1713] Building C object open_source/lvgl/CMakeFiles/lvgl.dir/src/widgets/menu/lv_menu.c.obj
[1474/1713] Building C object open_source/lvgl/CMakeFiles/lvgl.dir/src/widgets/msgbox/lv_msgbox.c.obj
[1475/1713] Building C object open_source/lvgl/CMakeFiles/lvgl.dir/src/widgets/objx_templ/lv_objx_templ.c.obj
[1476/1713] Building C object open_source/lvgl/CMakeFiles/lvgl.dir/src/widgets/property/lv_animimage_properties.c.obj
[1477/1713] Building C object open_source/lvgl/CMakeFiles/lvgl.dir/src/widgets/property/lv_dropdown_properties.c.obj
[1478/1713] Building C object open_source/lvgl/CMakeFiles/lvgl.dir/src/widgets/property/lv_image_properties.c.obj
[1479/1713] Building C object open_source/lvgl/CMakeFiles/lvgl.dir/src/widgets/property/lv_keyboard_properties.c.obj
[1480/1713] Building C object open_source/lvgl/CMakeFiles/lvgl.dir/src/widgets/property/lv_label_properties.c.obj
[1481/1713] Building C object open_source/lvgl/CMakeFiles/lvgl.dir/src/widgets/property/lv_obj_properties.c.obj
[1482/1713] Building C object open_source/lvgl/CMakeFiles/lvgl.dir/src/widgets/property/lv_roller_properties.c.obj
[1483/1713] Building C object open_source/lvgl/CMakeFiles/lvgl.dir/src/widgets/property/lv_slider_properties.c.obj
[1484/1713] Building C object open_source/lvgl/CMakeFiles/lvgl.dir/src/widgets/property/lv_style_properties.c.obj
[1485/1713] Building C object open_source/lvgl/CMakeFiles/lvgl.dir/src/widgets/property/lv_textarea_properties.c.obj
[1486/1713] Building C object open_source/lvgl/CMakeFiles/lvgl.dir/src/widgets/roller/lv_roller.c.obj
[1487/1713] Building C object open_source/lvgl/CMakeFiles/lvgl.dir/src/widgets/scale/lv_scale.c.obj
[1488/1713] Building C object open_source/lvgl/CMakeFiles/lvgl.dir/src/widgets/slider/lv_slider.c.obj
[1489/1713] Building C object open_source/lvgl/CMakeFiles/lvgl.dir/src/widgets/span/lv_span.c.obj
[1490/1713] Building C object open_source/lvgl/CMakeFiles/lvgl.dir/src/widgets/spinbox/lv_spinbox.c.obj
[1491/1713] Building C object open_source/lvgl/CMakeFiles/lvgl.dir/src/widgets/spinner/lv_spinner.c.obj
[1492/1713] Building C object open_source/lvgl/CMakeFiles/lvgl.dir/src/widgets/switch/lv_switch.c.obj
[1493/1713] Building C object open_source/lvgl/CMakeFiles/lvgl.dir/src/widgets/table/lv_table.c.obj
[1494/1713] Building C object open_source/lvgl/CMakeFiles/lvgl.dir/src/widgets/tabview/lv_tabview.c.obj
[1495/1713] Building C object open_source/lvgl/CMakeFiles/lvgl.dir/src/widgets/textarea/lv_textarea.c.obj
[1496/1713] Building C object open_source/lvgl/CMakeFiles/lvgl.dir/src/widgets/tileview/lv_tileview.c.obj
[1497/1713] Building C object open_source/lvgl/CMakeFiles/lvgl.dir/src/widgets/win/lv_win.c.obj
[1498/1713] Building C object open_source/lwip/CMakeFiles/lwip.dir/lwip_v2.1.3/src/core/tcp_out.c.obj
[1499/1713] Building C object open_source/lwip/CMakeFiles/lwip.dir/lwip_v2.1.3/src/core/ipv4/autoip.c.obj
[1500/1713] Building C object open_source/lwip/CMakeFiles/lwip.dir/lwip_v2.1.3/src/core/ipv4/dhcps.c.obj
[1501/1713] Building C object open_source/lwip/CMakeFiles/lwip.dir/lwip_v2.1.3/src/core/ipv4/igmp.c.obj
[1502/1713] Building C object open_source/lwip/CMakeFiles/lwip.dir/lwip_v2.1.3/src/core/ipv4/icmp.c.obj
[1503/1713] Building C object open_source/lwip/CMakeFiles/lwip.dir/lwip_v2.1.3/src/core/ipv4/dhcp.c.obj
[1504/1713] Building C object open_source/lwip/CMakeFiles/lwip.dir/lwip_v2.1.3/src/core/lowpower.c.obj
[1505/1713] Building C object open_source/lwip/CMakeFiles/lwip.dir/lwip_v2.1.3/src/core/timeouts.c.obj
[1506/1713] Building C object open_source/lwip/CMakeFiles/lwip.dir/lwip_v2.1.3/src/core/ip6in4.c.obj
[1507/1713] Building C object open_source/lwip/CMakeFiles/lwip.dir/lwip_v2.1.3/src/core/debug.c.obj
[1508/1713] Building C object open_source/lwip/CMakeFiles/lwip.dir/lwip_v2.1.3/src/core/mdns.c.obj
[1509/1713] Building C object open_source/lwip/CMakeFiles/lwip.dir/lwip_v2.1.3/src/core/tcp_sack.c.obj
[1510/1713] Building C object open_source/lwip/CMakeFiles/lwip.dir/lwip_v2.1.3/src/core/tcp_in.c.obj
[1511/1713] Building C object open_source/lwip/CMakeFiles/lwip.dir/lwip_v2.1.3/src/core/altcp.c.obj
[1512/1713] Building C object open_source/lwip/CMakeFiles/lwip.dir/lwip_v2.1.3/src/core/tftpc.c.obj
[1513/1713] Building C object open_source/lwip/CMakeFiles/lwip.dir/lwip_v2.1.3/src/core/filter.c.obj
[1514/1713] Building C object open_source/lwip/CMakeFiles/lwip.dir/lwip_v2.1.3/src/core/sntp.c.obj
[1515/1713] Building C object open_source/lwip/CMakeFiles/lwip.dir/lwip_v2.1.3/src/core/altcp_tcp.c.obj
[1516/1713] Building C object open_source/lwip/CMakeFiles/lwip.dir/lwip_v2.1.3/src/core/def.c.obj
[1517/1713] Building C object open_source/lwip/CMakeFiles/lwip.dir/lwip_v2.1.3/src/core/dns.c.obj
[1518/1713] Building C object open_source/lwip/CMakeFiles/lwip.dir/lwip_v2.1.3/src/core/stats.c.obj
[1519/1713] Building C object open_source/lwip/CMakeFiles/lwip.dir/lwip_v2.1.3/src/core/ipv6/inet6.c.obj
[1520/1713] Building C object open_source/lwip/CMakeFiles/lwip.dir/lwip_v2.1.3/src/core/ipv6/mld6.c.obj
[1521/1713] Building C object open_source/lwip/CMakeFiles/lwip.dir/lwip_v2.1.3/src/core/ipv6/icmp6.c.obj
[1522/1713] Building C object open_source/lwip/CMakeFiles/lwip.dir/lwip_v2.1.3/src/core/ipv6/dhcp6.c.obj
[1523/1713] Building C object open_source/lwip/CMakeFiles/lwip.dir/lwip_v2.1.3/src/core/ipv6/ip6_frag.c.obj
[1524/1713] Building C object open_source/lwip/CMakeFiles/lwip.dir/lwip_v2.1.3/src/core/ipv6/ip6_addr.c.obj
[1525/1713] Building C object open_source/lwip/CMakeFiles/lwip.dir/lwip_v2.1.3/src/core/ipv6/ethip6.c.obj
[1526/1713] Building C object open_source/lwip/CMakeFiles/lwip.dir/lwip_v2.1.3/src/core/ipv6/nd6.c.obj
[1527/1713] Building C object open_source/lwip/CMakeFiles/lwip.dir/lwip_v2.1.3/src/core/ipv6/ip6.c.obj
[1528/1713] Building C object open_source/lwip/CMakeFiles/lwip.dir/lwip_v2.1.3/src/core/init.c.obj
[1529/1713] Building C object open_source/lwip/CMakeFiles/lwip.dir/lwip_v2.1.3/src/core/sys.c.obj
[1530/1713] Building C object open_source/lwip/CMakeFiles/lwip.dir/lwip_v2.1.3/src/core/nat64/nat64_addr.c.obj
[1531/1713] Building C object open_source/lwip/CMakeFiles/lwip.dir/lwip_v2.1.3/src/core/nat64/nat64_dns64.c.obj
[1532/1713] Building C object open_source/lwip/CMakeFiles/lwip.dir/lwip_v2.1.3/src/core/nat64/nat64_v4_dhcpc.c.obj
[1533/1713] Building C object open_source/lwip/CMakeFiles/lwip.dir/lwip_v2.1.3/src/core/nat64/nat64.c.obj
[1534/1713] Building C object open_source/lwip/CMakeFiles/lwip.dir/lwip_v2.1.3/src/core/altcp_alloc.c.obj
[1535/1713] Building C object open_source/lwip/CMakeFiles/lwip.dir/lwip_v2.1.3/src/netif/ifaddrs.c.obj
[1536/1713] Building C object open_source/lwip/CMakeFiles/lwip.dir/lwip_v2.1.3/src/netif/lowpan6_common.c.obj
[1537/1713] Building C object open_source/lwip/CMakeFiles/lwip.dir/lwip_v2.1.3/src/netif/lowpan6.c.obj
[1538/1713] Building C object open_source/lwip/CMakeFiles/lwip.dir/lwip_v2.1.3/src/api/if_api.c.obj
[1539/1713] Building C object open_source/lwip/CMakeFiles/lwip.dir/lwip_v2.1.3/src/api/netifapi.c.obj
[1540/1713] Building C object open_source/lwip/CMakeFiles/lwip.dir/lwip_v2.1.3/src/api/l3event.c.obj
[1541/1713] Building C object open_source/lwip/CMakeFiles/lwip.dir/lwip_v2.1.3/src/api/err.c.obj
[1542/1713] Building C object open_source/lwip/CMakeFiles/lwip.dir/lwip_v2.1.3/src/api/nat64_api.c.obj
[1543/1713] Building C object open_source/lwip/CMakeFiles/lwip.dir/lwip_v2.1.3/src/api/ethtool.c.obj
[1544/1713] Building C object open_source/lwip/CMakeFiles/lwip.dir/lwip_v2.1.3/src/api/netdb.c.obj
[1545/1713] Building C object open_source/lwip/CMakeFiles/lwip.dir/lwip_v2.1.3/src/api/nettool/ping.c.obj
[1546/1713] Building C object open_source/lwip/CMakeFiles/lwip.dir/lwip_v2.1.3/src/api/nettool/misc.c.obj
[1547/1713] Building C object open_source/lwip/CMakeFiles/lwip.dir/lwip_v2.1.3/src/api/nettool/ifconfig.c.obj
[1548/1713] Building C object open_source/lwip/CMakeFiles/lwip.dir/lwip_v2.1.3/src/api/nettool/utility.c.obj
[1549/1713] Building C object open_source/lwip/CMakeFiles/lwip.dir/lwip_v2.1.3/src/api/nettool/netstat.c.obj
[1550/1713] Building C object open_source/lwip/CMakeFiles/lwip_tcm.dir/lwip_v2.1.3/src/api/sockets.c.obj
[1551/1713] Building C object open_source/lwip/CMakeFiles/lwip_tcm.dir/lwip_v2.1.3/src/core/inet_chksum.c.obj
[1552/1713] Building C object open_source/lwip/CMakeFiles/lwip_tcm.dir/lwip_v2.1.3/src/core/ip.c.obj
[1553/1713] Building C object open_source/lwip/CMakeFiles/lwip_tcm.dir/lwip_v2.1.3/src/core/udp.c.obj
[1554/1713] Building C object open_source/lwip/CMakeFiles/lwip_tcm.dir/lwip_v2.1.3/src/core/ipv4/etharp.c.obj
[1555/1713] Building C object open_source/lwip/CMakeFiles/lwip_tcm.dir/lwip_v2.1.3/src/core/ipv4/ip4.c.obj
[1556/1713] Building C object open_source/lwip/CMakeFiles/lwip_tcm.dir/lwip_v2.1.3/src/core/ipv4/ip4_addr.c.obj
[1557/1713] Building C object open_source/lwip/CMakeFiles/lwip_tcm.dir/lwip_v2.1.3/src/core/ipv4/ip4_frag.c.obj
[1558/1713] Building C object open_source/lwip/CMakeFiles/lwip_tcm.dir/lwip_v2.1.3/src/core/ip_addr.c.obj
[1559/1713] Building C object open_source/lwip/CMakeFiles/lwip_tcm.dir/lwip_v2.1.3/src/core/pbuf.c.obj
[1560/1713] Building C object open_source/lwip/CMakeFiles/lwip_tcm.dir/lwip_v2.1.3/src/core/mem.c.obj
[1561/1713] Building C object open_source/lwip/CMakeFiles/lwip_tcm.dir/lwip_v2.1.3/src/core/memp.c.obj
[1562/1713] Building C object open_source/lwip/CMakeFiles/lwip_tcm.dir/lwip_v2.1.3/src/core/netif.c.obj
[1563/1713] Building C object open_source/lwip/CMakeFiles/lwip_tcm.dir/lwip_v2.1.3/src/core/tcp.c.obj
[1564/1713] Building C object open_source/lwip/CMakeFiles/lwip_tcm.dir/lwip_v2.1.3/src/core/raw.c.obj
[1565/1713] Building C object open_source/lwip/CMakeFiles/lwip_tcm.dir/lwip_v2.1.3/src/netif/ethernet.c.obj
[1566/1713] Building C object open_source/lwip/CMakeFiles/lwip_tcm.dir/lwip_v2.1.3/src/netif/driverif.c.obj
[1567/1713] Building C object open_source/lwip/CMakeFiles/lwip_tcm.dir/lwip_v2.1.3/src/api/netbuf.c.obj
[1568/1713] Building C object open_source/lwip/CMakeFiles/lwip_tcm.dir/lwip_v2.1.3/src/api/tcpip.c.obj
[1569/1713] Building C object open_source/lwip/CMakeFiles/lwip_tcm.dir/lwip_v2.1.3/src/api/api_msg.c.obj
[1570/1713] Building C object open_source/lwip/CMakeFiles/lwip_tcm.dir/lwip_v2.1.3/src/api/api_lib.c.obj
[1571/1713] Building C object open_source/lwip/CMakeFiles/lwip_tcm.dir/lwip_adapter/liteos_207/src/arch/sys_arch.c.obj
[1572/1713] Building C object protocol/wifi/CMakeFiles/wifi_csa.dir/source/host/feature/hmac_csa_ap.c.obj
[1573/1713] Building C object protocol/wifi/CMakeFiles/wifi_csa.dir/source/host/feature/hmac_csa_sta.c.obj
[1574/1713] Building C object protocol/wifi/CMakeFiles/wifi_auto_adjust_freq.dir/source/host/feature/hmac_auto_adjust_freq.c.obj
[1575/1713] Building C object protocol/wifi/CMakeFiles/wifi_frag.dir/source/host/feature/hmac_frag.c.obj
[1576/1713] Building C object protocol/wifi/CMakeFiles/wifi_radar_sensor.dir/source/host/feature/hmac_radar_sensor.c.obj
[1577/1713] Building C object protocol/wifi/CMakeFiles/wifi_tx_amsdu.dir/source/host/feature/hmac_tx_amsdu.c.obj
[1578/1713] Building C object protocol/wifi/CMakeFiles/wifi_btcoex.dir/source/host/feature/hmac_btcoex.c.obj
[1579/1713] Building C object protocol/wifi/CMakeFiles/wifi_btcoex.dir/source/host/feature/hmac_btcoex_ba.c.obj
[1580/1713] Building C object protocol/wifi/CMakeFiles/wifi_btcoex.dir/source/host/feature/hmac_btcoex_btsta.c.obj
[1581/1713] Building C object protocol/wifi/CMakeFiles/wifi_btcoex.dir/source/host/feature/hmac_btcoex_m2s.c.obj
[1582/1713] Building C object protocol/wifi/CMakeFiles/wifi_btcoex.dir/source/host/feature/hmac_btcoex_notify.c.obj
[1583/1713] Building C object protocol/wifi/CMakeFiles/wifi_btcoex.dir/source/host/feature/hmac_btcoex_ps.c.obj
[1584/1713] Building C object protocol/wifi/CMakeFiles/wifi_uapsd_ap.dir/source/host/feature/hmac_uapsd.c.obj
[1585/1713] Linking C static library libmbedtls_v3.6.0.a
[1586/1713] Building C object CMakeFiles/ws63-liteos-app.dir/temp/__null___.c.obj
[1587/1713] Linking C static library libcoap.a
[1588/1713] Linking C static library ..\..\..\..\interim_binary\ws63\libs\wifi\ws63-liteos-app\libwpa_supplicant.a
[1589/1713] Linking C static library application\samples\libsamples.a
[1590/1713] Linking C static library application\ws63\ws63_liteos_application\libws63_liteos_app.a
[1591/1713] Linking C static library kernel\non_os\non_os\libnon_os.a
[1592/1713] Linking C static library liteos\libs\libtargets.a
[1593/1713] Linking C static library liteos\libs\libbase.a
[1594/1713] Linking C static library liteos\libs\libcpup.a
[1595/1713] Linking C static library liteos\libs\libinit.a
[1596/1713] Linking C static library liteos\libs\libc.a
[1597/1713] Linking C static library liteos\libs\libm.a
[1598/1713] Linking C static library liteos\libs\libcsysdeps.a
[1599/1713] Linking C static library liteos\libs\libdriverbase.a
[1600/1713] Linking C static library liteos\libs\libcmsis.a
[1601/1713] Linking C static library liteos\libs\liblinux.a
[1602/1713] Linking C static library kernel\osal\libosal.a
[1603/1713] Linking C static library kernel\osal_adapt\libosal_adapt.a
[1604/1713] Linking C static library driver\adc\libadc.a
[1605/1713] Linking C static library driver\dma\libdma.a
[1606/1713] Linking C static library driver\gpio\libgpio.a
[1607/1713] Linking C static library driver\i2c\libi2c.a
[1608/1713] Linking C static library driver\i2s\libi2s.a
[1609/1713] Linking C static library driver\lpm\liblpm.a
[1610/1713] Linking C static library driver\pmp\libpmp.a
[1611/1713] Linking C static library driver\pwm\libpwm.a
[1612/1713] Linking C static library driver\security_unified\libdrv_security_unified.a
[1613/1713] Linking C static library driver\security_unified\mbedtls_harden_adapt\libmbedtls_harden.a
[1614/1713] Linking C static library driver\spi\libspi.a
[1615/1713] Linking C static library driver\tsensor\libtsensor.a
[1616/1713] Linking C static library driver\uart\libuart.a
[1617/1713] Linking C static library driver\efuse\libefuse.a
[1618/1713] Linking C static library hal\adc\libhal_adc.a
[1619/1713] Linking C static library hal\cpu_core\libhal_cpu_core.a
[1620/1713] Linking C static library hal\dma\libhal_dma_v151.a
[1621/1713] Linking C static library hal\efuse\libhal_efuse_v151.a
[1622/1713] Linking C static library hal\gpio\libhal_gpio_v150.a
[1623/1713] Linking C static library hal\i2c\libhal_i2c.a
[1624/1713] Linking C static library hal\mips\libhal_mips.a
[1625/1713] Linking C static library hal\pmp\libhal_pmp.a
[1626/1713] Linking C static library hal\pwm\libhal_pwm.a
[1627/1713] Linking C static library hal\reboot\libhal_reboot.a
[1628/1713] Linking C static library hal\security_unified\libhal_security_unified.a
[1629/1713] Linking C static library hal\spi\libhal_spi.a
[1630/1713] Linking C static library hal\uart\libhal_uart.a
[1631/1713] Linking C static library hal\tsensor\libhal_tsensor.a
[1632/1713] Linking C static library hal\sio\libhal_sio.a
[1633/1713] Linking C static library drivers\chips\ws63\libchip_ws63.a
[1634/1713] Linking C static library drivers\chips\ws63\porting\adc\libadc_port.a
[1635/1713] Linking C static library drivers\chips\ws63\porting\arch\libpmp_cfg_ws63.a
[1636/1713] Linking C static library drivers\chips\ws63\porting\gpio\libgpio_port.a
[1637/1713] Linking C static library drivers\chips\ws63\porting\liteos\libliteos_port.a
[1638/1713] Linking C static library drivers\chips\ws63\porting\pwm\libpwm_port.a
[1639/1713] Linking C static library drivers\chips\ws63\porting\uart\libuart_port.a
[1640/1713] Linking C static library drivers\chips\ws63\porting\pmp\libpmp_port.a
[1641/1713] Linking C static library drivers\chips\ws63\porting\i2c\libi2c_porting.a
[1642/1713] Linking C static library drivers\chips\ws63\porting\dma\libdma_port.a
[1643/1713] Linking C static library drivers\chips\ws63\porting\spi\libspi_porting.a
[1644/1713] Linking C static library drivers\chips\ws63\porting\sfc\flash_config\libsfc_flash_config_ws63.a
[1645/1713] Linking C static library drivers\chips\ws63\porting\sfc\porting\libsfc_port_ws63.a
[1646/1713] Linking C static library drivers\chips\ws63\porting\tsensor\libtsensor_port.a
[1647/1713] Linking C static library drivers\chips\ws63\porting\efuse\libefuse_port.a
[1648/1713] Linking C static library drivers\chips\ws63\porting\sio\libsio_port.a
[1649/1713] Linking C static library drivers\chips\ws63\porting\reboot\libreboot_port.a
[1650/1713] Linking C static library drivers\chips\ws63\porting\soc\libsoc_port.a
[1651/1713] Linking C static library drivers\chips\ws63\porting\version\libversion_port.a
[1652/1713] Linking C static library drivers\chips\ws63\porting\pm\libpm_port_ws63.a
[1653/1713] Linking C static library drivers\chips\ws63\porting\xo_trim\libxo_trim_port.a
[1654/1713] Linking C static library drivers\chips\ws63\dyn_mem\libdyn_mem.a
[1655/1713] Linking C static library middleware\chips\ws63\exception\libdfx_exception.a
[1656/1713] Linking C static library middleware\chips\ws63\dfx\libdfx_port_ws63.a
[1657/1713] Linking C static library middleware\chips\ws63\partition\libpartition_ws63.a
[1658/1713] Linking C static library middleware\chips\ws63\nv\nv_porting\libnv_ws63.a
[1659/1713] Linking C static library middleware\chips\ws63\nv\nv_zdiag\libnv_zdiag_ws63.a
[1660/1713] Linking C static library middleware\chips\ws63\update\common\libupdate_common_ws63.a
[1661/1713] Linking C static library middleware\chips\ws63\update\storage\libupdate_storage_ws63.a
[1662/1713] Linking C static library middleware\chips\ws63\update\ab_upg\libupdate_ab_ws63.a
[1663/1713] Linking C static library middleware\chips\ws63\mac_addr\libmac_addr_ws63.a
[1664/1713] Linking C static library middleware\chips\ws63\factory\libfactory_ws63.a
[1665/1713] Linking C static library ..\..\..\..\interim_binary\ws63\libs\wifi\ws63-liteos-app\libwifi_service.a
[1666/1713] Linking C static library services\srv_tiot_host\libtiot_driver.a
[1667/1713] Linking C static library utils\algorithm\libalgorithm.a
[1668/1713] Linking C static library utils\app_init\libapp_init.a
[1669/1713] Linking C static library utils\at\at\libat.a
[1670/1713] Linking C static library utils\at\at_wifi_cmd\libwifi_at.a
[1671/1713] Linking C static library utils\at\at_plt_cmd\libplt_at.a
[1672/1713] Linking C static library utils\dfx\libdfx_diag.a
[1673/1713] Linking C static library utils\dfx\libdfx_panic.a
[1674/1713] Linking C static library utils\dfx\libsoc_log.a
[1675/1713] Linking C static library utils\dfx\liblog_file.a
[1676/1713] Linking C static library utils\dfx\libdfx_preserve.a
[1677/1713] Linking C static library utils\dfx\libdfx_log.a
[1678/1713] Linking C static library utils\dfx\libdfx_log_reader.a
[1679/1713] Linking C static library utils\dfx\libdfx_printer.a
[1680/1713] Linking C static library utils\dfx\dfx_reboot\cpu_utils\libcpu_utils.a
[1681/1713] Linking C static library utils\dfx\dfx_reboot\reboot\libreboot.a
[1682/1713] Linking C static library utils\dfx\diag_dfx_cmd\libdiag_dfx_cmd.a
[1683/1713] Linking C static library utils\nv\libnv.a
[1684/1713] Linking C static library utils\partition\libpartition.a
[1685/1713] Linking C static library utils\update\common\libupdate_common.a
[1686/1713] Linking C static library utils\update\storage\libupdate_storage.a
[1687/1713] Linking C static library utils\mips\libmips.a
[1688/1713] Linking C static library ..\..\..\..\interim_binary\ws63\libs\wifi\ws63-liteos-app\libcjson.a
[1689/1713] Linking C static library ..\..\..\..\interim_binary\ws63\libs\wifi\ws63-liteos-app\liblwip.a
[1690/1713] Linking C static library ..\..\..\..\interim_binary\ws63\libs\wifi\ws63-liteos-app\liblwip_tcm.a
[1691/1713] Linking C static library ..\..\..\..\interim_binary\ws63\libs\wifi\ws63-liteos-app\libwifi_csa.a
[1692/1713] Linking C static library ..\..\..\..\interim_binary\ws63\libs\wifi\ws63-liteos-app\libwifi_auto_adjust_freq.a
[1693/1713] Linking C static library ..\..\..\..\interim_binary\ws63\libs\wifi\ws63-liteos-app\libwifi_frag.a
[1694/1713] Linking C static library ..\..\..\..\interim_binary\ws63\libs\wifi\ws63-liteos-app\libwifi_radar_sensor.a
[1695/1713] Linking C static library ..\..\..\..\interim_binary\ws63\libs\wifi\ws63-liteos-app\libwifi_tx_amsdu.a
[1696/1713] Linking C static library ..\..\..\..\interim_binary\ws63\libs\wifi\ws63-liteos-app\libwifi_uapsd_ap.a
[1697/1713] Linking C static library ..\..\..\..\interim_binary\ws63\libs\wifi\ws63-liteos-app\libwifi_btcoex.a
[1698/1713] Generating NV_SRC
[1699/1713] Linking C static library open_source\lvgl\liblvgl.a
[1700/1713] Linking C executable ws63-liteos-app.elf
Memory region         Used Size  Region Size  %age Used
ROM:          0 GB       268 KB      0.00%
ITCM:       12992 B        16 KB     79.30%
DTCM:       14900 B        16 KB     90.94%
SRAM:      184256 B     548608 B     33.59%
PRESERVE_SHARE_MEM:         252 B        256 B     98.44%
PROGRAM_STARTUP:         516 B         1 KB     50.39%
PROGRAM:     1296416 B    2357504 B     54.99%
[1701/1713] post_build:gen rom and ram bin file
[1702/1713] cmd.exe /C "cd /D D:\sdk\fbb_ws63\src\output\ws63\acore\ws63-liteos-app && D:\sdk\fbb_ws63\src\tools\bin\compiler\riscv\cc_riscv32_musl_105\cc_riscv32_musl_fp_win\bin\riscv32-linux-musl-nm.exe -S -n --format=sysv ws63-liteos-app.elf > ws63-liteos-app.nm"
[1703/1713] cmd.exe /C "cd /D D:\sdk\fbb_ws63\src\output\ws63\acore\ws63-liteos-app && D:\sdk\fbb_ws63\src\tools\bin\compiler\riscv\cc_riscv32_musl_105\cc_riscv32_musl_fp_win\bin\riscv32-linux-musl-objcopy.exe -O ihex ws63-liteos-app.elf ws63-liteos-app_std.hex"
[1704/1713] cmd.exe /C "cd /D D:\sdk\fbb_ws63\src\output\ws63\acore\ws63-liteos-app && d:\SDKWS63\tools\python\python.exe D:/sdk/fbb_ws63/src/build/script/utils/create_hex.py ws63-liteos-app_rom.bin ws63-liteos-app_rom.hex"
[1705/1713] update nv bin
build nv bin success!!
[1706/1713] cmd.exe /C "cd /D D:\sdk\fbb_ws63\src\output\ws63\acore\ws63-liteos-app && d:\SDKWS63\tools\python\python.exe D:/sdk/fbb_ws63/src/build/script/utils/create_hex.py ws63-liteos-app.bin ws63-liteos-app.hex"
[1707/1713] cmd.exe /C "cd /D D:\sdk\fbb_ws63\src\output\ws63\acore\ws63-liteos-app && d:\SDKWS63\tools\python\python.exe D:/sdk/fbb_ws63/src/build/script/codesize_statistic.py ws63-liteos-app"
codesize statistics done
[1708/1713] cmd.exe /C "cd /D D:\sdk\fbb_ws63\src\output\ws63\acore\ws63-liteos-app && d:\SDKWS63\tools\python\python.exe D:/sdk/fbb_ws63/src/build/script/patch/patch_riscv.py ws63-liteos-app.bin ws63-liteos-app_rom.bin ws63-liteos-app.nm D:/sdk/fbb_ws63/src/build/config/target_config/ws63/patch_config acore ws63-liteos-app D:/sdk/fbb_ws63/src/output/ws63/acore/ws63-liteos-app"
Generating ws63-liteos-app.bin...
[1709/1713] ws63 image sign
generate params.bin...
Build params success!
params.bin size:  1024
params.bin generate successfully!!!
params_sign.bin generate successfully!!!
generate fill root_pubk.bin
merge out path:  D:\sdk\fbb_ws63\src\build\config\target_config\ws63\sign_config
root_params_sign.bin generate successfully!!!
sign name:  ../../../../../output/ws63/acore\ws63-ssb/ssb.bin
../../../../../output/ws63/acore\ws63-ssb/ssb.bin size:  20928
../../../../../output/ws63/acore\ws63-ssb/ssb.bin  generated successfully!!!
ssb_sign.bin generated successfully!!!
../../../../../output/ws63/acore\ws63-flashboot/flashboot.bin size:  49408
flash_sign.bin generated successfully!!!
../../../../../output/ws63/acore\ws63-loaderboot\loaderboot.bin size:  30912
loaderboot_sign.bin generated successfully!!!
merge out path:  D:\sdk\fbb_ws63\src\output\ws63\acore\ws63-loaderboot
root_loaderboot_sign.bin generated successfully!!!
sign name:  ../../../../../output/ws63/acore\ws63-liteos-app/ws63-liteos-app.bin
../../../../../output/
ws63/acore\ws63-liteos-app/ws63-liteos-app.bin size:  1297440
../../../../../output/ws63/acore\ws63-liteos-app/ws63-liteos-app.bin  generated successfully!!!
sign name:  ../../../../../output/ws63/acore/boot_bin\ws63-liteos-mfg.bin
../../../../../output/ws63/acore/boot_bin\ws63-liteos-mfg.bin size:  1263872
../../../../../output/ws63/acore/boot_bin\ws63-liteos-mfg.bin  generated successfully!!!
[1710/1713] cmd.exe /C "cd /D D:\sdk\fbb_ws63\src\output\ws63\acore\ws63-liteos-app && D:\sdk\fbb_ws63\src\tools\bin\compiler\riscv\cc_riscv32_musl_105\cc_riscv32_musl_fp_win\bin\riscv32-linux-musl-objdump.exe -d -m riscv ws63-liteos-app.elf > ws63-liteos-app.asm"
[1711/1713] cmd.exe /C "cd /D D:\sdk\fbb_ws63\src\output\ws63\acore\ws63-liteos-app && D:\sdk\fbb_ws63\src\tools\bin\compiler\riscv\cc_riscv32_musl_105\cc_riscv32_musl_fp_win\bin\riscv32-linux-musl-objdump.exe -x -S -l ws63-liteos-app.elf > ws63-liteos-app.lst"
[1712/1713] MEM_LIMIT
[1713/1713] cmd.exe /C "cd /D D:\sdk\fbb_ws63\src\output\ws63\acore\ws63-liteos-app && d:\SDKWS63\tools\python\python.exe D:/sdk/fbb_ws63/src/build/script/utils/elftodu.py D:/sdk/fbb_ws63/src ws63-liteos-app.elf D:/sdk/fbb_ws63/src/tools/bin/compiler/riscv/cc_riscv32_musl_105/cc_riscv32_musl_fp_win/bin/riscv32-linux-musl-nm.exe > ws63-liteos-app.du && d:\SDKWS63\tools\python\python.exe D:/sdk/fbb_ws63/src/build/script/utils/mem_stats.py ws63-liteos-app.lst ws63-liteos-app.du D:/sdk/fbb_ws63/src/output/ws63/acore/ws63-liteos-app/linker.lds ws63 > ws63-liteos-app.mem"
[1/106] HSO_DB Makedir
[2/106] Building HSO_DB_reboot
[3/106] Building HSO_DB_hal_pmp
[4/106] Building HSO_DB_non_os
[5/106] Building HSO_DB_version_port
[6/106] Building HSO_DB_hal_reboot
[7/106] Building HSO_DB_wifi_uapsd_ap
[8/106] Building HSO_DB_dfx_port_ws63
[9/106] Building HSO_DB_cpu_utils
[10/106] Building HSO_DB_liteos_port
[11/106] cmd.exe /C "cd /D D:\sdk\fbb_ws63\src\output\ws63\acore\ws63-liteos-app && d:\SDKWS63\tools\python\python.exe D:/sdk/fbb_ws63/src/build/script/hdbxml/bt_status_to_hso_prim_xml.py D:/sdk/fbb_ws63/src/ ws63 && d:\SDKWS63\tools\python\python.exe D:/sdk/fbb_ws63/src/build/script/hdbxml/ota_msg_to_hso_prim_xml.py D:/sdk/fbb_ws63/src/ ws63"
[12/106] Building HSO_DB_dma_port
[13/106] Building HSO_DB_ws63_liteos_app
[14/106] Building HSO_DB_tsensor_port
[15/106] Building HSO_DB_hal_spi
[16/106] Building HSO_DB_pmp_cfg_ws63
[17/106] Building HSO_DB_partition
[18/106] Building HSO_DB_lpm
[19/106] Building HSO_DB_adc_port
[20/106] Building HSO_DB_osal_adapt
[21/106] Building HSO_DB_mac_addr_ws63
[22/106] Building HSO_DB_efuse_port
[23/106] Building HSO_DB_efuse
[24/106] Building HSO_DB_chip_ws63
[25/106] Building HSO_DB_hal_uart
[26/106] Building HSO_DB_hal_efuse_v151
[27/106] Building HSO_DB_partition_ws63
[28/106] Building HSO_DB_spi
[29/106] Building HSO_DB_tsensor
[30/106] Building HSO_DB_osal
[31/106] Building HSO_DB_hal_dma_v151
[32/106] Building HSO_DB_pwm
[33/106] Building HSO_DB_spi_porting
[34/106] Building HSO_DB_hal_tsensor
[35/106] Building HSO_DB_hal_adc
[36/106] Building HSO_DB_app_init
[37/106] Building HSO_DB_hal_pwm
[38/106] Building HSO_DB_pwm_port
[39/106] Building HSO_DB_sfc_flash_config_ws63
[40/106] Building HSO_DB_sfc_port_ws63
[41/106] Building HSO_DB_pmp
[42/106] Building HSO_DB_dyn_mem
[43/106] Building HSO_DB_pmp_port
[44/106] Building HSO_DB_dma
[45/106] Building HSO_DB_adc
[46/106] Building HSO_DB_reboot_port
[47/106] Building HSO_DB_gpio_port
[48/106] Building HSO_DB_hal_cpu_core
[49/106] Building HSO_DB_gpio
[50/106] Building HSO_DB_algorithm
[51/106] Building HSO_DB_hal_gpio_v150
[52/106] Building HSO_DB_wifi_service
[53/106] Building HSO_DB_wifi_tx_amsdu
[54/106] Building HSO_DB_wifi_frag
[55/106] Building HSO_DB_sio_port
[56/106] Building HSO_DB_at
[57/106] Building HSO_DB_i2s
[58/106] Building HSO_DB_wifi_radar_sensor
[59/106] Building HSO_DB_hal_sio
[60/106] Building HSO_DB_wifi_auto_adjust_freq
[61/106] Building HSO_DB_nv_zdiag_ws63
[62/106] Building HSO_DB_nv_ws63
[63/106] Building HSO_DB_wifi_at
[64/106] Building HSO_DB_dfx_printer
[65/106] Building HSO_DB_wifi_csa
[66/106] Building HSO_DB_factory_ws63
[67/106] Building HSO_DB_plt_at
[68/106] Building HSO_DB_nv
[69/106] Building HSO_DB_update_storage
[70/106] Building HSO_DB_update_common_ws63
[71/106] Building HSO_DB_update_common
[72/106] Building HSO_DB_update_storage_ws63
[73/106] Building HSO_DB_pm_port_ws63
[74/106] Building HSO_DB_samples
[75/106] Building HSO_DB_update_ab_ws63
[76/106] Building HSO_DB_mips
[77/106] Building HSO_DB_lwip_tcm
[78/106] Building HSO_DB_wifi_btcoex
[79/106] Building HSO_DB_hal_mips
[80/106] Building HSO_DB_soc_port
[81/106] Building HSO_DB_mbedtls_harden
[82/106] Building HSO_DB_cjson
[83/106] Building HSO_DB_xo_trim_port
[84/106] Building HSO_DB_coap
[85/106] Building HSO_DB_tiot_driver
[86/106] Building HSO_DB_hal_i2c
[87/106] Building HSO_DB_i2c
[88/106] Building HSO_DB_uart_port
[89/106] Building HSO_DB_i2c_porting
[90/106] Building HSO_DB_uart
[91/106] Building HSO_DB_dfx_log
[92/106] Building HSO_DB_dfx_log_reader
[93/106] Building HSO_DB_lwip
[94/106] Building HSO_DB_diag_dfx_cmd
[95/106] Building HSO_DB_dfx_panic
[96/106] Building HSO_DB_dfx_preserve
[97/106] Building HSO_DB_dfx_diag
[98/106] Building HSO_DB_hal_security_unified
[99/106] Building HSO_DB_dfx_exception
[100/106] Building HSO_DB_soc_log
[101/106] Building HSO_DB_log_file
[102/106] Building HSO_DB_drv_security_unified
[103/106] Building HSO_DB_wpa_supplicant
[104/106] Building HSO_DB_mbedtls_v3.6.0
[105/106] Building HSO_DB_lvgl
[106/106] Running utility command for HSO_DB
data size:  16
finally size:  64
[!][copy_files_to_interim] File `D:\sdk\fbb_ws63\src\output/ws63/acore/ws63-ssb/ssb.bin` not found, will skip it !
[!][copy_files_to_interim] File `D:\sdk\fbb_ws63\src\output/ws63/acore/ws63-ssb/ssb_sign.bin` not found, will skip it !
[!][copy_files_to_interim] File `D:\sdk\fbb_ws63\src\output/ws63/acore/ws63-liteos-hilink/ws63-liteos-hilink.bin` not found, will skip it !
[!][copy_files_to_interim] File `D:\sdk\fbb_ws63\src\output/ws63/acore/ws63-liteos-hilink/ws63-liteos-hilink-sign.bin` not found, will skip it !
[*] romboot not found, codepoint files will not be one!
current work direction:  d:\sdk\fbb_ws63\src
NV file reading:  ./output/ws63/acore/nv_bin/temp/cfg/acore_nv.json
nv xml writing in:  ./output/ws63/database/cco/system/hdbcfg/mss_nvi_db.xml
struct file reading:  ./output/ws63/acore/nv_bin/temp/acore.etypes
struct writing in: ./output/ws63/database/cco/system/nv/nv_struct_def.txt
packet app
['D:\\sdk\\fbb_ws63\\src\\output\\ws63\\acore\\boot_bin\\root_loaderboot_sign.bin', 'D:\\sdk\\fbb_ws63\\src\\output\\ws63\\acore\\param_bin\\root_params_sign.bin', 'D:\\sdk\\fbb_ws63\\src\\output\\ws63\\acore\\boot_bin\\ssb_sign.bin', 'D:\\sdk\\fbb_ws63\\src\\output\\ws63\\acore\\boot_bin\\flashboot_sign.bin', 'D:\\sdk\\fbb_ws63\\src\\output\\ws63\\acore\\boot_bin\\flashboot_backup_sign.bin', 'D:\\sdk\\fbb_ws63\\src\\output\\ws63\\acore\\nv_bin\\ws63_all_nv.bin', 'D:\\sdk\\fbb_ws63\\src\\output\\ws63\\acore\\ws63-liteos-app\\ws63-liteos-app-sign.bin']
[0, 2097152, 2105344, 2228224, 2162688, 6275072, 2293760]
[2097152, 1920, 21696, 50176, 50176, 16384, 1298240]
[31808, 1920, 21696, 50176, 50176, 8192, 1298240]
[0, 1, 1, 1, 1, 1, 1]
['D:\\sdk\\fbb_ws63\\src\\output\\ws63\\acore\\boot_bin\\root_loaderboot_sign.bin', 'D:\\sdk\\fbb_ws63\\src\\output\\ws63\\acore\\ws63-liteos-app\\ws63-liteos-app-sign.bin']
[0, 2293760]
[2097152, 1298240]
[31808, 1298240]
[0, 1]
python path:  d:\SDKWS63\tools\python\python.exe
flashboot start build .....
['d:\\SDKWS63\\tools\\python\\python.exe', 'build.py', 'ws63-flashboot']
loaderboot start build .....
['d:\\SDKWS63\\tools\\python\\python.exe', 'build.py', 'ws63-loaderboot']
[ws63][acore] run custom cmd success!
D:\sdk\fbb_ws63\src\build\script\.\..\..\config.in
d:\sdk\fbb_ws63\src
Kconfig header saved to 'D:\sdk\fbb_ws63\src\output\ws63\acore\ws63-liteos-app\mconfig.h'
######### Build target:ws63_liteos_app success
ws63-liteos-app takes 124.727071 s
python path:  d:\SDKWS63\tools\python\python.exe
generate_efuse_bin ing...
['d:\\SDKWS63\\tools\\python\\python.exe', 'D:\\sdk\\fbb_ws63\\src\\build\\config\\target_config\\ws63\\script\\efuse_cfg_gen.py', 'ws63-liteos-app']
generate_efuse_bin done!
copy_files_to_interim ing...
['d:\\SDKWS63\\tools\\python\\python.exe', 'D:\\sdk\\fbb_ws63\\src\\build\\config\\target_config\\ws63\\script\\copy_files_to_interim.py', 'D:\\sdk\\fbb_ws63\\src']
copy_files_to_interim done!
generate rom_in_one ing...
['d:\\SDKWS63\\tools\\python\\python.exe', 'D:\\sdk\\fbb_ws63\\src\\build\\config\\target_config\\ws63\\script\\rom_in_one.py', 'D:\\sdk\\fbb_ws63\\src', 'ws63-liteos-app']
generate rom_in_one done!
['d:\\SDKWS63\\tools\\python\\python.exe', 'D:\\sdk\\fbb_ws63\\src\\build\\config\\target_config\\ws63\\script\\nv_handle.py']
[ws63][acore] run custom cmd success!
packet ing...
['d:\\SDKWS63\\tools\\python\\python.exe', 'D:\\sdk\\fbb_ws63\\src\\tools\\pkg\\packet.py', 'ws63', 'ws63-liteos-app', '']
packet success!
