:0200000400A258
:108300006F004000930200007390023A9302000055
:108310007390123A930200007390223A9302000085
:108320007390323A930200007390927D97D2FDFFD2
:108330009382C27D13030500032E030023A0C20114
:10834000979200009382C24793821200739052303A
:10835000735000307350403097C100009381017713
:1083600017D1FDFF1301019A97B2FDFF938282D9C5
:1083700017D3FDFF13030319638C6200B7B3BEEF7D
:108380009383E3DD23A0720093824200E3CC62FE7C
:108390009300000013020000130400009304000087
:1083A000130500009305000013060000930600006B
:1083B0001307000093070000130800009308000053
:1083C0001309000093090000130A0000930A00003B
:1083D000130B0000930B0000130C0000930C000023
:1083E000130D0000930D0000130E0000930E00000B
:1083F000130F0000930F000097D2FDFF93828210AD
:1084000017D3FDFF13038370638A62009303000098
:1084100023A0720093824200E3CC62FE6F00D0255D
:10842000C016A3007CD3A2007CD3A2007CD3A20000
:108430007CD3A2007CD3A2007CD3A2007CD3A20078
:108440007CD3A2007CD3A2007CD3A2007CD3A20068
:1084500090D3A2007CD3A2007CD3A2007CD3A20044
:108460007CD3A2007CD3A2007CD3A2007CD3A20048
:108470007CD3A2007CD3A2007CD3A2007CD3A20038
:108480007CD3A2007CD3A20058CFA20058CFA20078
:1084900058CFA20058CFA20058CFA20058CFA200B8
:1084A00058CFA20058CFA20058CFA20058CFA200A8
:1084B00058CFA20058CFA20058CFA20058CFA20098
:1084C00058CFA20058CFA20058CFA20058CFA20088
:1084D00058CFA20058CFA20058CFA20058CFA20078
:1084E00058CFA20058CFA20058CFA20058CFA20068
:1084F00058CFA20058CFA20058CFA20058CFA20058
:1085000058CFA20058CFA20058CFA20058CFA20047
:1085100058CFA20058CFA20058CFA20058CFA20037
:1085200058CFA20058CFA20058CFA20058CFA20027
:1085300058CFA20058CFA20058CFA20058CFA20017
:0885400058CFA20058CFA200A1
:108550008280110422C0ED3FD24273901234825DBA
:10856000125DA25C325CC25B525BE25A725A86496F
:108570001649A6443644C64F564FE64E764E8658A8
:108580001658A6573657C6565656E65576558A4358
:108590001A43AA42BA40496173002030014739A00A
:1085A0001881380021202245B2451481B6883288CE
:1085B000AA872E8EDDEE63F1C512C166636AD61CF2
:1085C000B70600016365D63A13538601E14897C6A2
:1085D000000083A6E6CE9A96942213030002B69872
:1085E00033031341630C0300B3956500B3581501C1
:1085F0003318660033EEB800B3176500935E0801C8
:10860000335FDE0313160801418293D60701B37569
:10861000DE03B30FE6039BA6B62063FAF601C2960B
:108620009305FFFF63E4060163E5F6372E8FB385FC
:10863000F64133D5D50393960701C182B3F5D5032F
:108640003306A6029BA7B62063FAC700C29793061B
:10865000F5FF63E4070163EBC7323685918F1B2575
:10866000E521814511C7B3D767001CC3232207004A
:10867000828063F9D500630F071208C34CC301451C
:1086800081458280C16763EDF60EB707000163EA9A
:10869000F62C93D88601614897C7000083A747C28C
:1086A000C69703C30700930E00024293B38E6E4039
:1086B00063950E1863E4B6006363C52E3306C540A8
:1086C0003335C500958D338EA540054581454DD385
:1086D00010C32322C701828001E6854633D8C60233
:1086E000C1666360D80CB70600016368D8261356CC
:1086F0008801E14897C6000083A686BCB296902206
:108700001303000246963303C3406318030A931E03
:108710000801B3860541135F080193DE0E0185450C
:1087200093D8070133DEE603B3F6E6033306DE0330
:108730009BA6D82063FAC600C2961305FEFF63E429
:10874000060163EBC6242A8E3386C6403355E60302
:1087500093960701C1823376E603B308D5039BA73E
:10876000C62063FA1701C2979306F5FF63E4070179
:1087700063EB17213685B38717411B25C521DDB56E
:108780009307F00F63F3D71E93D88600214829B7CB
:1087900032839306F00FE3FCC6E213538600A14830
:1087A0003DB542869306F00FE3F606F513568800B2
:1087B000A14889B781450145828033186800B3D844
:1087C000C500135F0801B3DFE803931E0801B395EA
:1087D00065003356C50093DE0E014D8E135E060113
:1087E000B3176500B3F8E803B385FE031B251E210C
:1087F000637BB50042959386FFFF6364051963723E
:10880000B518F91F42950D8DB358E503219E3375B8
:10881000E503B3861E039B25A62063FBD500C29506
:108820001386F8FF63EB051563F9D514F918C295A3
:10883000B386D5409BA5F821E5B533586600B396BD
:10884000D601B366D800B3D7650013DE0601B3DFE7
:10885000C7039398060193D8080133586500331F66
:10886000D501B395D501B365B80013D8050133160A
:10887000D601B3F7C7033385F8039B27F82063FBC2
:10888000A700B6971388FFFF63EBD70E63F9A70E17
:10889000F91FB697898F33D5C703A19DB3F7C703D7
:1088A000B388A8029BA5F52063FB1501B695930735
:1088B000F5FF63E2D50C63F0150D7915B695C1632C
:1088C0001B25F5219387F3FF3378F500135E05012F
:1088D000F18F935F0601B302FE02B3881541B30521
:1088E000F8033308F80296959B850561330EFE0365
:1088F00063F355001E9EC167FD17B3FFF500B37704
:10890000F8001B08BE609B87F72163ED08036389AD
:1089100008038145E30E07D4B307FF40333FFF0050
:10892000B3880841B388E84133936800B3D7D701CF
:10893000B367F300B3D8D8011CC323221701828088
:10894000E379FFFC3386C740B3B7C7003308D8408C
:108950003308F8407D15B2876DBF13560801C14832
:1089600051BB93D80601414805BB014835B31353A9
:108970000601C148A9B93E8599B7B28855BDC28FD5
:1089800011BFB68F49B57915C297F5B37915C2975E
:10899000F1B1791FC29661B9791EC29675B32A8664
:1089A00001452DB359CA93F7F50F1CA13307C50034
:1089B000A30FF7FEBB6126031CB13CA1230FF7FEFA
:1089C000A30EF7FEBB6D16073CB1230EF7FEA146C2
:1089D00063F5C606B307A0408D8B3307F5001D8EE7
:1089E00093F5F50F9F0701010101B385F502719A17
:1089F000B307C7000CC323AEB7FE63F0C6044CC375
:108A00000CC723AAB7FE23ACB7FE3B6C06194CC7B4
:108A10000CCB4CCB0CCF23A2B7FE23A4B7FE23A6CE
:108A2000B7FE23A8B7FE93774700E107BA97FD4644
:108A300032973306F74063E3C60082808CC3CCC311
:108A40008CC7CCC78CCBCCCB8CCFCCCF9387070239
:108A5000CDB7AA8713F7350019C36319061613F8A3
:108A600037003D47630E0818BB6A162094219841D1
:108A7000BB0778028D486305182394A394317516BB
:108A80008D0594B383C6F5FF8D07414EA38FD7FEA6
:108A900003A3150083A855004116131883001B2754
:108AA000E87003A8950098C3939688001317880070
:108AB0001B27177198C703A7D5009BA66670D4C360
:108AC000931687009BA60671D4C7C105C107E36151
:108AD000CEFC1377060151C39821C107C105238835
:108AE000E7FE03C715FFA388E7FE03C725FF238919
:108AF000E7FE03C735FFA389E7FE03C745FF238AC7
:108B0000E7FE03C755FFA38AE7FE03C765FF238B74
:108B1000E7FE03C775FFA38BE7FE03C785FF238C22
:108B2000E7FE03C795FFA38CE7FE03C7A5FF238DD0
:108B3000E7FE03C7B5FFA38DE7FE03C7C5FF238E7E
:108B4000E7FE03C7D5FFA38EE7FE03C7E5FF238F2C
:108B5000E7FE03C7F5FFA38FE7FE1377860031C357
:108B60009821A107A105238CE7FE03C795FFA38CDD
:108B7000E7FE03C7A5FF238DE7FE03C7B5FFA38D5F
:108B8000E7FE03C7C5FF238EE7FE03C7D5FFA38E0D
:108B9000E7FE03C7E5FF238FE7FE03C7F5FFA38FBB
:108BA000E7FE1377460059C3982191079105238E5C
:108BB000E7FE03C7D5FFA38EE7FE03C7E5FF238FBC
:108BC000E7FE03C7F5FFA38FE7FE8DA0850503C76A
:108BD000F5FF85077D16A38FE7FEADBD9441C10764
:108BE000C10523A8D7FE83A645FF411623AAD7FEB9
:108BF00083A685FF23ACD7FE83A6C5FF23AED7FE91
:108C0000E36EC7FC1377860011CB9841A107A1053D
:108C100023ACE7FE03A7C5FF23AEE7FE13774600AC
:108C200011C798419107910523AEE7FE13772600FF
:108C300011CB982189078905238FE7FE03C7F5FF2C
:108C4000A38FE7FE058A19C2982198A3828094A376
:108C500094317916890594B3454E890703A32500FD
:108C600083A865004116131803011B27E86003A8B9
:108C7000A50098C393960801131708011B271761D5
:108C800098C703A7E5009BA66660D4C393160701A7
:108C90009BA60661D4C7C105C107E361CEFC15BD23
:108CA00094A385057D168507494E03A3350083A847
:108CB00075004116131883011B27E85003A8B5005F
:108CC00098C393968801131788011B27175198C7DB
:108CD00003A7F5009BA66650D4C3931687019BA6F5
:108CE0000651D4C7C105C107E361CEFCDDB32A96A6
:108CF000630CC5001C2198216385E7003385E7409C
:108D0000828005058505EDB701458280AA8713F7A6
:108D100037001DE39F05FFFEFEFE1F06808080805A
:108D200094433387B60093C6F6FF758F718F01CFDA
:108D3000982309C78507EDBF982301E73385A7402E
:108D400082808507E9B79107E1BF2A882E87B2871D
:108D5000630FB502F956B306D602B388A540B388AF
:108D6000C84063E31601F5B1B3C6A5008D8A6378E8
:108D7000B504A1C6AA86B697638AF600050703461E
:108D8000F7FF8506A38FC6FEC5BF81E742873A85F8
:108D9000828005070346F7FF8506FD17A38FC6FEF1
:108DA00013F636007DF20D46E377F6FC0C43F1171F
:108DB000910623AEB6FE1107C5BFAA86D5B781EED0
:108DC0002A96B386F50093753600B387E64089EDA1
:108DD0008D4663E3F602DDDBFD17B306F700902254
:108DE000B306F80090A2C5BF7D16E301D7FA83C78A
:108DF000F6FFFD161CA2C1BFF1173306F7000C42A7
:108E00003306F8000CC2F1B71880EF309073B72723
:108E1000004011472398E71001A001A018802A867E
:108E2000D146D1451F050055A000EF70F06101C586
:108E30003705008011051480188002951080F1BF5D
:108E4000370700401C473D89C19BC98F1CC78280E2
:108E5000B707E0FF3E956F30D026B2872E86BE85DD
:108E60006F305016B2872E86BE856F3070081F0592
:108E70000020A3006F30207D588B02D602D802DA82
:108E8000373600408327862393D6370013D7270031
:108E9000858A058B638AE60013F7470011E7F99B83
:108EA00093E72700232CF62237370040832787409B
:108EB00093E787032324F740EF3050401D45EF1020
:108EC00050150145EF10101A9F0700C201003EDC4B
:108ED000930780103EDE9F0702010400BEC0EF1022
:108EE000804131462C180808AD3681450808EF301E
:108EF000505CEF30104A1F050C20A300EF30705576
:108F0000EF403067EF30A022EF30F0341F0528200B
:108F1000A300EF3010549F076E8EA200BEC29F07C1
:108F2000648EA200BEC49F075A8EA200BEC6C800AF
:108F30009F07508EA200BEC882CACD350D3F2AC6FB
:108F400063020520EF30B045B2451F054420A30061
:108F5000EF305051EF30F043EF30903AEF30103DAA
:108F6000EF30404F01CD2AC6EF307043B2451F05A8
:108F70007020A300EF30104FEF30B041B737004002
:108F800083A7872393F6270013F787006382061CC5
:108F9000858B9305300391C3E1451306300311C35C
:108FA00061461F058420A300EF30904DEF3010295B
:108FB000EF105019EF40A0772C181305100202D4BF
:108FC000EF40106309E583478103638D071893051C
:108FD00050101F05B820A300EF30D0486C101305C7
:108FE0000002EF40F06019C9EF30703B1F056C21A3
:108FF000A300EF301046EF30D03939354254B7076F
:10900000200093890710A29982C282C482C682C8B6
:10901000525903A78904B304F400938707303E94A0
:109020009F07E196783C2699631CF71C1F05882151
:10903000A300EF3010429F058080A20026861945CC
:109040002123AA85630C05261F051022A300EF30FB
:109050007041EF30D0341F056423A300EF30703F20
:10906000EF303033B707004088473D898D47637143
:10907000F5260505F133493B0145EF30504B0145DD
:10908000C13371468145C800313AC800EF40D0294C
:1090900039C9A647A9CB94431F0733F37C4B63948C
:1090A000E604944713070010639FE602664705EF46
:1090B000F6461F072FBA458F6397E60283A647122D
:1090C0004647938606306310D70293D6C400BA94FD
:1090D000378700442320D780B180B1832320978233
:1090E000958F2320F784B7070040D85323A20702A7
:1090F0009F075A5A5A5A6312F704EF30502AEF105A
:10910000B0011F05D422A300EF30B0342C1809455C
:1091100002DC02DE82C082C282C482C6EF40504DB1
:10912000AA84CC000545EF40B04C458D6303052073
:109130001F05F022A300EF30D031EF10E07D228533
:10914000E539548B1F055C20A300EF30903029B522
:109150009305300311C3E1451F05A020A300EF30A4
:109160007030A9B52810EF40803822559305C0060D
:10917000D000EF406041AA8509C51F05D820A30093
:10918000A1BD16479F07AA55AA55631AF7003A577B
:109190009F0755AA55AA6314F700AA5799E71F0518
:1091A000F020A300EF30F02A15BDEF30501F1F054F
:1091B0000821A300EF30F029EF50B043B73700800B
:1091C000938677043727A3006304D50293870704A7
:1091D0006300F50211CD13058711EF3090271F05AD
:1091E0003421A300EF30F026EF30B01A3139FDB34F
:1091F00013058711EF30F0251F055021A300DDB7BF
:10920000B367240193F7F70F89CFEF3050194A86DF
:10921000A6851F05A021A300EF309026EF30701720
:10922000E5361F05BC21A300EF30B0229387C904A7
:10923000BEC4F147BEC641468547CC000808230896
:10924000F104EFF01F810808EF00101F09CD2AC6B6
:10925000EF30F014B2451F05D421A300EF30902069
:10926000EF303013553641479386C9064A86A285AA
:109270000145EF00B02209CD2AC6EF305012B245A9
:109280001F05E821A300EF30F01DEF309010AD3E38
:1092900085463706A000CA850545EF009024E30CFB
:1092A00005D82AC6EF30B00FB2451F05FC21A30038
:1092B000EF30501BEF30F00D813EB5BBA285268507
:1092C0009521AA85E30A05DA1F053022A30041B3E0
:1092D0009947E372F5DA0505A536C80082C2EF406A
:1092E0009054AA8519E1164519E51F055022A300DF
:1092F000EF30501749B3EF50004FAA8509C51F053D
:109300006C22A300F5B7EF50205BAA8509C51F05A5
:109310008422A300F1BFEF508061AA8509C51F0513
:10932000A422A300F1B71F05C022A300EF307012E2
:1093300099B3B6452645EF30C058AA8511C51F051B
:109340001423A300EF301012F25706462645B70546
:109350002000BE95EF300047AA8511C51F053423B4
:10936000A300EF3030101F055423A300EF30700E20
:10937000EF303002D9B3B726A3001387C641814727
:109380009386C6413948834807006394A8028348FE
:1093900017006390B802DB97F60CDC43014563804D
:1093A000C70218801F059C23A300EF30900A7D554B
:1093B000148085073107E39807FD8147C5B7828090
:1093C0001881FD5705469305F1001D45A307F100DF
:1093D000EF30E06501C91F05E023A300EF307007FF
:1093E0007D5514818347F1000145E5FF3705008075
:1093F0000905C5BF38812A84AE8411466C00194521
:1094000002C6EF30C06201C91F05AC23A300EF30D4
:1094100050047D553481B24701453D8C658C7DD823
:109420001F05CC23A300E5B7488413090102AA84D1
:1094300036842E8593060002B2854A8602C402C68F
:1094400002C802C002C202CA02CC02CEEF00F06122
:1094500009C91F05C424A300EF30A07FFD573E8536
:1094600044849307000226C422CA9384040213048E
:10947000040250088A8528003EC83EC03ECE26C65B
:109480004AC222CCEF00F05D814771D91F05F42458
:10949000A300D9B73881AA8441468A85054502C010
:1094A00002C202C402C6EF30805809C91F056823F2
:1094B000A300EF30007A7D54228534812A8441460E
:1094C000A6850A85EFF0BF8265D91F058823A30012
:1094D000CDB738813727A300B2849306C7412E84C5
:1094E00002C681471307C74139468C226394A502FF
:1094F000DB17F70C88276C001146EF304053AA8722
:10950000B375940015C11F05AC23A300EF30607440
:109510007D5534818507B106E399C7FC0145E1BF5C
:109520001387F5FFF98D8507E5FD3246658E01EA63
:109530000145E3F0B7FE1F050424A300C1BF1307D4
:10954000F6FF798E8505E5B748806309061C930709
:1095500000F06305F61C32842E89AA849535B7077E
:10956000008089076315F5021F05AC25A300EF30C5
:10957000406EB935B70700808907631EF50E1F05D9
:109580001C27A300EF30E06C0144228544803B1887
:1095900005FF1F05DC25A300EF30A06B1F04C015DD
:1095A00000801F050027A300EF30A06AF9BF91C417
:1095B0009387E4FF819FBBF807029F071455A00023
:1095C0009C43BB8507051F050826A300EF30606894
:1095D0001F04C1150080F1B7104081452685613B0D
:1095E00011C91F053826A300EF30A0661F04C2155D
:1095F000008045BF9306040C1306000CA2854A8523
:10960000253511C91F056026A300EF3080641F04B3
:10961000C315008079B799CC10544C502685553D20
:1096200011C91F058C26A300EF30A0621F04C415CA
:10963000008085BF0C584854753B11C91F05B826DA
:10964000A300EF3000611F04C515008099BF585872
:109650009F0712C8132AE31EF7F0130584031D3D6C
:10966000E30905F01F05DC26A300EF30805E1F0430
:10967000C61500803DB73B1705FF1F054C27A3000B
:10968000EF30205D1F04C01500801F051C28A300BB
:1096900021BF032604108545268513090410E139EE
:1096A00011C91F057827A300EF30A05A1F04C21567
:1096B0000080E1BF9306042813060018CA8513052D
:1096C00004089D3311C91F05A027A300EF3060587F
:1096D0001F04C315008055BF8DC003264901832593
:1096E00009012685FD3311C91F05CC27A300EF30E2
:1096F00040561F04C415008049BF8325C9010325B6
:109700008901CD392A84E30205E81F05F827A30063
:10971000EF3020541F04C515008085BF1F04CA15F3
:109720000080A5B54882930700F06307F506ADC534
:10973000AE842A84130600028145130905100A85A8
:10974000EFF04FA683254412930600020A86268571
:10975000EF00B03105C11F053025A300EF30604F89
:109760001F04C71500801F058C25A300EF30604E35
:109770002285448293058412130600020A85EFF0C5
:109780000FD7014475D51F056025A300EF30604C4D
:109790001F04C8150080C1BF1F04CA150080C9BFBF
:1097A0003880F3240030F37704303754A000930757
:1097B00044529E2313044452A19F89EB9F071C55DA
:1097C000A0009C4381C78685014582979F07185555
:1097D000A0009C4389C786851220014582971E20E0
:1097E000A19F89EB8D8093C4140085889F07205525
:1097F000A00084C31E208507A19F1EA01E20A19F3C
:1098000081EB930530061305100330806F40E04470
:109810000F00F00F0F00F00F348038803754A00095
:10982000930744529E23A19F81EB9305F0061305F5
:10983000100330806F406042130444521E2086841F
:10984000FD17A19F1EA09F071855A0009C4389C724
:1098500086851220054582971E20A19F85E79F07D8
:109860001C55A0009C4381C7A685054582979F078C
:109870002055A0009C4399E3F36704300F00F00FDC
:109880000F00F00F348018802A86B146B1451F05BD
:109890002855A000EF70403B0145148038802E848D
:1098A000E1460146E145AA84EF70C041930784FF79
:1098B0001F073455A0001385B401F19B71991CCB8F
:1098C000E117898F48C7A19F5EA11CC79D67938739
:1098D00047077EA1232005003480C9B7B756A000F2
:1098E00093874653DC479386465399E3014582802C
:1098F00075DDF2231D67130847076306060113078A
:10990000C7C6E315E6FE0D0571991D67219D8148C7
:1099100013064707130885001303C7C603DE670055
:10992000DA236312CE046375E802098F3E9861174B
:109930002312E8002313C8001D671307C7C68CC392
:10994000FAA39842CAA33A9588C2138587008280F9
:10995000636BA7001D661306C6C68CC3F2A39042B4
:10996000329798C2DDB72107BA97984A63EFE700AC
:10997000E39E08F6D8465E2303AE0601A107B308AE
:10998000F70063EAC801DC468548FA23E30867F874
:10999000E306C7F8A1BF035E6700631BCE0003DECA
:1099A00068006317CE0083D84800C6975EA3BA88C4
:1099B0004687D1B71880868510800DB70DC503572F
:1099C000E5FF9F076C6C0000631FF7009D6793879E
:1099D0004707231FF5FE1F073455A0008356C5FF18
:1099E0005C43B6975CC301458280C9BF18804D3B7C
:1099F000014514801DB568812A84AE84EF2070096A
:109A0000EF106024AA890149054A631699000F00E6
:109A1000F00F014564815840543403280400832822
:109A200084005C246C246834135627006387460145
:109A30007D171B0717431356270013F7770083473B
:109A4000D1008D8A2306A10093F7070ED98F9BA71B
:109A5000D70693F7F7079BA7B70E42C232C4A306F7
:109A6000F10083A7090048004104829745F50509E4
:109A700069BF788E2A89AE8AB284814513060004B4
:109A800008103AC6368A3E84EFE0DFF1130600087C
:109A900081458810EFE01FF102CE324763940A003F
:109AA0007D55748EE30E0AFEB7070001E3FAF4FE5B
:109AB0003B1CF7209F07009116026309F90C1F0653
:109AC0003C28A300CA852285EF00A07779F913F915
:109AD000F403B3892441639F090A930600080146F1
:109AE000930500088810EF70E01DCA8633863A019E
:109AF000930500088810EF7020155DF19C11CA973E
:109B0000130700F82380E7F8930900043B62093843
:109B100093090008139734001396B4019F0700FFC0
:109B200000009BC7E7501B26E6705D8EB707FF005D
:109B30009BC49716458E1385C9FF9C1032CE914663
:109B4000700891453E95EF70201039F995464E8684
:109B50008C102285EF00606F29F581452285EF008A
:109B6000406F21F1130600040C102285EF00E06E17
:109B70000DF9930600021010930500025285EF7054
:109B8000A00C3335A0003305A04021BF1F065C2880
:109B9000A3000DBF95464E86D68522857D25E3120E
:109BA00005F0814522857525E31D05EE01468145B9
:109BB00022856525E30305F2EDB548823284AA8447
:109BC00039462E89130521018145EFE0BFDD93075A
:109BD00000022308F10081458547480022C6A308FA
:109BE000F1002309F100230BF100230CF100F9240B
:109BF0002A840DED2800912E2A841DE91246224563
:109C000081454D2E2A840DE122456C00A1212A8434
:109C100001E92245CA8555212A8419E192479CC051
:109C2000124622458145C52E2245992E2285448221
:109C30008840C524E5BFF1AC388239468145AA8405
:109C400013052101EFE01FD69F070D0000033EC65C
:109C5000930700022308F10028008547A308F100BC
:109C6000230BF100230CF100CD242A8415E52245B5
:109C70000146894581262A8411ED22456C00D92EA2
:109C80002A8409E52245A6850D292A842245014614
:109C9000894551262245ED242285348248832E842D
:109CA0003289AA8461468145280836C63AC4EFE065
:109CB0007FCF8947B2463ED49307101022C84ACAC4
:109CC00022CE2316F1027D5581CE22473B15071087
:109CD0004146B6850145712901E50C0826855521C7
:109CE000448325A3688103480103BB184610370746
:109CF000620163040800370762111375F51F1377BB
:109D000007E0498FB744104446893E8A2E8423A831
:109D1000E4100F00F00F23A204100F00F00F9F09B2
:109D2000AC55A00003A709001F054C55A00016075D
:109D30003306E5000C4241072322160193E5350066
:109D400093F5F5DF0CC214C623260600C146228611
:109D5000C1453A95EF60506F03A709009F068C55E7
:109D6000A0009B86E6080507058B23A0E90023A237
:109D7000260123A4460123A60600B7D610449C5A08
:109D800013871700058B93F707F0D98F9CDA0F0024
:109D9000F00F83A7041313871700058B93F707F0C1
:109DA000D98F23A8F4120F00F00F9F041027000092
:109DB00037C91044C1798327090013F72700B3F787
:109DC0003701D98F0DCF2320F9000F00F00FB7977F
:109DD000104403A70708C1460A863AC003A74708EC
:109DE000C14522853AC203A787083AC483A7C7089A
:109DF0003EC6EF60706501CD1305000409A8054556
:109E0000FD146D23CDF81305400B11A07D55648121
:109E1000B7071044414798D30F00F00FB7471044DD
:109E20001F074C55A00023A2E7120F00F00F894630
:109E300023A6D7120F00F00F37D710441F068C55FA
:109E4000A00050D30F00F00F14D70F00F00F1F0722
:109E500000AA008023A0E7100F00F00F01458280C8
:109E6000B707104423A007020F00F00F01458280BE
:109E7000188105431AC0BD3514819F07B055A00055
:109E800003A3C701630303000283054582800545E0
:109E90008280FD5705C199CE81476394B700FD5775
:109EA00011A82A872105032885FF6317C8005C4392
:109EB0009CC281473E8582808507C5B75881FD5782
:109EC0003EC619E17D5554813B93050223200500D0
:109ED0000145D5BF95C1BB9BF50189492E842A89CF
:109EE0008144A2852685EF10A0132AC6B24799C7E0
:109EF0008504E39899FEF9B7A149CDB7E3F434FDA1
:109F0000B70500559BA58520CD8C232099003245AF
:109F10005DBF15C593578501BB970755935705013D
:109F200093F7F70F05476368F70093160501C182A1
:109F300089E73BE306087D558280E36ED7FE9355A3
:109F40000501819D219D6F10601719E17D5582806B
:109F500038802A843755A0009304455D930640025B
:109F60000146930540021305455DEF60B0558547F6
:109F70002380F4029F075A4B3C2D1CC001453480BE
:109F800028809F075A4B3C2D7D546313F5023755AB
:109F9000A0009307455D83C70702014491CB930658
:109FA00040020146930540021305455DEF60905164
:109FB000228524804881FD573EC69F075A4B3C2D81
:109FC0006319F5043754A0009307445D83C7070263
:109FD0001304445D7D5585C3AE8432899375F60FB5
:109FE0003B860402B2852685EF1020382AC6B24788
:109FF0008D4599C3324544812685EF10602E2AC6CF
:10A00000B247EDFB8547232E240144A0A300F402B0
:10A01000D5B77D55CDB79F075A4B3C2D631AF50236
:10A020009F07D455A00003C707027D551DC3D82341
:10A030006311B702D84F631EC70003C7170201455B
:10A0400009CBA380070223AE07002382070082808A
:10A050007D5582803881FD573EC699E17D5534811A
:10A060009F075A4B3C2DE31BF5FE9F04D455A000DF
:10A0700083C70402E5D72E862E84D146D1451385A9
:10A080008400EF60703C2AC6B247E9FB50204C3098
:10A090006820EF10401E2AC6B24799C33245C1B7A7
:10A0A00013057400EF1040272AC6B247E5FB1C4099
:10A0B0009CC085472381F402D5B73882FD573EC442
:10A0C00002C602C802CA02CC02CE99E17D5595A80B
:10A0D000DC41EDDF9C212E84AA843B8E07019F0783
:10A0E0005A4B3C2DE394F4FEB754A0009387445D93
:10A0F00003C707029384445D71DB83C72702F9D746
:10A100003C20BB82070191CB3B91F702A308F100F1
:10A1100039A00545AD3B61F555BFA30801009C4042
:10A120003EC61C202308F1005C403ECA1C443ECCC5
:10A130005C24230EF100EF10A00A2AC4A24799C3A1
:10A1400022453482EF00504D2AC4A24785E36800BF
:10A15000EF00B0552AC4A24781EBD0203245A2853A
:10A16000EF10C0232AC4A247EF00304FEF10E00CDD
:10A17000C1BF1881FD573EC6EF1060372AC6324571
:10A1800014814881FD573EC693B71500B307F040D0
:10A190003EC6B24799C332454481844DD0412E8496
:10A1A0008C412A89EF10E02B2AC6B247EDF75048C0
:10A1B0000C484A85EF10002D2AC6B247E9FFBB9430
:10A1C00004030C444A85EF10202C2AC6B247E1F75D
:10A1D000A6854A85EF10802B2AC6B247CDFF4C2CAE
:10A1E0004A85EF10402E2AC6B247D5F74C444A851F
:10A1F000EF1060342AC6B247D9FF5C3CC9DF4A85FC
:10A20000EF10A02C2AC6B24779B72882FD5736C670
:10A210003ECE2A84EF10E0242ACEF247B24699C3FC
:10A2200072452482F5DE2285EF10202A2ACEF247DD
:10A23000C5BF1F03D42F100002831F038A2D1000F7
:10A2400002831F03AA2D100002831F03B42E1000E7
:10A2500002831F03282F100002831F03FC3010000D
:10A2600002831F032A261000028328812A840545C1
:10A270002EC632C436C2753F2246B2451247B28658
:10A2800085472E861F0500911601A285EFF06FFE0F
:10A290002A8405455D37228524814880EFF00FF53B
:10A2A0009F07F855A0009C2381EBEFF0AFF4014429
:10A2B00081442285A68544802A89EF1010772A845C
:10A2C0004A85AE84EFF00FF3EDB72881F9372A8481
:10A2D0002EC6EF109076B2459F0740420F003337ED
:10A2E000F4022A868146B385F5023305F402BA9555
:10A2F000EFE0CFAA24814880EFF04FEF1F09F95516
:10A30000A0008347090091C7EFF0CFEE01442285FA
:10A310004480AA84EF10E0232A8409C52685EFF043
:10A320006FEDF5B785472300F900CDBF4880EFF00A
:10A33000EFEB9F07F955A0009C2381EBEFF08FEB2B
:10A34000014481442285A68544802A89EF10202378
:10A350002A844A85AE84EFF0EFE9EDB79F07F955FF
:10A36000A0009C23B1C348802A84EF10306E93076D
:10A37000803EB305F4023334F402B384A5023304FF
:10A38000A402B3B5A5022E9455373389A400B33483
:10A390009900A295AE94593FE3EF95FE6394B40003
:10A3A000E36B25FF014544807D5582809F07F95569
:10A3B000A0009C238DCB48802A84EF103069B30421
:10A3C000A4023334A4029D373389A400B334990026
:10A3D0002E942694A13FE3EF85FE6314B400E36B53
:10A3E00025FF014544807D55828038803757A00085
:10A3F00093070760DB97A71894432E862A84CE2BF9
:10A400009304076099C2C84782965B948418231A04
:10A41000040034803B76050391C909CA9F07FC55A7
:10A42000A0003E951C2199C7014582803705008018
:10A43000050582801F054010008082809F074856D6
:10A44000A0005B95A74C1C4103A387006306030093
:10A45000D043CC478843028382809307C004B3076C
:10A46000F502B756A0001387866493868664B30509
:10A47000F7009041B107BA97410613870704637B41
:10A48000E60090C15B95A64C1E2523150500FD171F
:10A490001EA582809CC1FDB738801F044856A000CD
:10A4A0005B14A44C04403E2405468C40BE95EF103E
:10A4B000A0182A240505219D2AA4DC443335F50083
:10A4C00013451500348048812A841306F100A54500
:10A4D0009F040056A00023070100A30701005B9919
:10A4E0008418EF10A0178347F10099CBDB948418F0
:10A4F000DE2891C79C4081C785452285FD35448172
:10A5000005469305E1002285EF102014835649018A
:10A510008327C9000347E100B69798A383574901F1
:10A52000035709018507A19F231AF90063E5E70096
:10A53000854522855D3D1306F100A5452285EF1076
:10A54000E01155B75881FD1593F7F50FBBF367057B
:10A55000B735A3009385C5879B85F5049C412A8464
:10A5600082879F044856A000A3070100DB94A44CF7
:10A570009E2481EB014689452285EF10200E01457E
:10A5800054811306F1009D452285EF10200D83476D
:10A59000F100F5F7228509376DD5228545352285ED
:10A5A0006D3DF9B71306F100A5459F040056A000C4
:10A5B00023070100A30701008149EF10200A5B99DE
:10A5C00084188347F10081CFDB978418DA2B45DBB1
:10A5D000F82B098B4DD7BE2BE3E3F9FA71A00546A2
:10A5E0009305E1002285EF104006832709008509C5
:10A5F000C20993D9090181EB1306F100A545228513
:10A60000EF10C0057DBF835649018327C90003476A
:10A61000E100B69798A383574901035709018507BD
:10A62000A19F231AF900E3E9E7FC81452285753BE8
:10A63000E1B71306F100A5459F040056A0002307CB
:10A640000100A30701008149EF1040015B998418C4
:10A650008347F10091CFDB978418DA2BE30107F2EF
:10A66000F82B93761700B5D681452285BD3B01BFF7
:10A6700005469305E1002285EF00307D8327090020
:10A680008509C20993D9090181EB1306F100A5459B
:10A690002285EF00B07C6DBF835649018327C90036
:10A6A0000347E100B69798A383574901035709016F
:10A6B0008507A19F231AF900E3E9E7FC814522857C
:10A6C0002D33E1B79F070056A000DB97A718DC43A6
:10A6D00081C78145014582972285F5334DB59F0796
:10A6E0000056A000DB97A7189C47DDB75881894723
:10A6F00063EDA70ADDC983C8150013082007636648
:10A70000180B83C805006362180B45C20348460056
:10A71000BB7628040348660063E907095C323BF313
:10A7200027023759A0009307C95FAA979C23AA84E0
:10A730001309C95F0144A5EBBA8936C632842EC419
:10A74000EF10D0296387090683A60900BDC203A7BD
:10A75000490025C31305C0043385A4021F07005612
:10A76000A0005B17971854C783A64900B24722463A
:10A7700016AB1F074856A000A2869305C500BA95E0
:10A780002A970CC34CC3268511479F0544A5A200F8
:10A79000EF00B0662A8401E92699854726852300C3
:10A7A000F900EF10B024228554813704008005049D
:10A7B000DDBF1F0444100080FDB77881AA842E8A73
:10A7C000B289A3070100EFF0FFC42A8919ED26859D
:10A7D000EF101025AA8AD299528433094441639814
:10A7E0008900D6852685EF10F0234A8574811306EB
:10A7F000F1009D452685EF0070668347F100E5F383
:10A80000A2851309140005462685EF00F0624A84EC
:10A81000E9B75880AA89EF10B024EF107025EFF047
:10A82000EF9CAA84EF1060281C411F092C57A00040
:10A830002320A900829719C52A842685EFF08F9BD3
:10A8400022855480832709004E859C4782972A845D
:10A850002685EFF02F9A6DF49F073157A00005472A
:10A8600098A3F9BF9F073157A0009C239DCB488038
:10A870008544FD5763E5A4022A84EFF02F979F07D4
:10A880002C57A0009C432A8922859C4B82974A859D
:10A89000EFF04F969F073057A00084A381473E8575
:10A8A0004480FD573E8582809F073157A0009C233E
:10A8B00099E37D5582801881EFF04F939F072C57C5
:10A8C000A0009C432AC6DC4B82973245EFF08F9262
:10A8D0009F073057A0002380070001451481B75718
:10A8E000A00003C717731DC72880138417739F0721
:10A8F0003057A0009C2391C3453F9F072C57A000D1
:10A900009C4399C3DC438297EF1050160145230006
:10A9100004002480014582809F073057A0009C23BB
:10A9200099E37D5582801881EFF04F8C9F072C575B
:10A93000A0009C432AC69C4F82973245EFF08F8B34
:10A94000014514811880EF20200DC1280323050044
:10A95000108002836881A30701007D549307F00FE4
:10A9600063EEB70205CDBB7D06082E843289AA842A
:10A970006D202A8AEFF08F8783270A01AA89930521
:10A98000F100228582972A8401ED8347F1004E85EC
:10A9900033D62741058A90A0EFF0CF8522856481C8
:10A9A0004E85EFF02F857D54D5BF88807D5431C210
:10A9B0009307F00F63EFB702B387C50013070010CA
:10A9C0006369F7021DC53289AE892A8AB9202A8BAC
:10A9D000EFF0CF81AA8A814483270B01B3059A0047
:10A9E0003385990082972A8419C55685EFF08F80A8
:10A9F0007D54228584808504E3E024FF5685EFE0C2
:10AA00007FFFC5BF19C59F073457A00088C3014504
:10AA1000828037050080050582809F073457A0009B
:10AA2000884382809F073857A000238007008280D8
:10AA30003880AA84EF10107F2A842685EF10F07EDC
:10AA40009F074C42A3009B8787049C430581219D5F
:10AA50001B85A7043480188001455522B757A000F4
:10AA600003A707749F06E040A30094225C430145BE
:10AA700093F707F0D58F5CC39F073857A0000547B1
:10AA800098A314809F073857A0009C23A1C7488033
:10AA90002A849307F00F63E3A704A9C1AE84493F5A
:10AAA0002A892285EF1010789F074057A0001B8548
:10AAB000A7041841C17605881C43F58F9F065A5A92
:10AAC0000000D58F1CC38327090011C0A1839CA05F
:10AAD000014544801F059113008082803705008066
:10AAE0000505C5BF9F073857A0009C2399EF1F0598
:10AAF000911300808280B30589002285613719E9AE
:10AB00000504E36A94FE0145448048802A89AE84A6
:10AB10000144C5BF7D55CDBF9F073857A0009C237A
:10AB2000C1C358802A849307F00F63EFA706B75478
:10AB3000A0002E8993890474EF10D06E1B85A904A0
:10AB40001841C17622851C4393840474F58F9F06B7
:10AB5000A5A50000D58F1CC3EF10D06C1B85A904E0
:10AB60001841130540065C4793E717005CC7EFF0F8
:10AB7000FF832285753D9377140091C3220923201A
:10AB800025012285EF10106A9B84A40498401305C8
:10AB900040065C47F99B5CC7EFF05F81014554803C
:10ABA0001F05911300808280370500800505C5BF11
:10ABB0009F073857A0009C2395C75880B2892E84E0
:10ABC000AE843309B540B387844063E4370101455F
:10ABD00054808C203305990001463D3F850465D59E
:10ABE0007D55FDB71F059113008082809F07E040CF
:10ABF000A30088C382801F05E440A30082806347CE
:10AC0000A0020A051F074442A3009F074057A00067
:10AC1000AA973A951841014598C3B747A30003A7DF
:10AC200087249F073C57A00098C382807D5582806F
:10AC300019C59F074457A00088C301458280370586
:10AC40000080050582809F074457A00088438280CA
:10AC5000488003290500BB7F09104C410025AA84C8
:10AC60004A858920A2854A85E92880444A85218031
:10AC70001D88A285392A9C444A8513D78700618B99
:10AC8000A18393F50708598CC18D21220F00F00F85
:10AC900001454480370500800505E5BF1F051041CB
:10ACA000A300828001E57390053B8280BB12050101
:10ACB0007390153B8280BB1205027390253B828006
:10ACC000BB1205037390353B8280BB120504739061
:10ACD000453B8280BB1205057390553B8280BB12B9
:10ACE00005067390653B8280BB1205077390753B28
:10ACF0008280BB1205087390853B8280BB120509D8
:10AD00007390953B8280BB12050A7390A53B8280AD
:10AD1000BB12050B7390B53B8280BB12050C739080
:10AD2000C53B8280BB12050D7390D53B8280BB1260
:10AD3000050E7390E53B82803B12050F7390F53B47
:10AD400082801377F50FBB790508F327807D0A070A
:10AD5000019FBD46B396E60093C6F6FFFD8E33977E
:10AD6000E500558FBA827390827D82807326907D34
:10AD7000930787FF8A07819FBD46B396F60093C667
:10AD8000F6FFF18EB397F500D58FBE827390927D5A
:10AD900082809357250041113B8A070199C7BB8EDA
:10ADA0000702BB83170341018280F327003A3EC6A6
:10ADB0001C083E95230EB5FEB2477390073AE5B7DF
:10ADC000F327103A3EC60D891C083E95230EB5FEAA
:10ADD000B2477390173AC1BFF327203A3EC60D8998
:10ADE0001C083E95230EB5FEB2477390273A65BF07
:10ADF000F327303A3EC60D891C083E95230EB5FE5A
:10AE0000B2477390373A45B71880EFE03FBEEF2066
:10AE1000B068EF10F04701A04880EFF00F8609C539
:10AE2000BB0C05017D55448089441F0440420F003E
:10AE300037291144232099000F00F00F83270900C0
:10AE40009D8B638A970005457D14EFF02FD67DF02A
:10AE5000D1BF8544D9BF0145F9B7B727114423A015
:10AE600007000F00F00F014582803881FD573EC674
:10AE70001F0440420F00B7241144DC40858B91EF42
:10AE800085479CC80F00F00F02C6B72711449C47A6
:10AE900099C3FD573EC63245348105457D14EFF018
:10AEA000EFD061FCFD573EC6CDB73882FD573EC698
:10AEB00002C802CA02CC02CE6308050E044585C44E
:10AEC00058453B19071C5821BB77070210412A84BB
:10AED00014088D451F053C41A300EFE09FFB2AC6E7
:10AEE000B24781C7B2473E853482104074088D4511
:10AEF0001F055441A300EFE0DFF92AC6B247FDF376
:10AF00005020540889451F051441A300EFE07FF845
:10AF10002AC6B247E1FB503034088D451F05244155
:10AF2000A300EFE01FF72AC6B247CDFF3727114431
:10AF30001C28724683260736B397C700D58F232077
:10AF4000F7360F00F00F0147A6871F06D0480411FF
:10AF5000544489826360D704372611445C426247B7
:10AF6000D176FD160D8BF58F9BA7E71C5247C59B2D
:10AF70001D8B9BA7E702424793F7F7E07D8B9BA7CA
:10AF8000E70893E717005CC20F00F00FF93D2AC6EF
:10AF9000B24789BF8C43B306C7008A068CC20F0034
:10AFA000F00F050791076DB7FD5735BF37471144BF
:10AFB000832707B3E176FD168589F58F9BA7B71E1A
:10AFC0001375F53F93F707C0C98F2328F7B20F0019
:10AFD000F00F032547B31D8911C208C23335A00005
:10AFE000828028802A84EFE05FE911C93B170501C0
:10AFF000B747114483A747B11CC001452480B74718
:10B00000114483A707B1CDBF0545CDBF18816800A6
:10B0100002C6C13F854719E1B247858B3E85148141
:10B020004882FD572EC6AA843ECCEFE01FE5B2450C
:10B0300002CE2A8991C53B8605010144FD5719A01E
:10B04000014481473ECCE24789C7624544820544BA
:10B05000CDBF0146A2852685913F19C17D55FDB71B
:10B0600075376DFD6317090409491F07001B0000B0
:10B07000B72711443E971C43E176FD16F58F9BA739
:10B08000871E93F6F43F93F707C0D58FB7061000DD
:10B09000D58F1CC30F00F00F7008A28526853937A5
:10B0A00055DD7245330525413335A0003305A040F9
:10B0B00071BF05491F07041B00005DBF4882FD5793
:10B0C0002EC62A843ECCEFE05FDBB2452A8991C5CB
:10B0D000BB8605018144FD5719A0814481473ECCC0
:10B0E000E24791C7E2473E8544828544C5BF393F68
:10B0F000FD5775F90146A68522854D3D814765D5E9
:10B1000063030906BB1719019F07041B00003727BB
:10B110001144BA97884361777D17798D1B25951E59
:10B120001374F43F137505C0418D1F07FFFFEFFF38
:10B13000798D88C30F00F00F1F0440420F00F935CE
:10B140001DC505457D14EFF06FA675F8FD573ECC83
:10B15000E247C9FB680802CE693501E5F247898BF1
:10B16000D9D3FD5749B79F07001B00004DB7814752
:10B17000F9BFB7371144984B9377E7FF19C193672D
:10B180001700373711441CCB0F00F00F8280388135
:10B19000FD573EC21F0440420F00B734114483A73D
:10B1A0004408858B85EBFC4093E717003EC4FCC048
:10B1B0000F00F00F02C237371144832787081C5F46
:10B1C000585FD98FB337F000B307F0403EC29247C3
:10B1D0001245348105457D14EFF04F9D69F0E1BFC4
:10B1E0005881FD573EC61F04102700000549B7349B
:10B1F00011449149EFE07FC8FD576314250323AA4A
:10B2000024070F00F00FF85CFD57318B630B3701FB
:10B2100083A70408819F938767F5B337F000B307CE
:10B22000F0403EC6B24781CB05457D14EFF00F9844
:10B2300071F07D5554810145F5BF1880EFE0FFC3E3
:10B24000BB1C050137371144832607081306A00AE3
:10B250008147819E639DC60028DF0F00F00F7C5F51
:10B2600093F70703C11793B71700B307F0403E8564
:10B270001480FD57EDBF9307000A6305F60263E9EA
:10B28000C70093060005BB1506209306000229A8F7
:10B290009307100A6303F6049306200A6306D60098
:10B2A0007D5582809306000A37361144584A8177CB
:10B2B000FD17F98F85899BA5B722C177FD170589F1
:10B2C000ED8F9BA7A7207D753D05E98F9BA7D7082C
:10B2D0005CCA0F00F00F014582809306100AE9B79F
:10B2E0003B630502BB0B05027D5582800547B737DE
:10B2F0001144DC4BE19BD98F3B1305021F07FFFF75
:10B30000F3FFF98F373711445CCB0F00F00F014585
:10B3100082801D47E9DDC9BF39C5B73611449C4E4F
:10B32000183193F7F7FD058B9BA7E70A3821BD9BE2
:10B33000058B9BA7E7083831DD9B058B9BA7E706AC
:10B340005821ED9B058B9BA7E7045831F59B058B96
:10B350009BA7E7021821F99B058BD98F9CCE0F0084
:10B36000F00F014582807D55828005E13737114419
:10B370001C4B860593F5E53F93F707C0DD8D0CCB9D
:10B380000F00F00F81473E858280FD57BB1EF501FF
:10B39000373711441C4B93F5F53FF9BF4881FD57F2
:10B3A0003EC202C402C6C5CDD84119CF3289AE848F
:10B3B0002A8674008D451F058441A300EFE07FAD10
:10B3C0002AC2924781C792473E854481B02034000B
:10B3D0008D451F056C41A300EFE0BFAB2AC2924729
:10B3E000FDF3BC20014591E3883063140900EFF0C0
:10B3F0005FD82244B2470D881A04FD8B13641400F1
:10B400001B24F410B737114423A287080F00F00F54
:10B41000EFF0FFD72AC29247DDF7BC20CDD76315E6
:10B4200009000545EFF0FFD4A2471374F4F31F079A
:10B43000FFE0FFFF8D8B1B24F40CB247798CFD8B52
:10B440001B24F41013641400B737114423A2870897
:10B450000F00F00FEFF0BFD32AC29247ADB7FD57F0
:10B46000A5B7BB7705049F07000400123E950A05A7
:10B470000CC10F00F00F30C10F00F00F01458280AA
:10B480007D55828001458280014582803B730504A1
:10B4900091C50947BB8205027D5582800147B716D9
:10B4A000004803A6061806058D47B397A70093C763
:10B4B000F7FFF18F3317A700D98F23A0F6180F00DD
:10B4C000F00F01458280014582803B7805043717E3
:10B4D00000488326072285473395A700558D2320F2
:10B4E000A7220F00F00F014582807D55828031E157
:10B4F0007D55A9C13B1016109841B717004823A0ED
:10B50000E7620F00F00FD84123A2E7620F00F00FAF
:10B51000984523A4E7620F00F00FD84523A6E76201
:10B520000F00F00F054723A0E7600F00F00F014563
:10B5300082807D5582803B7605049F07900500122E
:10B540003E950A050CC10F00F00F014582807D5524
:10B5500082801880A92805E13757A00083268774C8
:10B560009C4293E747009CC2032787741C4393E7E0
:10B5700027001CC314801F0580110080E5BFB7574A
:10B58000A00083A68774054698421367170098C2E7
:10B59000FD563E87832787749C439183858B638701
:10B5A000C700FD16E5FA0145814582800DA018808F
:10B5B000EF00504909C9EF00F0489F074857A00025
:10B5C00088C3014514801F0580110080E5BF9F07D7
:10B5D0004857A0009C438C47C8438280BB75050335
:10B5E00089C99F074C57A0001B85A7040CC10145C2
:10B5F0008280370500800505828028822A842ECE2D
:10B6000032CC36CA3AC83EC6EF00F03A1F054C5756
:10B61000A0001B058504084101CDD24691CA032331
:10B620000500B24742476246F245228520820283E6
:10B630001F054710008024829F074C57A0009B875E
:10B64000A7049C4303A3C70002839F074C57A00095
:10B650009B87A7049C4303A3070102839F074C57C2
:10B66000A0009B87A7049C4381C703A38700028394
:10B670001F0547100080828009C6FD571CC2014586
:10B68000828037050080050582809F077457A000DF
:10B690003E9514211307E003BBF306039F07C82858
:10B6A000A300B697982318C2014582809F07585778
:10B6B000A0001B85A70423200500014582809F0769
:10B6C0006857A0001B85A704184185891C47F99B72
:10B6D000CD8F1CC782809F076857A0001B85A704D9
:10B6E0001C410145FC43858B1CA282809F07685743
:10B6F000A0001B85A7041C410145FC438583858B65
:10B700001CA282809F076857A0001B85A7041C41CC
:10B710000145FC43819F858393C71700858B1CA23D
:10B7200082809F076857A0001B85A7041C41014524
:10B73000FC438D83858B1CA282809F076857A000E5
:10B740001B85A70419E20145828018417C43858B43
:10B75000F5FB850583C7F5FF7D16219E5CC3DDB72C
:10B760001F076857A00081471B05A70463C4C700D3
:10B770003E8582801441F842218B7DFBD442338781
:10B78000F500850714A3DDB79F07CC28A3009B878E
:10B79000B70403A307006303030002831F054710D8
:10B7A000008082809F076857A0009B87A70498436A
:10B7B00093F635005C53CD9B9BA7D704F19B937602
:10B7C0003600D58F93E707015CD39F077457A0001D
:10B7D000AA978CA39F077857A0003E9510A182805E
:10B7E0003B630604370500800505828018809F07AB
:10B7F0007457A000AA978C23019E6D3701451480D1
:10B800003B630604370500800505828018809F078A
:10B810007857A000AA97B2859023819D6137014592
:10B820001480B1C1488092053374B6022A89B3549A
:10B83000B6021A043354B4028545EFF05FE89F075F
:10B840006857A0009B8727059C4313F7F40FA19C22
:10B8500098CBA180C4C781454A851374F403C0CB3B
:10B8600040806FF0DFE582809F076857A0001B854E
:10B87000A70418418D891C47CD9B9BA7B7041CC703
:10B8800082809F076857A0001B85A70418418589FF
:10B890001C4793F7F7F79BA7B70E1CC782809F073B
:10B8A0006857A0001B85A704184185895C57E99B50
:10B8B000CD8F9BA5B7044CD782809F076857A00007
:10B8C0001B85A70414419C4E3BF7050E3737A30098
:10B8D000130707899B05B70498410287058ADD9BFA
:10B8E0009BA7C7069CCE8280058AED9B9BA7C704B9
:10B8F000D5BF058AF99BD18FF5B7058AF59B9BA724
:10B90000C702CDB718803336C000B5457D37014535
:10B91000148018803336C000B14545370145148086
:10B9200018803336C0009145493F01451480188086
:10B930003336C00089455137014514809F07685749
:10B94000A0001B85A704184185891C4793F7F7FDC4
:10B950009BA7B70A1CC782809F076857A0001B855A
:10B96000A704184185891C47BD9B9BA7B7081CC726
:10B97000828028802A843B87050181C5BB8205021D
:10B980002480208065BF8545553F854522852080E0
:10B99000E1B76D378145DDBF38814C22B2842A84FE
:10B9A000EFF09FECCC302285E93DEC202285D137A9
:10B9B0008C4022852EC6EF00D001B2452A86228512
:10B9C000EFF03FE6014534819F076857A0001B85D3
:10B9D000A704184185893C4BF99BCD8F3CCB8280D5
:10B9E0006881B684131925009F062029A3002E8A9A
:10B9F000B38526018C419442BA891F076857A0007D
:10BA0000330627010CC214C3CC201F076457A000C3
:10BA10002A973EC6230007002A84EFF0FFE4CC30CB
:10BA20002285EFF01FE6EC202285A1378145228593
:10BA3000613F8C4022852EC4EF00A079A2452A8662
:10BA40002285EFF01FDE2945EFE05F96B2478DC7F4
:10BA50009033AC332285EFF0FFD49F075857A000F6
:10BA6000CA9723A047018545BB81090381452285EB
:10BA7000EFF0FFE20145648105468545E1BF1F0502
:10BA80009C41A300828019C59F077C57A00088C3F2
:10BA90000145828037050080050582809F077C571D
:10BAA000A00023A00700014582809F077C57A000CB
:10BAB00088438280B747A30083A7472399C71F07FE
:10BAC0008057A0001CC3014582801F050012008022
:10BAD00082809F078057A00023A007008280B7576D
:10BAE000A00083A707781F075A5A5A5A98C782801E
:10BAF0009F078857A000884382809F078457A00033
:10BB000088C38280F9B77DB73880B757A00083A675
:10BB100007789304107D3E8498561367170098D6D3
:10BB2000032704781C578583858B99CF404BEF0002
:10BB3000A0759307803E2A86B335F402814633050B
:10BB4000F402EFC0BFA53480FD1489C40545EFE0C1
:10BB5000FF85F9B70145C5BFB757A00003A7077810
:10BB60005C4793E717005CC782801880F537B757AA
:10BB7000A00003A707781C4BF99B1CCB14804880BE
:10BB8000AA84EF00607089E43705008005054480D1
:10BB90003304950233599402EF00006FE316A9FEB7
:10BBA0003B6AF4FF9F078857A0003759A00084C361
:10BBB000832709789F045A5A5A5A137404F084C38D
:10BBC0006D3783270978984B1367470098CB984BBC
:10BBD0001377F7FB98CB984B1367870398CBC84331
:10BBE0001375F50F498CC0C384C701454DB7288133
:10BBF0002AC6A53F32453754A0000DE1032704783B
:10BC00001C4B93F7F7F71CCB813F032704781C4BA1
:10BC100093E717001CCB20816FF07FEC3B1BF501F5
:10BC2000032704781C4B93E70708F1BF1F05B441B5
:10BC3000A3008280588069259F099C57A00023A0FB
:10BC4000A9001F099057A00041252320A9009F04A7
:10BC50008C57A000B52D88C01F049857A000AD2DAB
:10BC600008C0BD2D9F079457A00088C383A7090073
:10BC700099CB8327090081CB9C4091C71C4081C789
:10BC800019C1014554801F0543130080E5BFB75714
:10BC9000A00083A687791F07FFFFFF3F798DDC4651
:10BCA000370700C0F98FC98FDCC682805881912583
:10BCB000AA841D2D92471F07FFC7FFFF2A8993F70C
:10BCC000778093E78702F98F3EC285473EC402C65C
:10BCD0000144B759A0004800BD26014685450545E9
:10BCE000792EE92683A749799C43858B91CF4A8594
:10BCF000EFE0CFEB93071400636694001F05441335
:10BD0000008054813E84C1BF0145E5BF48819C212C
:10BD10002A842E898E0793E717003EC29307F5FF0A
:10BD20003EC402C6EFF09FF8AA840DE54800212E1C
:10BD3000854702C063E28702B757A00083A747790F
:10BD4000024793352400014698C393C51500014569
:10BD50003D26A92E26854481B306F9009422330797
:10BD6000F1008507A30FD7FEF1B71881EFF01FF49C
:10BD700099476C0005452306F100EFF03FF919E102
:10BD8000EFF0DFF21481488636C62A89AE84328409
:10BD9000E93FAA87B24639E936CA4808B98236CEA1
:10BDA00022CC55244A85EFF09FEEA2862686930585
:10BDB00000040810EF405069FD570DE91376340078
:10BDC0003336C0001B068644219E1C100147B75520
:10BDD000A00093160701C18263ECC60005468545A5
:10BDE0000145712CE124EFF07FECAA873E85448663
:10BDF00083A64579884391079B86E60488C2050798
:10BE0000C9BF28812A84EFF0FFE2EFF03FEA1DE985
:10BE100031469F055816A3004800EFC09FC3480055
:10BE20001D24014685450545992C4924B757A00096
:10BE300083A747791F07FFFFFF009C43F98F1CC0B2
:10BE4000EFF0DFE62481C167636CF60C988140490E
:10BE5000B284AE892A89054AB75AA00025E0B757AF
:10BE6000A00083A6077993D9090113D6F4009C4E4C
:10BE7000014793950701C1819BA535218CCE93770E
:10BE80001600C1CF9C4A1F06FFF0FFFF3D8BF18FCC
:10BE90009BA7E7109CCA032549000D240325C90070
:10BEA0009377857F91C3892CB757A00083A7C77963
:10BEB000054798CBEFF09FDF01450DA01C20638064
:10BEC000470399C7BB86E7021F054513008039A0C9
:10BED000083093052400EFF07FE315CD94813820DE
:10BEE000834B3400034B44000E07136717003AC21C
:10BEF00052C402C6EFF09FDB4800B12201468545DF
:10BF00000545B52A652283A74A799C43B3D77701B3
:10BF1000858BE39B67FB190491B70582050785B7FD
:10BF200037050080050582808885AA892E8AB2841B
:10BF30001304000493DAE6003689375BA00099E029
:10BF40000145A1A8EFF09FD629E963F38400268478
:10BF500048004AC222C456C6FD204E85EFF03FD3AA
:10BF6000054605458545212A912293773400B3374C
:10BF7000F00003254B799B8787441408A19F014754
:10BF8000368693150701C18163EAF500A286A28572
:10BF90005285EF40704B19C97D5584859B05E5049A
:10BFA0008C410507910623AEB6FEE1BFA299229A05
:10BFB000818C71B788809377F503130400041D8C7E
:10BFC000AA892E89B284B68A637386003284D686A3
:10BFD0002286CA854E85EFF01FDB2A8A05E9818C0F
:10BFE00095C42299130B00044E94A68963749B0098
:10BFF00093090004D6864E86CA852285EFF0BFD805
:10C0000001E9B38434414E994E94E5F05285848021
:10C010002A8AEDBF38822EC6AA843284EFF0FFD47C
:10C02000B2450DE148082ECA02CC02CE2928268549
:10C03000EFF0FFC513461400814501458920BD205E
:10C04000EFF0DFC63482B757A00003A687791C4102
:10C050000C45184693D63700819E137707F0558F0D
:10C060005441AD839D8B9D89C607FD1693F6F6035B
:10C070009BA7B7089BA7D71218C61CC28280B757C8
:10C08000A00003A78779058985891C43058A93F752
:10C09000F7EF9BA7A71093F7F7F79BA7B70EDD9BCA
:10C0A0009BA7C70693E737001CC38280B757A00041
:10C0B00003A787791C43858BF5FF8280B757A000C3
:10C0C00003A60779370700809F06FF00FFFF1C4289
:10C0D000D98F13573500019FF58F9BA7E710935613
:10C0E000B5009D8A2D8193F707FC1377850333E50F
:10C0F000D700598D08C28280B757A00083A6077960
:10C10000135735001F06FFFF3FC09C42019F2D8142
:10C11000F18F9BA7E72C1F07FFFFF8FFF98F1D8901
:10C120009BA7A72037070040D98F9CC282804881F7
:10C130004C001305000202C202C402C6EF10504BAD
:10C1400022473744A300370920004A979304841DEF
:10C150004C0013051002D8D0EF109049A247954526
:10C160001305841DCA97DCD8EFD0FF88448128804E
:10C170003754A0002E87AA861306F00793050008FF
:10C180001305447AEF5020489307447A2A86BB135C
:10C1900005FF98231306F00711E32480B29723804C
:10C1A00007009F07A057A000882381469305447A83
:10C1B00020806FE08FE028802A84EFF05F8CAA85D2
:10C1C000228520806FF08FC19F072842A3008CC377
:10C1D00082809F072842A30088438280BB13050208
:10C1E000B7D70044054798DBD8DB82808280828005
:10C1F000397106CE22CC2ED232D436D63AD83EDA97
:10C2000042DC46DE11C92A84EFC05FB011C54C1074
:10C2100022852EC6EFF0BFF5F24062442161828094
:10C220006FD0CFFC2E856FD0EFFCB7570040D84FB2
:10C23000984FC84F8C4FA19D82809F072C42A3002E
:10C24000884382801F05C004004482809F073042DB
:10C25000A300884382809F073042A30088C3828066
:10C260001880EFF0BF9C10806FF0FF816FF01F838C
:10C27000828028802A84EFD06FF79F073842A3007E
:10C2800080C320806FD00FF79F073842A3008843F8
:10C2900082801880EFE09FA010806FE07F991F05DB
:10C2A000A029A3008280054582801F05BC29A30028
:10C2B00082803705200082801F05FFFF9F0082805B
:10C2C0001F050001004882801F050002004882808F
:10C2D0001F054002004882801F050003004882803D
:10C2E0001F050004004882809F073C42A30088434A
:10C2F00082809F074042A30088438280828001455C
:10C30000828082805881EFF0DFFEAA84EFF0DFFDAB
:10C31000930780023EC285472A8902C63EC4014473
:10C32000B759A0004800EFF01FD2014685450545EA
:10C33000EFF0FFD4EFF09FD783A749799C43858B1B
:10C3400091CF4A85EFE08F869307140063669400CF
:10C350001F054413008054813E84E9B70145E5BFC1
:10C3600048812A892E84B284EFF0DFF99247194779
:10C37000E19B93E717003EC2630409001307000521
:10C380009247480002C493F777809BA7E70693F78C
:10C39000F77F3EC202C6EFF01FCB01468145014543
:10C3A000EFF0FFCDEFF09FD085473EC4B757A00018
:10C3B00083A747790E041364140022C202C684C303
:10C3C0004800EFF05FC8014685450145EFF03FCBDF
:10C3D000EFF0DFCD44811881019D85470E053EC4F5
:10C3E00002C62AC2EFF01FF24800EFF0DFC5014697
:10C3F00085450545EFF0BFC8EFF05FCBB757A0000C
:10C4000083A7477988431481B70702006365F50263
:10C41000B707400063E1B702188013068002854524
:10C420000545EFF0FFF30946930510030545EFF0CE
:10C430003FF301451480014582801880714685458F
:10C440000545EFF0FFF109469305100305451080FF
:10C450006FF01FF11881680002C6EFF09F9A01E9A2
:10C4600032479F07C84016006314F70079201481F3
:10C47000370500800905E5BF78802A898D449549F4
:10C48000130A5003B73AA3004A85EFF0DFF41374A0
:10C49000F50F631F39031374C40911141334140006
:10C4A0008545F14619E41376F50F13850AA0EFF0E0
:10C4B0003FD4EFD0BFE7130640068146EFC04F8E52
:10C4C0000505EFD0BFEE05C8FD14DDFC0145748005
:10C4D000631A490113743404791413341400894520
:10C4E0008946C9B7137414060114133414008D451A
:10C4F0009306000245BF7D55D9BF688081448D49B0
:10C500001545EFF07FF72A8A13055003EFF0DFF6A9
:10C510002A895545EFF05FF62A8463170A046308F9
:10C5200009020946930510030145EFF07FE319C4A2
:10C5300013060002C5450145EFF09FE21305C00355
:10C540008504EFD0BFE1E39D34FB7D5401A86DF17C
:10C5500081E81F05D829A300EF00A06F2285648021
:10C560001F05F029A300CDBF714685450145EFF0B9
:10C570003FDFE30E09FA75B75C459B85B70494412C
:10C580001C491B86C70493F776001842BB9B070122
:10C590001D8B6314F7029F072458A000D4C31442D4
:10C5A000D4C7544994CB544194C31445637BD700FA
:10C5B000184D94C70145D8CB82801F0546130080D3
:10C5C00082801F054913008082809F073C58A0008D
:10C5D0009C2399CF1F072458A0001843B307B50028
:10C5E000636CF700637AF50063E8B7000145828069
:10C5F0001F0540130080828037050080050582807A
:10C600007880832A45003769A000AA8903244982DB
:10C61000032A8500EFF0FFC963F6AA001F05421345
:10C62000008074801309498263738A00528483A452
:10C630004900FD14A294EFF03FC8E36195FE23206A
:10C6400089000145F9BFB767A00003C7C78359EF49
:10C6500058822A841389C783EFF05FCA6808EFF015
:10C660004FFA51E10C201030F2492EC632C4EFF0DF
:10C670001FC3AA84EFF03FC32246B245AA86A6870D
:10C6800001476399E604EFF05FC205468145EFF08C
:10C69000BFEE31E99F073D58A000054798A32285CA
:10C6A000EFF01FF629E13765A000032645824C40D4
:10C6B00013054582EFF02FF91DE585472300F900AA
:10C6C0009F073D58A0009C23014591CF1F054113B2
:10C6D000008011A83E85F10703A847FE6396090173
:10C6E000EFF09FE94DDD5482050761BF014582806F
:10C6F00088812E8AB2852A89B284EFF01FED3DE150
:10C70000EFF0FFBF137B3900AA8A63020B06914743
:10C71000B38767413309694193F9F40F63E7F40084
:10C720009149B389694193F9F90F9F072458A000F3
:10C73000D44311466C004A8502C6EFF0EFFE2A840E
:10C7400011ED7C00CE8633866701CE855285EF40A1
:10C75000A04F11C937050080130445005685EFF03E
:10C760005FBA2285848111094E9AB384344193F9CA
:10C77000C4FF638109029F072458A000D4434E865A
:10C78000D2854A85EFF04FFA2A8469F94E9A4E997C
:10C79000B38434410144F9D09F072458A000D44306
:10C7A00011466C004A8502C6EFF00FF82A84A6866F
:10C7B0007000A6855285EF4020494DD13704008096
:10C7C000110469BF98812E8AB285AA843289EFF05C
:10C7D000DFDF2A8471E5B38524012685EFF0DFC20F
:10C7E00093FA34002A8B63880A069147B38757412E
:10C7F000B38454419379F90F6367F9009149B38980
:10C80000594193F9F90F9F0B2458A00083A64B00C0
:10C8100011466C002685EFF02FF12A8409ED7C008B
:10C82000CE865286CE8533855701EF40E04101C95F
:10C830003704008011045A85EFF03FC095A083A60D
:10C84000CB00268511466C00EFF0CFF62A849104C8
:10C850004E9A330939419379C9FF71FC638009020B
:10C860009F072458A000D447D28526854E86EFF036
:10C870006FF44E9ACE943309394131E1E30D09FA50
:10C880001F042458A000544011466C002685EFF088
:10C89000AFE909C95A8537040080EFF01FBA1104C7
:10C8A00022859481CA86528691456800EF40C0393E
:10C8B00075F1544411466C002685EFF0AFEF2A84E1
:10C8C0009DBFA8802A892E84EFF03FD021E9B305CF
:10C8D0008900FD7713974501B374F90041CFED8FBF
:10C8E000056737050080BA970505631999026397B4
:10C8F000F5022685338A9540116BEFF0FFB02A8C44
:10C9000001498149814A9F0B2458A0007D1B631D6A
:10C910000A0401446285EFF05FB22285A48003A778
:10C920000B011B07F704032907009359E900CE8A7E
:10C9300063663A011387F9FF658F01CB850703A76B
:10C940008B00E3EEE7FC6383E702337969011B297F
:10C95000391D0146CA852685EFF0CFEB2A845DF9A3
:10C96000330A5A41D69465B78547D1BF1F04471390
:10C9700000804DB7E30F99F637050080050579BFB4
:10C9800088819F07282AA3005B95A7062621138A82
:10C990007400135A3A00636F460703590500B286C4
:10C9A000AE890146B6854E85EF40C031B367990028
:10C9B0009D8B4A8491CB416ACA94A14A7D1A054B4A
:10C9C000634B9400014539A05286935539004E853A
:10C9D000EFD0BFFD848113767400935534001305A6
:10C9E000F100EFD03FF77DF58347F1008DC3B3072A
:10C9F000244133C75703B3E75703337747014E97B3
:10CA00001423B3F74701B317FB00D58F1CA305040C
:10CA1000219C7DB77D557DBF1880EFE0CF9D1080B4
:10CA20006FD05FFE2181019D8280019D828089C53A
:10CA30003B7205136FF0DFF47D55828018809528D6
:10CA4000BB1305011305900210806FE02F9A654516
:10CA5000E5BF6FC03FF618819F07DA98A2003EC27B
:10CA60009F07EA99A2003EC648009F0752CAA2004B
:10CA70003EC4EFC05FE13765A0009F0700000100E2
:10CA8000930585B0BE95130585B0EFC01FE51481F1
:10CA90001880EFD0DFE41F05B80B0000EFD01F9126
:10CAA000372700408327071193E747002328F71013
:10CAB0001480B7070040C84B058982802880EFF0BA
:10CAC0005FFFBB18050137346E0193050460014513
:10CAD000EFF08FEF6145EFF00FF813050460208051
:10CAE0006FF02FF937646202930504A00145EFF05F
:10CAF000AFED13058002EFF00FF6130504A0C5B7E4
:10CB000028803734004085472322F44A0545EFD07A
:10CB1000FF898D472322F44A3717004483274713A0
:10CB2000B7060400D58F232AF7122480B7E7004404
:10CB300003A787861377F7F81367070323A4E7860D
:10CB400003A7C7861377F7F81367070223A6E786BC
:10CB500003A707871377F7F81367070223A8E78669
:10CB600003A747871377F7F81367070223AAE78617
:10CB700003A787871377F7F81367070223ACE786C5
:10CB800003A7C7871377F7F81367070223AEE78673
:10CB900082809F073F58A000054798A382809F0787
:10CBA0003F58A00023800700828018819F073F58CC
:10CBB000A0009C23A307A10081EB894605469305AD
:10CBC000F1000145EFD07FBF14819F073F58A000BF
:10CBD0009C2389EF18812AC6EFC04F93B2452A865D
:10CBE0009306007D014510816FD03FBD82809F0775
:10CBF0003F58A0009C23A9EF9880AA841F05A02A73
:10CC0000A3002E8A0144EFF05FFC0149A54A1D4BA9
:10CC1000930B0003A14913D7C4019377F70F138532
:10CC2000070363F4EA0013857703920463050A009F
:10CC3000EFF0BFF711A8E31D09FEE30B64FF6305E6
:10CC40007501EFF09FF605490504E31634FD948065
:10CC500082801880EFF07FF71F05D434A300108086
:10CC60006FF0BFF628802E84EFF03FF622858145D5
:10CC7000EFF0FFF71F05D434A30020806FF0FFF41E
:10CC800028812E8432C6EFF05FF481452285EFF0D3
:10CC90001FF61F059C2AA300EFF03FF332468145A3
:10CCA0003285EFF0DFF41F05D434A30020816FF04C
:10CCB000DFF128829F075042A300238007009307DB
:10CCC00090022306F10093073007A307F100230722
:10CCD000F1001C411307A002A306E1003EC85C213D
:10CCE000782123040100ED17230AF1009307F7FFD1
:10CCF000819FBBFD0702230BE1005C31054438082E
:10CD0000FD17A30AF10081463C0010086C000145A4
:10CD10003ECC22CEEFD09F9D0145EFF04FCD9F0737
:10CD20003E58A00080A32482230B0100F9B73707E7
:10CD300000401C473D8993F7F7F09BA7A7081CC745
:10CD400082803880B707004080471F05A42AA300CF
:10CD500011803D8893041400A685EFF0BFF0130501
:10CD60004006EFD0AFDF3B03040F268530806FF025
:10CD70001FFCEFD07FB37300501001A02880B707CD
:10CD80000004F3B747303764A000130704841C4342
:10CD90001304048485071CC3C92238559F077CD31C
:10CDA000A2006305F700552A3C558297B707000497
:10CDB000F3A747301C40FD171CC024802880B7070C
:10CDC0000008F3B747303764A000130704841C43FE
:10CDD0001304048485071CC3492278559F077CD31C
:10CDE000A2006305F700952A7C558297B7070008D3
:10CDF000F3A747301C40FD171CC024802880B707CC
:10CE00000010F3B747303764A000130704841C43B5
:10CE10001304048485071CC3892238599F077CD3D7
:10CE2000A2006305F700152A3C598297B707001046
:10CE3000F3A747301C40FD171CC024802880B7078B
:10CE40000020F3B747303764A000130704841C4365
:10CE50001304048485071CC3092278599F077CD3D7
:10CE6000A2006305F700D5287C598297B7070020F8
:10CE7000F3A747301C40FD171CC024802880B7074B
:10CE80000040F3B747303764A000130704841C4305
:10CE90001304048485071CC3C920385D9F077CD315
:10CEA000A2006305F70055283C5D8297B707004054
:10CEB000F3A747301C40FD171CC024802880B7070B
:10CEC0000080F3B747303764A000130704841C4385
:10CED0001304048485071CC34920785D9F077CD315
:10CEE000A2006305F70095287C5D8297B707008054
:10CEF000F3A747301C40FD171CC024803880EF404A
:10CF0000B07DB764A000138704841C4385071CC34D
:10CF1000EF40107E7324203489208567FD177D8CB7
:10CF20000A04229518419F0758CFA20093840484D5
:10CF30006306F7001D2022951C418297EF40D079AF
:10CF40009C40FD179CC030806F40907A7325203440
:10CF50008567FD177D8D828001A01F052084A200BA
:10CF600082803DC14880032945002A841F05FC2A90
:10CF7000A300CA85EFF0CFA7B7070080B1076312FF
:10CF8000F9041F05102BA3008964EFF06FA6A1041C
:10CF90002685EF0070425C4C2285C1075CCCEF0017
:10CFA00050589F075858A0009C4381C7A2854A85C6
:10CFB0008297A6850945EF00B040014540806FD0BB
:10CFC0007F8A89649104E9B7828028802A841F05BA
:10CFD0006C2DA300EFF0CFA12E201F05A42DA300E0
:10CFE000EFF00FA11C481F05BC2DA300CC4BEFF0A8
:10CFF0002FA01C481F05D42DA3008C4BEFF04F9F92
:10D000001C481F05EC2DA3008C47EFF06F9E1C48B9
:10D010001F05042EA300CC43EFF08F9D1C481F0575
:10D020001C2EA3008C43EFF0AF9C1C481F05342E30
:10D03000A30083A5C708EFF0AF9B1C481F054C2E2B
:10D04000A300CC4FEFF0CF9A1C481F05642EA3001D
:10D05000CC47EFF0EF991C481F057C2EA3008C4FA6
:10D06000EFF00F991C481F05942EA30083A5870895
:10D07000EFF00F981C481F05AC2EA30083A54708AE
:10D08000EFF00F971C481F05C42EA30083A50708C7
:10D09000EFF00F961C481F05DC2EA300EC47EFF0C5
:10D0A0002F951C481F05F42EA300AC47EFF04F94BA
:10D0B0001C481F050C2FA300EC5FEFF06F931C487A
:10D0C0001F05242FA300AC5FEFF08F921C481F05B3
:10D0D0003C2FA300EC5BEFF0AF911C481F05542FD1
:10D0E000A300AC5BEFF0CF901C481F056C2FA30092
:10D0F000EC57EFF0EF8F1C481F05842FA300AC57AF
:10D10000EFF00F8F1C481F059C2FA300EC53EFF08E
:10D110002F8E1C481F05B42FA300AC53EFF04F8D8A
:10D120001C481F05CC2FA300EC43EFF06F8C1C486C
:10D130001F05E42FA300AC43EFF08F8B1C481F05A5
:10D14000FC2FA300CC5FEFF0AF8A1C481F05143002
:10D15000A3008C5FEFF0CF891C481F052C30A30083
:10D16000CC5BEFF0EF881C481F054430A3008C5BBC
:10D17000EFF00F881C481F055C30A300CC57EFF080
:10D180002F871C481F057430A3008C57EFF04F8683
:10D190001C481F058C30A300CC53EFF06F851C4852
:10D1A0001F05A430A3008C53EFF08F841C481F058B
:10D1B000BC30A300EC4FEFF0AF831C481F05D43008
:10D1C000A300AC4FEFF0CF821C481F05EC30A3004A
:10D1D000EC4BEFF0EF811C481F050431A300AC4B72
:10D1E000EFF00F811F051C31A30020806FF04F80EE
:10D1F0005441B767A0001387478408CB1385478441
:10D2000036A36FF09FDC28802A841F054C2DA300D5
:10D21000EFE01FFE228520806FF09FFD28802A848A
:10D220001F057C2CA300EFE0BFFC228520806FF05F
:10D230003FFC28802A841F05302CA300EFE05FFB11
:10D24000228520806FF0DFFA28802A841F05582C61
:10D25000A300EFE0FFF9228520806FF07FF928809E
:10D260002A841F05C82CA300EFE09FF822852080A8
:10D270006FF01FF828802A841F05A82CA300EFE078
:10D280003FF7228520806FF0BFF628802A841F0593
:10D290001C2DA300EFE0DFF5228520806FF05FF505
:10D2A00028802A841F05F02CA300EFE07FF422855C
:10D2B00020806FF0FFF328802A841F05042CA30030
:10D2C000EFE01FF3228520806FF09FF228802A84F0
:10D2D0001F05D82BA300EFE0BFF1228520806FF05F
:10D2E0003FF128802A841F05AC2BA300EFE05FF0FC
:10D2F000228520806FF0DFEF28802A841F05982B7D
:10D30000A300EFE0FFEE228520806FF07FEE288003
:10D310002A841F05202BA300EFE09FED22852080AB
:10D320006FF01FED28802A841F05402BA300EFE03B
:10D330003FEC228520806FF0BFEB28802A841F05F8
:10D34000782BA300EFE0DFEA228520806FF05FEA10
:10D3500028802A841F05E42AA300EFE07FE92285C4
:10D3600020806FF0FFE828802A841F05602BA3002F
:10D37000EFE01FE8228520806FF09FE71880EFF034
:10D38000FFBCAA851F05B82AA300EFE07FE601A035
:10D390001880EFF0BFBBAA851F055831A300EFE04E
:10D3A0003FE501A01F058003200082809F075C5895
:10D3B000A0001CC10145828028812A841F05B0324B
:10D3C000A300EFF09F80BB1304641F05C832A300C5
:10D3D000EFF0AFFFA9473357F402680023070100BD
:10D3E0003377F702B377F402130707032306E1004C
:10D3F00093870703A306F100EFF02FFD1F05CC3242
:10D40000A300EFF08FFCBB1304641F056433A3007B
:10D41000EFF0AFFB24811881FD5705469305F1001D
:10D420001D45A307F100EFF08FE009C9AA851F058C
:10D43000B431A300EFE0DFDB7D5514818347F100B9
:10D440000145E5FF370500800905C5BF38812A84FD
:10D45000AE8411469305800F680002C6EFD0EFD46A
:10D4600019C5AA851F058031A300EFE07FD8B24718
:10D470003D8C658C11C41F05A031A300EFE05FD780
:10D48000014534816FF06FF23880AA84EF40D024D8
:10D490002A842685EFC06FD5228530806F405025C5
:10D4A00038802A84EF405023AA842285EFC08FD091
:10D4B0002A842685EF40D023228534809F0754425A
:10D4C000A3001CC10D4582809F077C42A300D4436A
:10D4D00089CE9843814711070326C7FF6307A6003B
:10D4E0008507E39AF6FE0145828005458280288102
:10D4F0002A844C0013051002EF00900F19E5324703
:10D50000A247BA977D77BA971CC024813881AA8434
:10D510002E84130510024C00EF00900D09E93247EC
:10D52000A247BA977577BA979CC08D671CC03481A3
:10D530003881AA842E84130510024C00EF00500B92
:10D5400009E5A2479CC0B2471CC03481188013056E
:10D55000401FEFC0BFE010806FD01F8B18801F05E9
:10D56000B8D3A200EF10504819C51F058832A30098
:10D5700010806FE0FFC714806FD00FBA370520000E
:10D580008280370580008280B2872E86BE856FF04C
:10D590002F969880330AB50093174A01AA84D2893E
:10D5A00091C7FD79B3793A018567BE990565EF00AA
:10D5B000300CAA8A09C90565EF00900B2A8B01E996
:10D5C0005685EF00900C37040080150481A87D7902
:10D5D00033F92401B38424418DE4B38B4941639131
:10D5E0000B04B38529414A85EFF0AFAD2A840DE1E4
:10D5F000A1E0638F0B005E86DA855285EFF08F9C89
:10D6000035A82686D6854A85EFF08F8E2A8471D577
:10D610005685EF0090075A85EF00300722859480E9
:10D620005E86DA855285EFF0AF8C2A8475F155BF9E
:10D630002686D6854A85EFF0EF9845DD2A84C9BF56
:10D6400048802A84AE84328999E62686CA85228556
:10D6500040806FF02F97EFF0DFF365D94480288585
:10D660004C000D45EF00C078814715E9A24713062D
:10D67000000281453704200008083E94EFB08FB2C5
:10D680001306000281450818EFB0CFB1EFF0BFD804
:10D69000B707008089076316F500930704043E85E9
:10D6A00024858147BB0EF5FF0C409F071EC3A54B89
:10D6B0006389F5001F05E431A300EFE07FB38147E4
:10D6C000F9BF930500089306000210082285EF00B9
:10D6D0007065AA8509C51F050432A300F9BF0C189F
:10D6E000130600021545EFF08FB4AA8509C51F0582
:10D6F0003832A300D9B7130600020C080818EFB09F
:10D700000FDF41DD1F056432A300EFE07FAE45BFB0
:10D7100028802A840C594855EFF05FD301E983250E
:10D72000C4110325841120806FF05FD224802881EA
:10D730009F07A0D4A2003EC29F0788D4A2003EC487
:10D7400048009F0784D4A2003EC6EF00104B2A84F5
:10D7500001C91F05D032A300EFE09FA922852481D3
:10D76000EFF0DFDF1F05E832A300EFF08FCEFDB74B
:10D77000188148414C00EF00E07A09E5B2452245A6
:10D78000EFF03FE114811880EFF0FFC819C17D551B
:10D7900014801F0512C8132AE5BF4881F14778514C
:10D7A0001309C5063EC485472306F1002300010086
:10D7B000A3000100230101004AC29F07E196783CC3
:10D7C0000144631DF7029F045C58A000B7070003E3
:10D7D0001387D7002A84CD07F1464A86F145138581
:10D7E000C403D8D89CC0EF30204619C91F05F832B1
:10D7F000A30037040080EFE0BF9F1104228544811D
:10D80000F1464A86F14513858400EF30E04309C5AF
:10D810001F053033A300F1BF1304C408C14622869C
:10D82000C14513858405EF30204209C51F056833C3
:10D83000A300C1B7C1462286C14513854402EF301B
:10D84000A04009C51F059C33A30065B7EFC04FDC9E
:10D850002A8401C9AA851F05D033A300EFE05F9990
:10D8600071BFD0588A8513858403EFC00FB52A8411
:10D8700011C9AA851F050434A300EFE07F97EFC00C
:10D880002FDEADBF90408A8513854400EFC0EFB214
:10D890002A842DD5AA851F054834A300EFE05F95A3
:10D8A000885CEFC04FB9E1BF78519F07E196783CA3
:10D8B0006304F7000145828038809F045C58A00013
:10D8C000885CEFC04FB72A84C840EFC0CFB6498C00
:10D8D000EFC00FD9418D34809C2189E723200500BA
:10D8E00001458280930700301CC123800500CDBF15
:10D8F000288078529F07E196783C01446318F7022C
:10D90000AA871F055C58A000AE88930545024841D0
:10D910000148BE8601474146EFC08FD52A8419C50C
:10D92000AA851F058C34A300EFE09F8C22852480FC
:10D93000288078529F07E196783C01446318F702EB
:10D94000AA871F055C58A000AE8893058505085D71
:10D950000148BE8601474146EFC08FD12A8419C5D0
:10D96000AA851F05D834A300EFE09F882285248074
:10D9700038802A84EF404056AA842285EFC08F83E6
:10D980002A842685EF40C056228534803880AA84B8
:10D99000EF4080542A842685EFC02F852285308071
:10D9A0006F4000553881AA842E84B146B1450146A6
:10D9B0004800EF3020314C0013051002152905E511
:10D9C0003245A247B7064000AA977975AA977D55B8
:10D9D00063EBF6003387870063E7E6002286A685BF
:10D9E0003E85EFE0FFD03481C880AA8BAE8AB28931
:10D9F00099EA4E85EFF0DFF7AA8455E937040080F5
:10DA000015042285C480338AC50093174A015289C0
:10DA100091C77D7933792A0185673E990565EFF0D5
:10DA20003FF52A8B61DD0565EFF09FF42A8C09E54F
:10DA30005A85EFF0BFF5D9B7FD74B3F49A00338D72
:10DA40009A4063170D02B30C494163920C04B3056D
:10DA500099402685EFE0FFE62A8415E163110D0465
:10DA6000638F0C0081466686D2856285B53F35A8F6
:10DA70006A86DA852685EFE0BFC72A8469D55A858C
:10DA8000EFF0DFF06285EFF07FF025D49DBF668672
:10DA9000E2855285EFE0DFC52A8475F14DBF8146EE
:10DAA0006A86A6855A85893745DD2A84C9BF4E8690
:10DAB000DE855685EFE01FD12A840DE13706200070
:10DAC000CE865696CE852685EF3000182A8419E535
:10DAD0004E86DE852685EFB08FA12A842685EFF05D
:10DAE000FFEA05B73881AA842E84B146B1450146C4
:10DAF0004800EF30201D4C0013051002D52C05E521
:10DB0000B247A245370740007D55BE95F977BE95CF
:10DB1000636BB700B38785006367F700854622868D
:10DB20002685EFF07FEC3481288302C402C602C848
:10DB30002DC92A842C00130510025D2C3DE1F1450E
:10DB40002285EFF03FE631ED3247144CB707200055
:10DB50001F062FBA458FBA976387C6048C439F066A
:10DB600033F37C4B6391D5048C4793060010639C80
:10DB7000D50283A6471285453ECC938606303ECE1D
:10DB80002ECA36D036D202D432D6B707400063EA66
:10DB9000E700369763E7E700F1454808EFF09FF4A8
:10DBA00019C1014509A8F1452285EFF0BFDF75F9DC
:10DBB00008403B7CF502248318803D221080E9A8B0
:10DBC000188101452EC6152AB2452E85EFF0DFFEDD
:10DBD00010816FD06FA35884B2862A89AE843284B4
:10DBE0002E86AA851F052435A300EFE06FE0EFB075
:10DBF000FFDF9F07C458A0009823AA8921E30547A7
:10DC000098A32300210326D2EFC02FEC2AD40810BA
:10DC100022D6D528130600028145081002C802CA80
:10DC200002CC02CEEFA01FD822DAF32710343EDC5C
:10DC30008A8768003EC62122081015229F07C8580F
:10DC4000A0009C4391C3829789658D050945EFF03B
:10DC50003FF74E85EFB01FDA54849F078442A3003C
:10DC600003A30700630503001386B0FF0283188136
:10DC70008547A307F1008347F100819FEDFF1481E1
:10DC80009306C00F1F06C842A3009305C00F1F05CF
:10DC9000CC58A0006F20507B3747A3009307872CF8
:10DCA00083D7870D8966138606041307872C63893B
:10DCB000C702636CF6008DC785066383D7029F0792
:10DCC000AFBEADDE2324F70E8280A1668506638990
:10DCD000D7009F06F0F000006384D7009166E9BF8B
:10DCE0009F07ADDEADDEF9BF9F07C842A300238DBD
:10DCF000070C239CA70C6FF0BFF89F07C842A30036
:10DD0000238DA70C828018802A861F05C842A30095
:10DD1000C146C1451305450AEF20107310806FF00E
:10DD20003FF618802A8693060009930500091F050F
:10DD3000C842A300EF20507110806FF07FF419CD1E
:10DD400018802A861F05C842A300D146D145130575
:10DD50000509EF20706F10806FF09FF282805849A4
:10DD60009F07C842A30023A6E708184DD8CB6FF041
:10DD70003FF14880EFF00FE318419F074BA5874B19
:10DD80006315F7062A84EFF0EFE12A894624EFF0C5
:10DD90006FE114403767A0009307879C94C35440F9
:10DDA0001303879CD4C3144494C77424D4C73BEF93
:10DDB00006101307879C8147CA9441481B86F406C6
:10DDC000144293851700AA9714CB9B06B3088328A7
:10DDD0004600902641071B26161190C6FC379CA6CC
:10DDE000AE87E39D05FD0145448037350080EDBFDA
:10DDF000BDC13767A0009307879CD0471307879C56
:10DE0000814763E8C7023881AA8468002E8402C66D
:10DE1000EFF0CFD919C9B24789CB0147BE869042EE
:10DE2000A1076391C402DC4295E31F050330008023
:10DE3000348185079B06F70803C886006301A802A2
:10DE4000819FC1B70507E31BE5FCC5B7054718A0CF
:10DE50005CC00145F1BF1F05023000808280238035
:10DE600005009C420145DCC19C46A1839CC5828083
:10DE700028802A848D2B1C4199C7B52303230500D4
:10DE8000228520800283014524801DC538802A8494
:10DE9000EFF0CFEEAA84EFF0CFEE63659400AA9482
:10DEA000636B940089235C4199C7352B032345009C
:10DEB000228530800283348082801F05D85AA000DA
:10DEC00082803881AA84680002C6EFF04FE209C957
:10DED0002A841F054C35A300EFE08FB122853481E1
:10DEE0001305C006EFF0DFF888C02A8611E91F0588
:10DEF0008035A30037040080EFE08FAF1504F9BF31
:10DF000032459305C006EFF02FE82A8461D91F053A
:10DF1000B835A300EFE0CFAD8840EFF01FF723A0A6
:10DF200004006DBF9DCD28822A8468082EC602CECB
:10DF3000EFF0CFD8B24509E51F05023000802482FA
:10DF4000F247FDDB0147BE86A10703A687FF6316E4
:10DF5000C400C822EFF0DFE9DDB70507E315E5FEF1
:10DF6000E1BF1F0502300080828058812A84AE897B
:10DF700028006C00328902C402C6EFF06FDB1DE599
:10DF8000B2476376F4028324090095C03387840086
:10DF900063F4E700B384874022454E86A685229528
:10DFA0002AC4EFF06FDE19E12320990054811F0588
:10DFB00042300080E5BF28819F07D85AA0009C23EB
:10DFC000014499CB6C00280002C402C6EFF04FD682
:10DFD00001E5B24775743E9422852481388102C2DE
:10DFE00002C402C69F072DA5874BAE8432846311FD
:10DFF000F502B70720003EC4930700783EC683476A
:10E00000410081EFA2479CC0B2471CC0014529A036
:10E010004C00EFF03FF165D5348123A00400EFF010
:10E020009FF908C0E5B73881AA846C00280002C4B3
:10E0300002C6EFF0EFCF2A8411E5EFF02FD4A2470C
:10E040003E9588C0228534814881032405122E899B
:10E0500019E0130400206C00280002C402C6EFF08F
:10E060002FCDAA8411E9A247A2973EC4EFF00FD1A9
:10E07000A2473E952320A9002685448148812A890C
:10E08000AE8428006C0002C402C6EFF06FCA2A8476
:10E0900019E9A24703274900BA973EC4EFF00FCE13
:10E0A000A2473E9588C02285448178814445AA8A4A
:10E0B0002E8428006C00B289368A02C402C6EFF0B2
:10E0C0002FC72A8921E19387F400C19B637EF40264
:10E0D000630C0A02638A090283A4090095C433878A
:10E0E000840063F4E700B3848740A24703A58A0055
:10E0F0003E952A942AC4EFF06FC822952320AA00E7
:10E1000023A099004A8574811F0942300080DDBF39
:10E110005C45BD07C19B63FBF5028DCA05CA032898
:10E1200006006305080228812E87C29563F4B700B4
:10E130003388E74008453284B68570003A9542C678
:10E14000EFF0BFE219E1B2471CC024811F05423045
:10E150000080828068819F073C069ECB6391F50218
:10E160001305C5041C21B5EF1C3113091500E1EBA3
:10E170003C2113092500F1E70144228564815B55A8
:10E18000B5024105C5B74104DB5594023384B9009B
:10E19000A5A8BB140A0183470900BB97F70F23000A
:10E1A0000900B5A83B15FA028D44B3843441A68614
:10E1B0000146A6854A85EF20F0309DA03B9FE902ED
:10E1C00083470900D5FB1F056C36A300EFE04F82A3
:10E1D0009F07D85AA0003547D8B31F046730008086
:10E1E00069BF2A8981496800328AAE8402C6EFF08D
:10E1F0000FB02A8459F19F073C069ECB3244E3942A
:10E20000F4F81304C4044E94E3150AF80347090014
:10E210009307F00FE312F7F6BD472300F90085449A
:10E22000228581464A86A685EFF08FC12A8459D57A
:10E23000AA851F053436A300EFD09FFB3DBF85495B
:10E240005DB789494DB728819F07F81EA3009A231F
:10E25000BC2323140100230501002307F10023162A
:10E26000E1009F073C069ECB1304C5046305F6003E
:10E270005B54B50241040D462C002285EFA03FA758
:10E280008D470DCD0D466C002285EFA05FA681471E
:10E2900015C51C20014581EB1C30054589E7282068
:10E2A0001335150009052A94182085473B04070FEC
:10E2B0009306F00F89476303D70091473E85248179
:10E2C000014582809F07D85AA000C8B38280188178
:10E2D0002AC6280002C4EFF08FA109E92245814631
:10E2E0007000914513050505EFF08FB51481588135
:10E2F0002A84AE89231601002307010013090501B2
:10E3000081445C4463EAF4000545638F3701834729
:10E31000C4043B95070F09A84A850D466C00EFA081
:10E320001F9D0D0919C1014554818504D9BF488835
:10E33000AA8468002E84328902C6EFF04F9B09ED53
:10E34000324550089305C006EFF00FA419C51F050C
:10E35000F035A300EFD0DFE94488630C0900E657ED
:10E3600089CB9F07D85AA000C833EFF05FF68145EC
:10E3700021A8A6854808EFF09FF71DE81DE9E6579C
:10E38000C165FD15638DB7042EC89F075A5A5A5AA6
:10E390003244E383F5FC1F051436A300EFD05FE59C
:10E3A00081461008914513054406EFF06FA96DB73B
:10E3B00011C9E65781CB9F07D85AA00055F4A38214
:10E3C00007005DB79F07D85AA000DC339F055A5A53
:10E3D0005A5ABB9DE70DE657C5DB354579B79F0512
:10E3E0005A5A5A5A55B71F05D85AA000210582809B
:10E3F0009F07D85AA0008823828038813764A00004
:10E40000834784ADC9E7130484AD19C51C411CC4FE
:10E410005C415CC41C451CC8B9475CB068008547BA
:10E42000232A04001CA0A303010002C402C6EFF0CB
:10E430005FA98D4431E9B2471F07AA55AA559443F5
:10E440006390E604B4571F0755AA55AA639AE602DB
:10E45000F85389441DE703C7F7041DC32800A44BE4
:10E46000EFF0EF8811ED2245814613067100130588
:10E47000F50485452AC4EFF0AF9CB334900011C178
:10E480008D443245EFF07FA044A0014534811F0543
:10E4900041300080E5BF2880084193060002EFB0BC
:10E4A000DFDC2A8419C5AA851F058C36A300EFD0AE
:10E4B0003FD4228524801880EFA07F8301C91F05E7
:10E4C000E039A300EFD0DFD27D5514800145F5BFC0
:10E4D00048852A89AE8432848145130600020818D3
:10E4E00036C6EFA02FCC85471018A68528104AD431
:10E4F0002306F102EFF03FFAB24609C9AA851F05CB
:10E500004C39A300EFD0DFCE7D55448536860C18FC
:10E510002285EFF05FFA75D91F05E039A300EFD02F
:10E520003FCDDDB73B8206207D55828018822ACC04
:10E5300085472808230EF100EFF0FFF51482488785
:10E54000FD573EC649C1BDC535C684082ACC32D266
:10E5500013050502130606022E84130900022ACEB3
:10E5600032D4930600021306A00593050002268507
:10E570004AD04AD6EF2000755C400C402686BEC4C7
:10E58000A800854726CA4AC82306F104EFF0BFF069
:10E590002A841DC1AA851F05CC36A300EFD05FC514
:10E5A00022C6B24799C7B2451F05F036A300EFD087
:10E5B0003FC4B2473E85448750100C082808EFB08E
:10E5C0005FCA2A84F1BFFD57F5B74882AA842E841A
:10E5D0003289EFF04F9BBB0105FFAA84B7D7132AFE
:10E5E000138767851306040C638AE4001387778614
:10E5F0006386E400938787876394F4025C44BB9846
:10E6000007201F058839A30032C6EFD07FBE3246EF
:10E61000930600029305000C2285EFF07FEB448205
:10E620001F05B439A30032C6EFD09FBC3246930712
:10E63000000C2C084A8522CE3ECCEFF05FF0C5B727
:10E640004882AA84EFF0DFDA63010510EFF02F8132
:10E650002A89630005109C401F074E158DCB6396D9
:10E66000E70603A704106312F706804CEFF0AF91A2
:10E67000BB0105FF2A84B7D7132A13876785138642
:10E68000040C630AE400138777866306E40093872B
:10E6900087876314F404DC44BB9017201F05DC3724
:10E6A000A30032C6EFD0DFB43246930600029305D2
:10E6B000000C2685EFF0DFE12A8421C1AA851F0521
:10E6C0003C38A300EFD0DFB239A01F05B837A30054
:10E6D000EFD01FB27D54228544821F050C38A30061
:10E6E00032C6EFD0FFB032469307000C2C084A85A3
:10E6F00026CE3ECCEFF0BFE4C1B7884C13860408A9
:10E7000093850410EFF07FEC2A8411C5AA851F05BC
:10E710006C38A30045BF2685EFE09FFF2A8411C512
:10E72000AA851F059C38A30071BF9F07FC5AA00053
:10E730009C43D5D31F07005BA0001043930500073F
:10E740001385041582972A8479B71F04403000800E
:10E7500059B71F0463300080BDBF48811C411F07AB
:10E7600051544F46638EE700BE851F05D838A3007D
:10E77000EFD01FA80D45EFF0FFB47D5422854481F2
:10E78000B2862E869305000AAA84EFF07FD42A84ED
:10E7900009C50D45EFF01FB3D5B7DC443400700058
:10E7A000BD07C19B8145268502C43EC6EFF0FF8FA1
:10E7B0002A8405E9224501E9CC401F051839A30048
:10E7C000EFD01FA365BFB245930600021386040174
:10E7D000EFF01FD02A896DD10D45EFF0BFAE4A840E
:10E7E00071BF2A89D5BF58812A8902C4EFF05FC062
:10E7F00061C14A85EFF0DFE42A8411C50545EFF0D9
:10E800007FAC228554811F052037A300EFD05F9E87
:10E810002C004A85EFF05F832A8419E1224519E52F
:10E820001F053C37A300EFD0BF9CE1BF83254912F1
:10E830009306000213068912EFF09FC92A8401C9CA
:10E840000945EFF03FA82245EFF02FE45DBF1F051B
:10E850006837A300EFD0DF99A24402C68149B10412
:10E860008327891463E4F900014439A86C001385F7
:10E8700044FFEFF0BF802A8419E1324511E91F05FA
:10E880009037A300EFD0DF963245EFF00FE065BF81
:10E89000A685854613060002EFF03FEC2A84938498
:10E8A000C4027DF132458509EFF02FDE02C64DBF6F
:10E8B0001F0440300080B1B7188202C6EFF05FB38A
:10E8C0003DC10C086800EFE07FC429ED2800EFE0AF
:10E8D0001FC229E9224550089145210502CAEFE0EF
:10E8E000BFCA29E1C2453245EFE0BFCA05ED224566
:10E8F000814630089145110502CCEFE07FD41DE13F
:10E9000022459F07AA55AA558146700891453ECEDB
:10E91000EFE01FD301E922458146500891452105CA
:10E92000EFE01FD214821F0540300080E5BF488110
:10E930002A8902C0EFF0DFAB6303050E0A85EFF012
:10E940008FEE2A8419E1024501E91F050C3AA30064
:10E95000EFD01F8A22854481EFF0FFE82A84024528
:10E9600011C8EFF08FD2A2851F05303AA300EFD077
:10E970003F88CDB702C683248514BBE604151F0467
:10E98000433000800245EFF04FD0A2851F05603A6A
:10E99000A300F1BF6C00EFF02FEB2A8411ED32459C
:10E9A00001CDAA87DB14952C1F073C069ECB6391F3
:10E9B0009706EFF08FCD39A01F053C37A300EFD0AD
:10E9C0003F8369F00245EFF04FCC280022C202C419
:10E9D000EFE0FFB12A8421E92245814650009145AC
:10E9E0003105EFE0FFC52A841DED22459F0755AA9A
:10E9F00055AA814670009145130585063EC6EFE095
:10EA00003FC42A840DE1E30709F4EFE03FB499B76E
:10EA100094436383E60005049387C70249BF1F043C
:10EA20004030008005BFA2851F059C3AA30081B736
:10EA30005881F45102C402C61F07E196783C6395E1
:10EA4000E6082E892A84B2852800EFE0FFE8AA8430
:10EA500005E95C4C93F9F700C19B3EC6A1C3224770
:10EA6000084C4A86B385E7403A95EFE07FEC2A8967
:10EA700011C9AA851F05D834A300EFD06FF7CA8447
:10EA80002685548114400C4C084401477000EF0067
:10EA9000A07A0DED1C443247BA971CC46384090266
:10EAA000084C3246CE8691652A96EF20601D01C93A
:10EAB0001F05CC3AA300EFD0AFF3FD54D1B7232EFE
:10EAC00034017DBF232E040081445DBF85444DBFCA
:10EAD00028812E852EC6EFF0AFB92A84B24511E504
:10EAE0001F05FC3AA300EFD0AFF02285248181C539
:10EAF0002E856FF08FB9828028812A842320050219
:10EB0000232E050085652800EFF09FFC48C811CD35
:10EB100091652800EFF0DFFB08CC814711E94C48F4
:10EB20002800EFF0DFFC232A0400B70700809507D8
:10EB30003E85248168819F07D0EAA2003EC49F07DA
:10EB4000EEEAA20023280500232405003EC6BBF3FD
:10EB500006051F044230008022856481B289368414
:10EB60002E8A34001546CE85AA84EF20600539C967
:10EB70002A84DDB73387F9005833139637008507A9
:10EB80003317C7003A99E3E7D7FEC04063738900A3
:10EB90004A8461D0A2852800EFF09FF388C819CD80
:10EBA000C0C823282A015285EFF01FF52A8405C129
:10EBB0008C482800EFF0BFF323A80400370400803E
:10EBC000150459BF814701499306B4FF6DBF2685DF
:10EBD000EF10B03651B738812E840C499F07D0EA28
:10EBE000A200AA843EC428009F07EEEAA2003EC607
:10EBF000EFF0FFEF2C00268523A80400EF109071A2
:10EC00004C482800EFF0BFEE0C4C232A04002800EB
:10EC1000EFF0FFED232C040034812880F8519F078A
:10EC2000E196783C6308F7025C4D2A8491EB1C4422
:10EC3000584C8145232E0400BA971CC42E8524808D
:10EC40000C4D14411306C50108450147F5238545C0
:10EC500075F5F1BFEFF0DFDDAA856DD11F05E43B4F
:10EC6000A300EFD0EFD8FD55D1BFB88183A905022D
:10EC7000AA8AAE84328BB68BA30301000149116AC4
:10EC80000D4C856C63643901014541A8CC4CB387B8
:10EC9000294198483EC4B307BA403EC681476374D1
:10ECA00047013AC68547884CD44813087100AA9595
:10ECB0003800CA9670005685EF10905C2A84324561
:10ECC00009E583477100E38187FD19E0A24789EBDD
:10ECD000A2851F05903BA300EFD08FD1228535A8D8
:10ECE0003E999C48898F9CC8DC4CAA97DCCC212398
:10ECF000DC4CB307FA4063E697019C4899C3639FD5
:10ED000029015E86DA852685EFF03FF101C91F05EE
:10ED1000C03BA300EFD0CFCD7D55B48122479C48A6
:10ED200019E3324719C3DDDBB1BFCDDB034471000A
:10ED30007D14333480005DB768818547AA89AE842D
:10ED40003289A305F100056AC04415C063738A00C7
:10ED50000564CC48C840700022C6EFF00FA111C96D
:10ED60000544A2851F052C3BA300EFD06FC8228568
:10ED70006481B245C8484A86EFE09FB71DE5324737
:10ED8000DC409306B10098D0BA97DCC0DC444A86D8
:10ED9000A685998FDCC44E85EFF03FED2A8401C92A
:10EDA000AA851F05603BA300C9B77D545DBFEFE096
:10EDB000AFFC59BF48819F07FC1EA3009A23BC23C8
:10EDC0002A892316E1002307F10093040501014479
:10EDD0008327C9006364F4000545448126850D46F8
:10EDE0006C00EF90DFF08D0419E10504D5B7014503
:10EDF000EDB7D88202C602C8EFF08FDF6300053E90
:10EE0000AA846800EFF0EF8B2A890145631B090291
:10EE1000B24785CB94431F07AA55AA55639AE600CB
:10EE2000B4571F0755AA55AA6394E600FC5395E70B
:10EE30001F05143CA300EFD0AFBB01451F094730AD
:10EE400000802686CA85EFF08FCE3245EFF0EF8343
:10EE50004245EFF08F834A85D4820808EFF0AF9CDB
:10EE60002A8919E1C24781EB1F050C3AA300EFD0B4
:10EE70002FB80145F9B73245EFF0DFF32A8405EDED
:10EE8000EFF0AF83C24902CC232E050023200502F8
:10EE90002A842C084E85324BEFF00F9B2A891DC126
:10EEA0001F053C37A300EFD0AFB463050904054547
:10EEB000EFF04FC17DBF4245EFF0FF922A8969D143
:10EEC000A28445BFE247E9DF83AA8914014A814948
:10EED000930BC0021F0C3C069ECB8D4C62456348D1
:10EEE0005A07EFE09FFA10504C4C1F05343CA3002A
:10EEF000EFD00FB0C24432441F05683CA30083AA80
:10EF0000841402CAD685EFD0AFAE4C441F058C3CAA
:10EF1000A300EFD0EFAD5C446386FA001387FAFFDD
:10EF2000639AE72A554763F7E72A4C082685EFF0EE
:10EF3000AF912A8919E1D244A5EC1F053C37A30003
:10EF4000EFD00FABC247814403A58714DDBD330D5D
:10EF50007A036A951C4163968701FD19050A8509A4
:10EF6000B5BF6C0802CEEFF06F912A8919E1F24724
:10EF700091EB1F059037A300EFD08FA76245EFE01C
:10EF8000DFF025B7FC4B584CCE855A853E9758CCC0
:10EF9000E247EA979043EFF00FAB63179501724792
:10EFA0001C50784BBA971CD07245EFE01FEE7DB72E
:10EFB00002CC8149014B1F0A3C069ECBB73B008027
:10EFC000374DA300B74DA30063595B058840631319
:10EFD0004501FD19EFE04FCF19CD9040CE85228538
:10EFE000EFF06FA62A8CBB1605038C401F05B43CBE
:10EFF000A300EFD0EF9F050B85099384C402E9B706
:10F000002C082685EFF08F872A8919E1E24795E7DA
:10F010001F05E43CA300EFD0AF9D624519C1EFE0AE
:10F02000DFE663080900CA851F059C3EA300EFD0F8
:10F030002F9C5245EFE07FE531B7DC4363814713F6
:10F040000146CE852285EFF0EF902A8909C51F057C
:10F050000C3DA300C9B7E24713058DD3CC43EFD0D5
:10F060002F99624963190C04EFF08FA5AA8C21C572
:10F070001F05643DA300EFD0AF97054CE2851385D3
:10F080008DDFEFD0EF966286CE852285EFF08F8CF4
:10F090002A8963830C006689CA851F05183EA30070
:10F0A000EFD00F95E31B09F66245EFE01FDE02CCBF
:10F0B000EFE08FCC89B793361C00130600029385CE
:10F0C000C4004A85EFF06FE9AA8C054C45F9832608
:10F0D000490037179ECB13066782938C6B04E38F2E
:10F0E000C6F813072783E38BE6F8832509061F0577
:10F0F000943DA300EFD0CF8F832709061F07E19629
:10F10000783C6393E7021F05B83DA300EFD04F8E14
:10F110004A85EFE0EFE5AA8C35F14A85DD2A133CFC
:10F120001500AA8C050C99BF1F0746464944639AEF
:10F13000E7001F05D03DA300EFD08F8B4A853D2C03
:10F14000F9BF1F05E43DA300EFD08F8A4A85EFE0A9
:10F150002FE2AA8CE31405F24A852D24C9B7B747DC
:10F16000A300138587E4D285EFD08F88E247B746A6
:10F17000A30003A906C1D843631647059447D840A6
:10F18000680874C8DC47BD07C19B3CCC93070701E6
:10F190007CCC930700023CD002CEEFE04FB52A8929
:10F1A00015E17245814613064405C1451305450521
:10F1B000EFE00FC92A8919E50146D2852285EFE0E3
:10F1C0007FF92A89B747A300CA85138507E7EFD0DF
:10F1D0002F82D9BD1F0943300080ADB3854401455E
:10F1E0001F0940300080B1B928802A84EFE0FFCCAD
:10F1F00000CD0145248038802A84EFE01FCCAA840A
:10F20000EFE0BFCB1C4D85CB88502295C04C88D0F9
:10F2100019C4930740063305F502335485029F0451
:10F22000045BA0009C4063888700EFE01FC91C4D71
:10F230002285829780C03480488202CA02CC02CEE6
:10F240009F072DA5874B2A842E89B2846393F602EB
:10F25000B70720003ECC930700783ECE834741019C
:10F260008DE362458C40BA864A862295EFE04FBD19
:10F2700001A836854C083AC6EFE0DFCA324779DD8F
:10F2800044821F0504300080E5BF588A2E84B2896D
:10F29000814513064002AA84280836893AC6EF90B1
:10F2A0006FF02286CE862C086818EFF0BF882A847B
:10F2B00015E9D044DC4032473306364132D222567B
:10F2C0003ECC3ACE02D06371C902CA851F05D43E36
:10F2D000A300EFC0FFF12C086818EFF0DF8F1F04C8
:10F2E000513000802285548A26862C086818EFF059
:10F2F000BFA42A8411C9AA851F051C3FA300EFC023
:10F300003FEF1F04623000802C086818EFF0BF8CBC
:10F31000D1BF5882C147140850008145AA840329EF
:10F32000850002C802CA02CC02CE3EC202C402C696
:10F33000EFE01FDE2A8429E12685EFE00FC62A844C
:10F3400005ED924526860808EFE08FDA2A8415E15C
:10F35000C84070002C009249EFE05FC82A8411E990
:10F36000B2463387290141460C082685EFF0FFF1AC
:10F370002A842685EFE04FD3228554821F0546302C
:10F38000008082808881832A85002A8A4841300053
:10F390004C0002C202C4EFE07FC42A8421E90327A3
:10F3A000CA00A24763E9E706056502C6EFE05FAC65
:10F3B000AA8425C50149056B8327CA006366F90045
:10F3C0002685EFE09FAC1DA0B38727416373FB0048
:10F3D00085677000A685330559013EC6EFE0FFB88A
:10F3E000AA8919C52685EFE05FAA4E84228584810B
:10F3F00083264A0001477000A6854A85EFF0DFE3C7
:10F40000AA896DF1B247F9DF3E99EFE0EF963245F8
:10F41000EFF07FDE55B77D54D1BF3704008015046F
:10F42000F1B73821832F85027D5E331EEE00832ED7
:10F430000504134EFEFF0323C500337EFE01120EAA
:10F4400003280502338FCE011B0FE303AA865C510C
:10F45000130F0FE0370500018328060003570F0044
:10F46000637AA800014563F91541882122088505C2
:10F470009B27F5101355B8003307E50263F9E7122F
:10F48000C8561303032819E163880F0403C8160044
:10F490007D5583C206003315050103A88601134577
:10F4A000F5FF3375F5013315550003AF0601130E53
:10F4B000F8FF6315080003AE46017D1E7A9E0348DF
:10F4C0000E00214E330E5E403358C801429513089A
:10F4D0000060330505032A933BF61E078546370E69
:10F4E00000011308F00F86063305D300835E050084
:10F4F0006379C70163F115398821220785059B27A8
:10F50000F5101355B7003305D50363E1A702098F42
:10F51000898F8506E379D8FC0545B7070001637537
:10F52000F70063FA153585050CC282802A87DDB79E
:10F5300083AE860103AE0603884A0148338FCE416D
:10F5400063F4CE0103A84601B306E501C29603CEDB
:10F550000600130800108546B70F0001130FF00FC7
:10F56000060EB37EC8013305D80076951B05A302AD
:10F57000835205006379F70163FF152F8821220765
:10F5800085059B27F5101355B700330555028606F0
:10F5900063FAA7001347FEFF3378E8002A87E37178
:10F5A000DFFC9DBF098F898F85067688CDBFC10E90
:10F5B0003308E8409B0ED303B7060001998F03D7A9
:10F5C0000E00637AD800014563F8152B94212208B8
:10F5D00085059BA7F6109356B800B386E60263F044
:10F5E000D714130803A00945814FB70E0001035734
:10F5F000080063FAD60163F0152983CE0500A20640
:10F6000085059BA7FE1093DEB6003387EE0263FEEE
:10F61000E71C1B08C8038146214F054EB7020001B5
:10F62000060EB30EC80183D30E00637A570063F44D
:10F63000152583CE0500220785059BA7FE10935E46
:10F64000B700B38E7E0263E6D71F3307D741B38777
:10F65000D741050EE366EEFDBBF0BF04B386E6417D
:10F66000F296130E0020BBF206038506139E760069
:10F670008546370F0001930EF00386063308D3004A
:10F680007298835F0800637AE70163F6151F03C869
:10F690000500220785059B27F8101358B70033088B
:10F6A000F80363EA071933070741B3870741850663
:10F6B000E3F5DEFC938606FCBBE8960413D816003F
:10F6C000BBFE560E858A7D1893E62600370E008015
:10F6D000B3960601134E0E98F2961B03D302854E85
:10F6E000054EB70F00019B06C30303DF06006379D5
:10F6F000F70163F215199421220785059BA7F610DF
:10F700009356B700B386E603139F1E0063FFD7141A
:10F71000769E36877D18FA8EE31708FCFDBB33070B
:10F72000D840958FB706000103D88E01637AD700C1
:10F73000014563F315159421220785059BA7F61053
:10F740009356B700B386060363F1D7047D773A9FDB
:10F750003705000103570F6063FAA600014563FDFA
:10F7600015118821A20685059B27F51013D5B60033
:10F770003307E50263EFE70E998E998F1F0800F6B5
:10F78000FFFF1A980D45B14F8DB5158F958FB706B0
:10F79000000103D80E03637AD700014563FE150DFF
:10F7A0009421220785059BA7F6109356B700B386D0
:10F7B0000603E3E5D7FC158F958FB706000103D844
:10F7C0008E04637AD700014563F8150B9421220754
:10F7D00085059BA7F6109356B700B3860603E3EFA3
:10F7E000D7F8958FB306D74051BF998EB70E000159
:10F7F000998F0357080163FAD60163FE150783CE7C
:10F800000500A20685059BA7FE1093DEB600338790
:10F81000EE0263F7E700210E1B08C803A146EDBB0B
:10F82000998F130808203387E640130F0010C14654
:10F83000EDB3768705B54287A5BD6D18370E00017B
:10F840006379C70163F915039421220785059BA7F6
:10F85000F6100583B386E740FD82FD16F98E7D180C
:10F86000958FE31F08FC11489DBD158F958F7A9EDB
:10F8700055B50D455DB1014582801D7193020103AF
:10F880000B96E27F832DC50232CE2A8E832385021A
:10F89000832E8501639B0D005C413387D541B3877F
:10F8A000774063F4E700B385D70183470E00034731
:10F8B0001E0003462E003EC6B24693070010339743
:10F8C000E700B3D7D700FD56B396C60093C6F6FF40
:10F8D00036CCB7060080832FCE0093C606F036D014
:10F8E000FD7693860660832C4E01B307F74036C839
:10F8F000FE963ECA36D2032F0E0493860FA08322B3
:10F900000E0303244E0383298E03032DCE03032A03
:10F910000E010327CE0103290E0283274E0236D49F
:10F920009386FCFF8148370600011F08000800008D
:10F9300036D6E24633F5760082561205B304E50169
:10F94000B6948604B38A9F0003D30A006377C90084
:10F950001423220905079BA7F6109356B900B38616
:10F96000660263FBD754330568401B03A34A239008
:10F970006A0013850F286394030063850D02939436
:10F9800083001383FEFF63930E00325352930343AD
:10F9900003002693D24433739300B244331393008D
:10F9A0005B15650685031D4363716F248D447A835F
:10F9B00063F3E4010D43330F6F400353250063F7F6
:10F9C000C6000423A20605079BA7F41093D4B60033
:10F9D000B384640263FF9716B30668401B03D34ADF
:10F9E0002311650089468606B30AD50003D90A00AB
:10F9F00063F8C40003430700A20405079B27F31024
:10FA000013D3B4003303230363FE6714B304284104
:10FA10001B09994A23902A018606B30AD50003D907
:10FA20000A006377C3000423220305079BA7F41091
:10FA30009354B300B384240363F097143303284131
:10FA40001B09694A23902A018606B30AD50003D907
:10FA50000A0063F8C40003430700A20405079B27BC
:10FA6000F31013D3B4003303230363F06712B3041A
:10FA700028411B09994A23902A018606B30AD5001A
:10FA800003D90A006377C3000423220305079BA759
:10FA9000F4109354B300B384240363F29710330338
:10FAA00028411B09694A23902A018606B30AD5001A
:10FAB00003D90A0063F8C40003430700A204050742
:10FAC0009B27F31013D3B4003303230363F2670EB1
:10FAD000B30428411B09994A23902A018606B30AD8
:10FAE000D50003D90A006377C30004232203050766
:10FAF0009BA7F4109354B300B384240363F4970CCE
:10FB0000330328411B09694A23902A01860636954A
:10FB1000835A050063F8C40003430700A2040507E5
:10FB20009B27F31013D9B4003309590363F5270B4E
:10FB3000330358419B8A6A4A231055013305DA0181
:10FB400014A1850EE3F9BE30F246E364D7DE6F0000
:10FB500090301B13634A858F23116500B384964050
:10FB60008D4651B51B19294BB387674023902A0155
:10FB70008506338364404DB51B19294B858F23902F
:10FB80002A018506B3049340C1B51B19294BB387DD
:10FB9000674023902A01850633836440F9BD1B1911
:10FBA000294B858F23902A018506B3049340F5BD28
:10FBB0001B19294BB387674023902A01850633839D
:10FBC000644029BF1B19294B858F23902A01850684
:10FBD000B304934025BF9B9A5A4BB3872741231008
:10FBE000550185063389244191BF33835E408144AA
:10FBF00063F35E00E6845293269303430300994423
:10FC0000BB710F0A8D440603937B0310938A1B106C
:10FC10009B0A5503330F9F4003D90A0063F7C600C0
:10FC20000423A20605079BA7F41093D4B600B3845F
:10FC3000240363FA971EB30628411B09D94A934B44
:10FC4000F3FF23902A0193FB0B1089460603337CB4
:10FC50007301B38ADB00E29A9B0A550303DB0A00B7
:10FC600063F8C40003490700A20405079B27F910A5
:10FC700013D9B40033096903860663FF271BB30455
:10FC800068411B0B9B4A134CF3FF23906A01337CA2
:10FC90007C010603B37B8301B30ADC00DE9A9B0A76
:10FCA000550303DB0A006377C90004232209050713
:10FCB0009BA7F4109354B900B3846403860663F7DA
:10FCC0009718330968411B0B2B4B934BF3FF239081
:10FCD0006A01B3FB8B010603337C7301B38ADB003B
:10FCE000E29A9B0A550303DB0A0063F8C400034948
:10FCF0000700A20405079B27F91013D9B4003309A4
:10FD00006903860663FD2715B30468411B0B9B4AF4
:10FD1000134CF3FF23906A01337C7C010603B37B11
:10FD20008301B30ADC00DE9A9B0A550303DB0A0059
:10FD30006377C9000423220905079BA7F410935495
:10FD4000B900B3846403860663F5971233096841EA
:10FD50001B0B2B4B934BF3FF23906A01B3FB8B01DF
:10FD60000603337C7301B38ADB00E29A9B0A5503D6
:10FD700003DB0A0063F8C40003490700A204050777
:10FD80009B27F91013D9B40033096903860663FB76
:10FD9000270FB30468411B0B9B4A134CF3FF2390BE
:10FDA0006A01337C7C010603B37A8301330BDC00E8
:10FDB000569B1B0B6503835B0B006377C900042311
:10FDC000220905079BA7F4109354B900B384740368
:10FDD000860663F3970C330978419B8B2B4B934A30
:10FDE000F3FF23107B01B3FA8A011BC36A02B69AA0
:10FDF00056931B0565020353050063F8C4000349CD
:10FE00000700A20405079B27F91013D9B400330992
:10FE10006902860663FB2709B30468401B03934A03
:10FE20002310650021BB1B19294B858F23902A01C4
:10FE3000B38496408D4619BD1B1B6B4BB38727417E
:10FE400023906A01850633892441A1B51B1B6B4BA6
:10FE5000858F23906A018506B3049940ADBD1B1BB5
:10FE60006B4BB387274123906A0185063389244170
:10FE700075B51B1B6B4B858F23906A018506B304F8
:10FE80009940F9BD1B1B6B4BB387274123906A0137
:10FE900085063389244101BF9B9B7B4B858F2310B3
:10FEA0007B018506B304994089B71B13634AB38766
:10FEB00027412310650035B31B13634A23906A0062
:10FEC00013030F010603338B6F003309D940958F5D
:10FED000835A0B006377C9001423220905079BA7E7
:10FEE000F6109356B900B386560363F3D712B308DE
:10FEF000584122539B8A1A4B23105B01310F8354C4
:10FF0000030063F8C60083480700A20605079BA705
:10FF1000F81093D8B600B388980263F41729B30693
:10FF200098409B84D44A231093001B05A3023621DA
:10FF300063F8C80003430700A20805079B27F310D6
:10FF400093D4B800B384D40263F29722B308D840A4
:10FF50009B86164B36A1894686063309D500035386
:10FF6000090063F8C40083480700A20405079BA7A3
:10FF7000F81093D8B400B388680263F11721B30472
:10FF800068401B03934A23106900860636950621B4
:10FF900063F8C80003430700A20805079B27F31076
:10FFA00013D9B8003309990263F4271FB3089840A6
:10FFB0009B84144B06A12D45938886FF636AE53523
:10FFC000B386D541890863880668468563F31601C0
:10FFD000368533835E40814663F35E00E6869A96FB
:10FFE0003383DC40AA93B388A840B384AE00636235
:10FFF000A3723303DA01B386D6411A95A68EB304F1
:0200000400A357
:10000000D30084200503A30F93FEE31A65FE1DBEF3
:100010009B9A5A4B23105B01130B83017E9B330980
:10002000D940958F835A0B006377C90014232209A6
:1000300005079BA7F6109356B900B386560363F7DE
:10004000D708330358419B8A6A4A424323105B0115
:100050009A94FE9403D3040063F8C6000349070092
:10006000A20605079B27F91013D9B60033096902C8
:1000700063FB2703B30668401B03D34A2390640045
:10008000B3865E40014563F35E006685D296AA960C
:100090008822B306DA01850388A2850E9D46637B1C
:1000A000DF68254F45B4A2881B13634A1684B386C4
:1000B0002641B387274123906400C6823B7B2F07EC
:1000C000214F96881253A282468415BD9B9A5A4BA3
:1000D0009304030323105B01FE943309D940958FE9
:1000E00083D804006377C9001423220905079BA75E
:1000F000F6109356B900B386160363F9D70033039D
:1001000018419B88684A239014014DBF9B98184B57
:1001100013038304239014017E933309D940958FF0
:10012000835803006377C9001423220905079BA79E
:10013000F6109356B900B386160363FCD700B304D8
:1001400018419B88984A23101301A2884E84C689BF
:10015000B5B79B98184B958F23101301B306D94060
:10016000A2886A844E8DE5B72D4FA1BF9B96D64AD3
:10017000858F36A1B38498408D46F9BB1B13634A23
:10018000B3871741231069008506B3881441F5BB76
:100190009B94944AB387274106A185063389284159
:1001A00019BD9B94944A2310930033891641B38759
:1001B0001741835403016377C900142322090507FB
:1001C0009BA7F6109358B900B388980263F2170FF3
:1001D000B30698409B84D44A2105231893001B033F
:1001E000A3028356230063F7C8000823A20805076B
:1001F0009B27F51093D4B800B384D40263FE97060E
:100200003305D8409B86A64A2311D3008948860827
:10021000330913010355090063F7C4001423A20432
:1002200005079BA7F61093D6B400B386A60263FE1B
:10023000D704B304A8401B05954A2310A9008608DB
:1002400046938354030063F7C6000823A2060507FC
:100250009B27F51013D9B6003309990263F02705DF
:10026000B30698409B84D44A23109300AD46E3F92B
:10027000E6D5130300206DA09B96D64A858F2311E7
:10028000D300B38498408D4859B71B15A54A958F64
:100290002310A9008508B386D44055B79B94944A8F
:1002A000B3872741231093008508338926417DBFFA
:1002B0009B94944A33091941B3871741231893003B
:1002C0008548930AF00F8608938408209A94962014
:1002D0006377C9000823220905079B27F5101355EA
:1002E000B9003305D50263FDA7003309D8409B86CA
:1002F000264B96A02A89E3F81AFD938808F1BDB72A
:100300009B96D64A3309A940898F96A08508E5B700
:100310000D451303002063651501E5161393760060
:100320007E93835623006377C900082322090507BB
:100330009B27F5109354B900B384D40263FC97183B
:100340003305D8409B86A64A2311D30089468606EA
:10035000B30AD30003D90A0063F7C4000823A20438
:1003600005079B27F51013D5B4003305250363FC5F
:10037000A716B30428411B09994A23902A0186062F
:10038000B30AD30003D90A006377C500042322050A
:1003900005079BA7F4109354B500B384240363FDB1
:1003A0009714330528411B09A94A23902A01860680
:1003B000B30AD30003D90A0063F7C4000823A204D8
:1003C00005079B27F51013D5B4003305250363FEFD
:1003D000A712B30428411B09994A23902A018606D3
:1003E000B30AD30003D90A006377C50004232205AA
:1003F00005079BA7F4109354B500B384240363FF4F
:100400009710330528411B09A94A23902A01860623
:1004100036930355030063F8C40003490700A204A0
:1004200005079B27F91013D9B4003309A90263F01B
:100430002711B304A8401B05954A2310A3009386F7
:1004400006FC0D456375D50613F51600B54413D3A8
:1004500016001365250063E0D4107D133315650085
:100460000505854BFD76938606301B8BA6027E9B89
:1004700083540B006377C9001423220905079BA747
:10048000F610935AB900B38A9A0293961B0063FA46
:10049000570B330998409B84244B23109B005E9597
:1004A00056897D13B68BE31F03FAB306D540C944C2
:1004B0001385160063E8E4251D4F1E8363830D003A
:1004C0006E8363E366244E8D93882820A289168468
:1004D000AA8251A29B96D64A858F2311D300B304DA
:1004E00099408D46ADB51B19294B898F23902A0160
:1004F00085063385A44061B51B19294B858F239050
:100500002A018506B30495405DB51B19294B898FD7
:1005100023902A0185063385A440D1B51B19294BA8
:10052000858F23902A018506B3049540CDB51B1510
:10053000A54AB38727412310A300850633892441A8
:10054000FDBD9B94944A33095941B3875741231009
:100550009B003695B9B76D136377C9001423220940
:1005600005079BA7F61013591900B387274193D4A9
:10057000F7411B85A4027D13B37499000505A69766
:10058000E31C03FC120583D62F006378C9000343E4
:100590000700220905079B27F3109354B900B38481
:1005A000D40263FC97103303D8409B86664A23919C
:1005B000DF0089469B8ADF0203D90A0063F8C40082
:1005C00003430700A20405079B27F31013D3B400CD
:1005D0003303230363FC670EB30428411B09994AC4
:1005E00023902A0189069B8ADF0203D90A006377D8
:1005F000C3000423220305079BA7F4109354B30000
:10060000B384240363FE970C330328411B09694A12
:1006100023902A0191069B8ADF0203D30A0063F824
:10062000C40003490700A20405079B27F91013D94A
:10063000B4003309690263FE270BB30468401B034F
:10064000934A23906A00E116C98E7D55E391A6E690
:10065000511F93082011B70600016377D9001423B6
:10066000220905079BA7F6102322FE028327CE024C
:1006700013B50820232EEE0023202E0323221E056F
:10068000232CDE0123247E0223285E02232A8E02ED
:10069000232C3E03232EAE032320EE051345150025
:1006A00099E783274E0063E4F3002326FE029302BA
:1006B00001030B86E27F256182809B96D64A858F57
:1006C0002391DF00B30499408D46EDB51B19294BEA
:1006D000B387674023902A0191063383644021B792
:1006E0001B19294B858F23902A01A106B30493403F
:1006F0001DB71B13634AB387274123906A003389D0
:10070000244199B7294F55BB4E8DA2891684AA82E0
:1007100045B83305DA0003430500850E3305DA01D9
:10072000A30F65FE85066393DC008146E3939EFE7E
:100730006FF04FC12D4F6FF0EFC093074011232C86
:1007400005002326050423240502232605027CC177
:100750008280D88283A9060023A006002380070098
:10076000BE8D7C41BA8B130720112A842E8BB28454
:100770003689637AF708130740116366F70A114751
:100780007C446389090C6377F70A034704054DE34A
:10079000BBE137058347240503471405C2079BA720
:1007A000E73003474405D98F034734059BA7E7107B
:1007B00058545CD001EB185411E71F07FFFBFFBF33
:1007C0006368F7067840FD571CD02326040493077E
:1007D000301163F8E7021C2018301444130600405F
:1007E0003E9793070030B397E7009387077C014754
:1007F0006365F70685475CDC1CDC5CD81CD82320CD
:100800000404232204044D4C7D5D930A04057440C6
:1008100093072011639BF6045C5099EB8547238076
:10082000FD000145D4821307F01F2D45E38CE7FE40
:100830000545CDBF9386170074C4850483C6F4FFB5
:10084000A297FD192388D704832709008507232051
:10085000F9003DB79DFB8D47D9B792A205078906E0
:1008600041BFB3899940B6845DB799C61C4C330724
:10087000FB40637DD70001EF1C4C63E167077C40C0
:10088000639A071A5C50B9E7914751BF36874C54B9
:10089000105499E54C403385C5406363A7004CD4A0
:1008A0003A9610D40C58104803284401998E74C00D
:1008B0003E973385B740814663F3B700C286B29650
:1008C000AA968822B306F600850788A2E393E7FE7E
:1008D0001CCC5DB763980B04894791B7814C784471
:1008E000631F071063743C0163810C0A338A34016F
:1008F0007008A685228552CEEFE0BFB215E5BBF0A9
:1009000029148327090013040405CE972320F90036
:10091000232E34FFE3019AF49C2005048504A30FE1
:10092000F4FECDBF854C65BF724A330A9A40BB7452
:100930001A15638A0C023B0C050283270900130475
:100940000405D2972320F900232E44FF269A6396AC
:10095000440189472380FD00E1BD9C2005048504F6
:10096000A30FF4FEEDB7268644CCDA852285EFE0AE
:10097000DFF0544CB3849640631EAA0163FE9900D5
:100980009307F01F7CC02D4571BD1386C9FE2696C6
:100990007D5AD9BFE39644FF83270900A6972320F9
:1009A000F900E30005EC930700207CC051B5050A6F
:1009B000B306EA40A69603C6F6FFB3064401A38732
:1009C000C604B306EA40636A4C07E3E236FF3387A6
:1009D0004A017008D685228536C63ACEEFE07FA45C
:1009E000B24605E13B77EA14232644058327090034
:1009F000B6972320F9008D472380FD0025B53A8A5C
:100A0000C9B7724A7444330A5A41E36BDAF6638910
:100A10000C0209476306E50283270900D297958FE8
:100A20002320F900232644052380ED0011B5638AB5
:100A30004703B9B7E3820BEA29BFE39A0CF87D5A62
:100A4000232E54015686DA852285EFE01FE35C4CA5
:100A50007844B3875741E35C0AFCBBF9C715E3E16F
:100A6000E7F2998F03270900B386F400B389F940B0
:100A7000BA972320F90023260404E30605DE25B7F0
:100A8000C88203290600032B0700232006002A84BE
:100A9000AE8BB289368C3A8A3E8D232007004C48B3
:100AA0001C4C5ACE6394B700232C0400832A840183
:100AB0000147B387554163E52701B30559016A87AB
:100AC000C28762867408228542C6EFF09FC87247CB
:100AD00083270A00AA8C5E85BA972320FA00044C6B
:100AE0000C483A9CB38454412686D695330BEB4090
:100AF000EF703FF683A70900A69B33099940A6979C
:100B000023A0F90063960C0081C43248E31909F868
:100B10006685C48228802A84DC412E850C44829715
:100B200023240400248048801C452E969304003022
:100B3000B394C4002A849384047C89C73C4501454E
:100B40006388F402B68522853689EFF0BFFC8327DF
:100B50000900939514004A858297AA8708C409451D
:100B600081CB1F05000D0000AA975CC424C4014579
:100B700044803B72060511458280B8219C319BA7B9
:100B8000E710B8319BA7E720D8219BA7E73005677E
:100B900063F3E70085675CC19C213BF7F7E1A5465D
:100BA00033F7D70218A11307D00233D7E702B3D720
:100BB000D70238A11547B3F7E7021CB1014582807F
:100BC00028822A84280836C6EFF0BFFAB24609ED1B
:100BD00003469101834581012285EFF0DFF409E5A9
:100BE000E2471CC0F2475CC02482635BB004AA8762
:100BF000594829C9188032872E8601EB8145EF704C
:100C00007FDA130860094285148063F8D5008145B6
:100C1000EF705FD91308200AFDB76376A700B3050C
:100C2000D7006368B5000148E3FFE7FCBE96E37CAC
:100C3000D7FC81453E85EF70FFD61308600BE1B706
:100C4000130820024285828063E3D5020DC105C2EC
:100C500063CF050089CE6376A600B307D600637A1A
:100C6000F5006376C500B307D5006374F6006FF036
:100C7000DFF71880B2853686EF70BFDD014514803E
:100C8000288013042002635CB000594409C9B2876C
:100C90002E8681EB8145EF70FFD013046009228519
:100CA000248063F8D5008145EF70DFCF1304200A5C
:100CB000FDB70144E305F5FEFDD23686BE85EF8023
:100CC000CF88F1BFAE8763C3050228802A8411C98B
:100CD000B285368663E0D702EF70DFCC01473A85F4
:100CE000248013072002E5DD5947D5BF13072002F2
:100CF0003A85828013072002FDD33E86EF709FCA9B
:100D00001307200AE9BF32876346E0009C423E9603
:100D100090C282801C41FD171CC163D50700FD579E
:100D20009CC282805C417D178CA35C4185075CC1BD
:100D3000E1BFD89FB74AA30093878AF71D713ECCC5
:100D4000374BA300A947AA8C328402CE02D002D22C
:100D50003ED402D602D802DA02DC02DE82C082C2AF
:100D60002314010402CA0147938A8AF79F0B8C3F20
:100D7000A300130B4BF41F0C8842A3001F09643F10
:100D8000A3009C2181C7D24663D9060019C33B1634
:100D90003707524513010125D480B386FB00942206
:100DA000138A1500DBD6DB08BA9683C906103BFE12
:100DB00029089B063B059442828603A70C007D17F9
:100DC00023A0EC006340070203A74C001CA383A7E9
:100DD0004C00850723A2FC00D24785073ECAD28576
:100DE0004E8745B7FD57DDBFFD5782C202D002D600
:100DF00002D83EDA02D202DC02DED5B71307B00217
:100E00006389E702636AF7003B880720BB94F723F6
:100E1000B25793E7070821A8BB88072DBB90F7308E
:100E2000B25793E7870021A0B25793E727003ED639
:100E30007DB7B25793E71700DDBFB25793E747007E
:100E4000FDB7BB93072A1440110436D8854636DC1B
:100E5000E25695E6BB01070302D8C2561F0714AE3F
:100E600047016354D7007D5535B713972600938704
:100E700007FD3697819F9B87E7023ED88DB7C25703
:100E800063D907003257B307F0403ED813674700D5
:100E90003AD642579F07C8CCCC0CE3D2E7F4E1B76F
:100EA00002DA35BFBB93072A184011043ADA054726
:100EB0003ADEF256525785E29F0614AE4701E3C46C
:100EC000E6FA93162700938707FD3697819F9B8745
:100ED000E7023EDA29B763540700FD573EDA52575E
:100EE00055BF1307A0066387E7086360F70413077D
:100EF000C0046386E704636EF7003B99B7499C31F1
:100F0000BB9F1736BC213B9D2734138A35002167D0
:100F100091A0BB8F075A3B92B768943132576397C1
:100F2000F60A138A2500896781A0130740076386A4
:100F3000E704636BF7003B89076C3B99A771B257D5
:100F40001F070014000001A8BB822777BB94A77A73
:100F500037070200B257D98FD9BD94313257639702
:100F6000F600138A250085675D8F19A013670701B6
:100F70003AD6B5B537070400F1BF4167E1BF3B96EC
:100F80000733BC21BB9D0732B25761777D17138AA7
:100F90003500F98F69BD1387C7F99376F70F3BF5D5
:100FA00006121F07210802003357D700058BE318EC
:100FB00007E293F7F70D3B8A875883A70C00FD17CC
:100FC00023A0FC0063DC0700FD572DA01367070278
:100FD00045B7B2571F0700080000B5BF83A74C00F4
:100FE0001307900498A383A74C00850723A2FC0055
:100FF000D24785073ECA8149DDB33BF247681307F4
:101000005006E3F2E7E6130730056389E71A636FDA
:10101000F70813073004638FE71463E6E70093874C
:10102000B7FB3BE19703825742561D8E96471D8EB4
:10103000B257B2C0B18B89EB6358C0005408930516
:1010400000026685EFF03FCC9646635ED0003C0818
:101050003386F60003A70C007D1723A0EC00635E27
:10106000074AFD573ECAB257B18BBB9507080646E3
:101070006358C0005408930500036685EFF0BFC8AD
:101080009257638C074AFD573ECAD247E3C907D43B
:10109000B257918BE38507D40646E352C0D4540877
:1010A000930500026685EFF01FC615BB13073006D7
:1010B000638CE70C6361F706BB9BD75841473AD472
:1010C0004ACC3257BB8557583B9557709F07904085
:1010D00000005D8F8947BEC2E17793C7078302DABC
:1010E0003AD62314F104B25725677D8F630A071699
:1010F0001D04937784FF13848700844303AD470066
:1011000045A213070007E38BE7FA6363F7023B820C
:1011100007693B95C76F9306900632576386D700E1
:1011200063EDF610BB90F764136707043AD611AA73
:10113000BB89F7753B82E778BB9BB773B257144006
:101140009304440013F777FF3AD61F0710080000F6
:10115000F98F36CE5257D9EB89E69F079042A3000C
:101160003ECE7245BB1B17FFEF705FBA635B05068F
:10117000014585A8B257056793060783FD8E89E66A
:1011800013070780D98F3ED6B257054632D093F564
:1011900077FF2ED69F0510080000ED8F130744003F
:1011A000144099C7FC00B6C63ECE32D23A84A5BDE3
:1011B000FC002306D1043ECE02D2CDBFB257056754
:1011C00093060783FD8EBDFA13070780D98F3ED69D
:1011D000B5B72A97AA876384E700942391E63385FD
:1011E000A7402AD0268481B58507F5B785473ED22A
:1011F00089E69F079842A3003ECEF246814763846A
:10120000E700904201EA3707002063E3E7008147E7
:101210003ED0C9BF85079106DDB756CC13770708C6
:10122000E30B07EE130700032304E1046247182BC6
:10123000A304E1040947BAC2F9BD3B84076F3B9A96
:10124000A775A9473ED44ACC79BDA1473ED44ACC24
:1012500093770708E38907E8136707203AD661B553
:1012600093F6070113F7070489C6044011044DCB18
:1012700065A09396270163D906081440014D110417
:1012800093F4F60F11CFE206E18663DB060093C408
:10129000F4FF819C850493E7071013DDF4413ED6EB
:1012A000B257A68D6A8793F6070489CE635C0D005A
:1012B000B30D9040B336B0013307A04193E7071058
:1012C000158F3ED6B256B7970400F58F91E30147CC
:1012D0001308C12442CEB3E7ED00C1E382C202D0BD
:1012E00052578546634F0700B2579396170163C460
:1012F0000600DD9B3ED69307002063D3E7003EDA6D
:10130000D2561306000369AA93F6070281CE044061
:10131000110411C7C204C18413DDF44151B7A19C6B
:10132000014DBDBF9396F70063D70600044011043A
:1013300013DDF441B5B79396E70063DB0600044084
:101340009307440013DDF44111E3014D3E8489BF4E
:101350009396D700E3DB06F061BBA25749EFBB9140
:10136000170AA946254672479307F7FF3ECEB3F703
:10137000DD02CA979C23A30FF7FE93D72D009B870E
:10138000B7439B87F7489B87F7509B87F7608D8310
:10139000139527003E951B95AD02637CA604850737
:1013A000BE8DD1B7BB8907103B90170872479307D2
:1013B000F7FF3ECE93F77D00CA979C2393DD3D0057
:1013C000A30FF7FEE3940DFE05A0724793F6FD0010
:1013D00093DD4D009307F7FF3ECEE247B6979C237F
:1013E000A30FF7FEE3930DFEF2473308F84042D017
:1013F000C5BDDDF7D5BFBB8C070A3B8B1710BB9A69
:10140000F708F2469387F6FF3ECE93F77D00CA9722
:101410009C2393DD3D009BADED3A0D83A38FF6FE3B
:10142000B3E7ED00F9FFC9B7F24729466E85938609
:10143000F7FF36CEBA85814642C63EC43AC2EF7047
:101440002F964A9514211247A2476E85BA85A38F1D
:10145000D7FE29468146EF706F942E87C98DAA8DDD
:101460003248F9F151B7F24613F6FD0093DD4D0015
:101470009387F6FF3ECEE2479BADED381183B297DE
:101480009C23A38FF6FEB3E7ED00F1FFB1BFF24757
:101490001387F7FF3ACEA38FC7FE825785073ED04A
:1014A0000257E346D7FEB25793F7072085C3F247AA
:1014B00001C798233B0607301387F7FF3ACE13077F
:1014C0000003A38FE7FE825785073ED0B25713F77C
:1014D000070411CB13F707100DC71307D00223041D
:1014E000E1040547BAC2B3E4A401E39E04B2139732
:1014F0001701E35A07B21547DD9B62CE3AD03ED6BC
:101500001DB613F7170001C71307B002C9BF13F7C1
:10151000270071DB13070002D9B703A74C0083C56E
:10152000070385070CA303A74C00050723A2EC00C3
:10153000E312F6B2D247B69735B6F245825403A706
:101540000C00AE87B386950063499706BBDD040C9B
:10155000AE8719A803A74C009423850714A303A7FB
:101560004C00050723A2EC003387B740E34497FE05
:1015700083A70C00858F23A0FC00D247BE9426CA07
:1015800029B603A54C002686EF70AFCC83A74C008C
:10159000A69723A2FC00E9BF03A70C007D1723A098
:1015A000EC00E34207AE03A74C009023850710A38D
:1015B00003A74C00050723A2EC003387F640E34D58
:1015C000E0FC65BF3881AE842A84B2852AC636869F
:1015D000280026C4EFF0EFF5634B0500A247FD1786
:1015E0003EC463C60700B247238007003481A24788
:1015F00063D707002694A30F04FE7955C5BF2300C7
:1016000004007D55E5B7288032882A84AE87368667
:101610008DCA19E17D552480F5DDE3CD05FEB708BF
:10162000008093C8E8FF63E00803BA866372B802DB
:1016300093051800EFF01FF93B07F5FEE35D05FC8D
:1016400029A069D9E1D9E3C707FC23000400D9B771
:10165000EFF05FF7E5B70000F904000003000000B9
:10166000000000000000000000000000000000007A
:101670001CD2A20032D2A20048D2A200F8D2A2000C
:101680005ED2A20074D2A2008AD2A200A0D2A2008E
:10169000B6D2A200CCD2A20006D2A200E2D2A20010
:1016A0000ED3A20024D3A20006D2A2003AD3A200F5
:1016B00050D3A20066D3A20000000000000000008A
:1016C00075716ED06AD266D462D65ED85ADA56DCAC
:1016D00052DECEC0CAC2A6C4A2C6FEC8FACAF6CCA2
:1016E000F2CEC6D0C2D2BED4BAD6B6D8B2DAAEDC4A
:1016F000AADE1EC11AC316C506C7732A20FC52C033
:10170000F32920344EC2732930344AC40EC6F32460
:10171000003026C87324103422CA12CC0ACE73704B
:101720000430731001341741FDFF1301A1DDA14204
:10173000639459006F60FFE1939229001703000042
:10174000130343F397030000938343F77325003497
:101750009A9263FF720483A20200EFB09F8073210C
:10176000003489629382028073A00230D242739067
:101770001234825D125DA25C325CC25B525BE25A43
:10178000725A86491649A6443644C64F564FE64E0D
:10179000764E86581658A6573657C6565656E655AC
:1017A00076558A431A43AA42BA40496173002030F1
:1017B0006FB07FA500000000000000006FF05FF038
:1017C0006FB0DFBB6FB09FBB6FB05FBB6FB01FBBB5
:1017D0006FB0DFBA6FB09FBA6FB05FBA6FB01FBAA9
:1017E0006FB0DFB96FB09FB96FB05FB96F0000170E
:1017F0006FB0DFB86FB09FB86FB05FB86FB01FB891
:101800006FB0DFB76FB09FB76FB05FB76FB01FB784
:101810006FB0DFB66FB09FB66FB05FB66FB01FB678
:101820006FB0DFB56F0000206F00802A6F000035B9
:101830006F00803F6F00004A6F0080546F00005FB0
:101840006F00C05E6F00805E6F00405E6F00005EE4
:101850006F00C05D6F00805D6F00405D6F00005DD8
:101860006F00C05C6F00805C6F00405C6F00005CCC
:101870006F00C05B6F00805B6F00405B6F00005BC0
:101880006F00C05A6F00805A6F00405A6F00005AB4
:101890006F00C0596F0080596F0040596F000059A8
:1018A0006F00C0586F0080586F0040586F0000589C
:1018B0006F00C0576F0080576F0040576F00005790
:1018C0006F00C0566F0080566F0040566F00005684
:1018D0006F00C0556F0080556F0040556F00005578
:1018E0006F00C0546F0080546F0040546F0000546C
:1018F0006F00C0536F0080536F0040536F00005360
:101900006F00C0526F0080526F0040526F00005253
:101910006F00C0516F0080516F0040516F00005147
:101920006F00C0506F0080506F0040506F0000503B
:101930006F00C04F6F00804F6F00404F6F00004F2F
:101940006F00C04E6F00804E6F00404E6F00004E23
:101950006F00C04D6F00804D0000000073700430B8
:1019600075716ED06AD266D462D65ED85ADA56DC09
:1019700052DECEC0CAC2A6C4A2C6FEC8FACAF6CCFF
:10198000F2CEC6D0C2D2BED4BAD6B6D8B2DAAEDCA7
:10199000AADE1EC11AC316C506C7732A20FC52C090
:1019A000F32920344EC2732930344AC40EC6F324BE
:1019B000003026C87324103422CA12CC0ACE731009
:1019C00001341731FDFF1301E17373250034EFB0CB
:1019D0004FD97321003489629382028873A0023048
:1019E000D24273901234825D125DA25C325CC25BA3
:1019F000525BE25A725A86491649A6443644C64F8B
:101A0000564FE64E764E86581658A6573657C65647
:101A10005656E65576558A431A43AA42BA4049615A
:101A20007300203073700430197106C00AC20EC4EE
:101A300012C616C81ACA1ECC22CE26D02AD22ED43E
:101A400032D636D83ADA3EDC42DEC6C0CAC2CEC48E
:101A5000D2C6D6C8DACADECCE2CEE6D0EAD2EED41E
:101A6000F2D6F6D8FADAFEDCF322103496DE7310E2
:101A700001341731FDFF1301E168EFB02FB073217E
:101A8000003489629382028873A00230F652739008
:101A900012348240C2425243E2437244825412558D
:101AA000A2553256C2565257E257725886481649C6
:101AB000A649364AC64A564BE64B764C865C165DBE
:101AC000A65D365EC65E565FE65F09617300203034
:101AD00073700430197106C00AC20EC412C616C84B
:101AE0001ACA1ECC22CE26D02AD22ED432D636D82E
:101AF0003ADA3EDC42DEC6C0CAC2CEC4D2C6D6C8BE
:101B0000DACADECCE2CEE6D0EAD2EED4F2D6F6D80D
:101B1000FADAFEDCF322103496DE7310013417314A
:101B2000FDFF1301215EEFB06FA9732100348962BC
:101B30009382028873A00230F6527390123482406E
:101B4000C2425243E243724482541255A255325665
:101B5000C2565257E257725886481649A649364A25
:101B6000C64A564BE64B764C865C165DA65D365EE5
:101B7000C65E565FE65F0961730020307370043003
:101B8000197106C00AC20EC412C616C81ACA1ECCE3
:101B900022CE26D02AD22ED432D636D83ADA3EDC1D
:101BA00042DEC6C0CAC2CEC4D2C6D6C8DACADECCED
:101BB000E2CEE6D0EAD2EED4F2D6F6D8FADAFEDCFD
:101BC000F322103496DE731001341731FDFF130138
:101BD0006153EFB0AFA2732100348962938202880F
:101BE00073A00230F652739012348240C2425243C4
:101BF000E243724482541255A2553256C25652578D
:101C0000E257725886481649A649364AC64A564B84
:101C1000E64B764C865C165DA65D365EC65E565F0C
:101C2000E65F09617300203073700430197106C0DB
:101C30000AC20EC412C616C81ACA1ECC22CE26D09C
:101C40002AD22ED432D636D83ADA3EDC42DEC6C0AC
:101C5000CAC2CEC4D2C6D6C8DACADECCE2CEE6D07C
:101C6000EAD2EED4F2D6F6D8FADAFEDCF322103459
:101C700096DE731001341731FDFF1301A148EFB058
:101C8000EF9B7321003489629382028873A0023033
:101C9000F652739012348240C2425243E24372447D
:101CA00082541255A2553256C2565257E2577258B4
:101CB00086481649A649364AC64A564BE64B764CE4
:101CC000865C165DA65D365EC65E565FE65F0961A0
:101CD0007300203073700430197106C00AC20EC43C
:101CE00012C616C81ACA1ECC22CE26D02AD22ED48C
:101CF00032D636D83ADA3EDC42DEC6C0CAC2CEC4DC
:101D0000D2C6D6C8DACADECCE2CEE6D0EAD2EED46B
:101D1000F2D6F6D8FADAFEDCF322103496DE73102F
:101D200001341731FDFF1301E13DEFB02F95732111
:101D3000003489629382028873A00230F652739055
:101D400012348240C2425243E243724482541255DA
:101D5000A2553256C2565257E25772588648164913
:101D6000A649364AC64A564BE64B764C865C165D0B
:101D7000A65D365EC65E565FE65F09617300203081
:101D800073700430197106C00AC20EC412C616C898
:101D90001ACA1ECC22CE26D02AD22ED432D636D87B
:101DA0003ADA3EDC42DEC6C0CAC2CEC4D2C6D6C80B
:101DB000DACADECCE2CEE6D0EAD2EED4F2D6F6D85B
:101DC000FADAFEDCF322103496DE73100134173198
:101DD000FDFF13012133EFB06F8E73210034896250
:101DE0009382028873A00230F652739012348240BC
:101DF000C2425243E243724482541255A2553256B3
:101E0000C2565257E257725886481649A649364A72
:101E1000C64A564BE64B764C865C165DA65D365E32
:101E2000C65E565FE65F0961730020307370043050
:101E3000197106C00AC20EC412C616C81ACA1ECC30
:101E400022CE26D02AD22ED432D636D83ADA3EDC6A
:101E500042DEC6C0CAC2CEC4D2C6D6C8DACADECC3A
:101E6000E2CEE6D0EAD2EED4F2D6F6D8FADAFEDC4A
:101E7000F322103496DE731001341731FDFF130185
:101E80006128EFB0AF8773210034896293820288A2
:101E900073A00230F652739012348240C242524311
:101EA000E243724482541255A2553256C2565257DA
:101EB000E257725886481649A649364AC64A564BD2
:101EC000E64B764C865C165DA65D365EC65E565F5A
:101ED000E65F09617300203073250030A14273B0C2
:101EE0000230828073250030A14273A002308280CC
:101EF0007310053082800000FFFFFF00FFFFFF002E
:101F000000010202030303030404040404040404A0
:101F10000505050505050505050505050505050571
:101F20000606060606060606060606060606060651
:101F30000606060606060606060606060606060641
:101F40000707070707070707070707070707070721
:101F50000707070707070707070707070707070711
:101F60000707070707070707070707070707070701
:101F700007070707070707070707070707070707F1
:101F800008080808080808080808080808080808D1
:101F900008080808080808080808080808080808C1
:101FA00008080808080808080808080808080808B1
:101FB00008080808080808080808080808080808A1
:101FC0000808080808080808080808080808080891
:101FD0000808080808080808080808080808080881
:101FE0000808080808080808080808080808080871
:101FF0000808080808080808080808080808080861
:10200000040100000000200000008000466C6173A5
:1020100068626F6F74205561727420496E69742014
:102020005375636321000000466C617368626F6FD3
:1020300074204D616C6C6F6320496E697420537518
:1020400063632100466C61736820496E69742046A1
:1020500061696C2120726574203D2000466C6173BB
:102060006820496E69742053756363210000000085
:102070005346432066697820535220726574203D90
:10208000000000007377206D6F64652C206C65760E
:10209000656C5B73773A636869705D3A00000000B5
:1020A0006877206D6F64652C206C6576656C5B636A
:1020B0006869705D3A000000756170695F706172F7
:1020C000746974696F6E5F6765745F696E666F20AF
:1020D0006661696C656420007570675F666C61732A
:1020E000685F72656164206661696C6564200000E8
:1020F0004E6F206E65656420746F20757067726125
:1021000064652E2E2E0000006E6565642075706774
:1021100072616465000000002D2D2D2D2D2D2D2DBB
:102120002D2D2D2D2D2D2D2D2D2D2D2D2D2D2D2DDF
:102130002D2D000075706772616465206661696CA1
:1021400065642C207265736574206E6F77000000E3
:102150007570677261646520737563636573732C52
:10216000207265736574206E6F7700004765742078
:1021700061707020706172746974696F6E2066613D
:10218000696C656421000000666C6173685F656E50
:1021900063727970742064697361626C652E0000EB
:1021A00041646472206E6F742032353662797465D2
:1021B00020616C69676E6D656E742000666C61737A
:1021C000685F656E637279707420656E61626C65BC
:1021D0002E000000456E6372797074206F64726B1C
:1021E00031206572723D0000456E63727970742013
:1021F00066617063206572723D000000456E637217
:1022000079707420627970617373206572723D0019
:1022100076657269667920617070206865616420F6
:102220006661696C656421207265743D0000000080
:102230007665726966792061707020626F647920BA
:102240006661696C65642121207265743D0000003F
:102250006765745F706B675F68656164657220664F
:1022600061696C2C20726574203D20007570675F79
:10227000766572696679206661696C2C2072657476
:10228000203D20007265736574207570677261640B
:102290006520666C6167206661696C2C20726574CC
:1022A0003D0000007265717565737420757067720A
:1022B000616465206661696C2C207265743D000064
:1022C00054727920666F746120666978206170703D
:1022D0002E000000466C617368626F6F742062614B
:1022E000636B757020776F726B696E6721000000F9
:1022F000466C617368626F6F742070617274697488
:10230000696F6E20696E666F20676574206661690B
:102310006C2100005265636F766572792065726189
:102320007365206661696C65642121207265742083
:102330003D2000005265636F76657279207772697F
:102340007465206661696C65642121207265742062
:102350003D2000005265636F76657279206F6B21B6
:1023600000000000564500006469655F69642065EF
:10237000667573655F726561645F6974656D20661B
:1023800061696C2100000000646965206964206D4A
:10239000656D636D70206661696C2100696D6167B0
:1023A00065206964206572726F72210076657273B0
:1023B000696F6E2065667573655F726561645F69DC
:1023C00074656D206661696C210000006D7369643D
:1023D00020636F6D70617265206661696C21000019
:1023E00065667573655F726561645F6974656D20AC
:1023F00076657269667920656E61626C65206661DA
:10240000696C210076657273696F6E20636F6D7001
:10241000617265206661696C2100000000000000A7
:102420001EF0D24B00000000000100002DF0D24B46
:1024300000000000020000001E3C1E4B03000000D4
:10244000020100002D3C1E4B0300000003000000B1
:102450001E87694B03000000030100002D87694BB4
:1024600003000000040000001E3C1E4B030000009F
:10247000040100002D3C1E4B03000000050000007D
:102480001E87694B03000000050100002D87694B82
:1024900003000000010200001EA5874B040000009D
:1024A000010300002DA5874B04000000060000007A
:1024B0001E2D0F4B02000000060100002D2D0F4BBA
:1024C000020000007365637572655F61757468650D
:1024D0006E746963617465206472765F726F6D5F9C
:1024E0006369706865725F73686132353620666152
:1024F000696C21007365637572655F6175746865E9
:102500006E746963617465206472765F726F6D5F6B
:102510006369706865725F706B655F6270323536D3
:10252000725F766572696679206661696C21000068
:102530007665726966795F696D6167655F636F640F
:10254000655F61726561206472765F726F6D5F6353
:1025500069706865725F736861323536210000000A
:102560007665726966795F696D6167655F636F64DF
:10257000655F617265612068617368206D656D6378
:102580006D70206661696C210000000076657269DB
:1025900066795F696D6167655F636F64655F6172CE
:1025A0006561206661696C210000000076657269D2
:1025B00066795F696D6167655F6B65795F6172659B
:1025C000612073656375726520766572696679202E
:1025D00064697361626C6521000000007665726950
:1025E00066795F696D6167655F6B65795F6172656B
:1025F00061207365637572652076657269667920FE
:102600006572726F722100007665726966795F6922
:102610006D6167655F6B65795F6172656120726F7F
:102620006F746B65795F73746174757320696E760E
:10263000616C6964210000007665726966795F6982
:102640006D6167655F6B65795F6172656120696D5A
:10265000616765206964206572726F7221000000F5
:102660007665726966795F696D6167655F6B6579CB
:102670005F61726561207365637572655F61757412
:1026800068656E74696361746521000076657269BE
:1026900066795F696D6167655F6B65795F617265BA
:1026A00061206B65792076657273696F6E20657243
:1026B000726F7221000000007665726966795F6949
:1026C0006D6167655F6B65795F61726561206D73D0
:1026D0006964206572726F7221000000766572690C
:1026E00066795F696D6167655F6B65795F6172656A
:1026F0006120646965206964206572726F722100CF
:102700007665726966795F696D6167655F6B65792A
:102710005F61726561206661696C2100766572692E
:1027200066795F696D6167655F636F64655F696E38
:10273000666F207365637572652076657269667968
:102740002064697361626C652100000076657269BE
:1027500066795F696D6167655F636F64655F696E08
:10276000666F207365637572652076657269667938
:10277000206572726F7221007665726966795F6991
:102780006D6167655F636F64655F696E666F206921
:102790006D616765206964206572726F7221000047
:1027A0007665726966795F696D6167655F636F649D
:1027B000655F696E666F207365637572655F6175CD
:1027C0007468656E74696361746521007665726909
:1027D00066795F696D6167655F636F64655F696E88
:1027E000666F206B65792076657273696F6E206500
:1027F00072726F72210000007665726966795F6996
:102800006D6167655F636F64655F696E666F206D9C
:10281000736964206572726F722100007665726957
:1028200066795F696D6167655F636F64655F696E37
:10283000666F206661696C21000000006A09E66726
:10284000BB67AE853C6EF372A54FF53A510E527FD1
:102850009B05688C1F83D9AB5BE0CD197380166F25
:102860004914B2B9172442D7DA8A0600A96F30BCDE
:10287000163138AAE38DEE4DB0FB0E4EA4A5A20092
:1028800062A5A20032A6A200C4A6A200DEA6A200F3
:10289000FAB8A200E4B8A200DCB8A200E4B8A20032
:1028A000E8B8A200E4B8A200F2B8A200E4B8A2001E
:1028B000E4B8A200E4B8A200E4B8A200E4B8A20020
:1028C000E8B8A200F2B8A2000110200098B9A20056
:1028D000000000002EB9A20020B9A20012B9A20087
:1028E00004B9A20004B9A200D6B6A200ECB6A200B8
:1028F00022B7A2000000000000B8A200E0B7A200CA
:1029000000000000000000000000000000000000C7
:1029100004B7A20078B6A2008AB6A20000000000A8
:1029200000000144001001440020014439C6FFFFAB
:10293000C106004001010004020000000000000088
:1029400019000000010000001100000039C6FFFF5F
:10295000C10600409102002001010004190000009E
:1029600059400000D9490000D9550000596B0000BA
:1029700059F70000010000001100000000400000B5
:102980000040000091290000004000000103050004
:1029900000000103350101000200000000000000FA
:1029A000C840160000004000040000005C29A3009D
:1029B0007429A3004C29A3008C29A300FFFFFF006A
:1029C00000000800030000004029A3004429A300E0
:1029D0002C29A3003829A3004E6F206E6565642062
:1029E000746F20666978205352210D0A00000000A0
:1029F000535220666978206F6B210D0A0000000099
:102A0000535225645B307825785D206E656564736C
:102A100020666978696E672C206578706563745BE1
:102A2000307825785D0D0A000000080003000800DA
:102A3000A0000300700220000300900208000300C1
:102A4000980208000300A00200010300A003200078
:102A50000300C00301000300E80308000300300680
:102A600030000300600630000300900630000300D1
:102A7000C00630000300F00680000300A002000141
:102A800003006F040100030060040F0003007004E2
:102A90001000030070073000030000002000000059
:102AA000307800007570646174655F726573657479
:102AB0005F636F756E742000524F4D7C6465666174
:102AC000756C745F68616E646C6572203A20696E23
:102AD00074657272757074206964785B25645D0A30
:102AE00000000000524F4D7C4F6F7073202D206806
:102AF000617264206661756C740D0A00524F4D7CE2
:102B0000657863657074696F6E3A25780D0A000008
:102B1000524F4D7C4F6F70733A4E4D490A00000082
:102B2000524F4D7C4F6F7073202D20696E736E2055
:102B300070616765206661756C740D0A00000000A5
:102B4000524F4D7C4F6F7073202D206C6F6164204D
:102B500070616765206661756C740D0A0000000085
:102B6000524F4D7C4F6F7073202D206C6F636B2024
:102B700075700D0A00000000524F4D7C4F6F70734E
:102B8000202D2073746F7265207061676520666107
:102B9000756C740D0A000000524F4D7C4F6F7073BE
:102BA000202D2065627265616B0D0A00524F4D7CCD
:102BB0004F6F7073202D20656E7669726F6E6D6534
:102BC0006E742063616C6C2066726F6D204D2D6D8C
:102BD0006F64650D0A000000524F4D7C4F6F70739B
:102BE000202D20656E7669726F6E6D656E74206340
:102BF000616C6C2066726F6D20532D6D6F64650D76
:102C00000A000000524F4D7C4F6F7073202D2065DD
:102C10006E7669726F6E6D656E742063616C6C2088
:102C200066726F6D20552D6D6F64650D0A00000092
:102C3000524F4D7C4F6F7073202D20696E737472EC
:102C4000756374696F6E2061636365737320666179
:102C5000756C740D0A000000524F4D7C4F6F7073FD
:102C6000202D20696C6C6567616C20696E737472CD
:102C7000756374696F6E0D0A00000000524F4D7C41
:102C80004F6F7073202D20696E7374727563746951
:102C90006F6E2061646472657373206D6973616C1B
:102CA00069676E65640D0A00524F4D7C4F6F7073FB
:102CB000202D206C6F6164206163636573732066EF
:102CC00061756C740D0A0000524F4D7C4F6F70732C
:102CD000202D206C6F6164206164647265737320C1
:102CE0006D6973616C69676E65640D0A00000000B0
:102CF000524F4D7C4F6F7073202D2073746F72652F
:102D000020286F7220414D4F2920616363657373E2
:102D1000206661756C740D0A00000000524F4D7CF6
:102D20004F6F7073202D2073746F726520286F723F
:102D300020414D4F292061646472657373206D6971
:102D400073616C69676E65640D0A0000524F4D7CBB
:102D50004F6F7073202D20756E6B6E6F776E2065D0
:102D60007863657074696F6E0D0A0000524F4D7C78
:102D70002A2A2A2A2A2A2A2A2A2A2A2A2A2A45784A
:102D800063657074696F6E20496E666F726D6174F1
:102D9000696F6E2A2A2A2A2A2A2A2A2A2A2A2A2ACB
:102DA0002A200A00524F4D7C75774578635479701C
:102DB00065203D20307825780A000000524F4D7C78
:102DC0006D657063202020202020203D2030782554
:102DD000780A0000524F4D7C6D73746174757320D6
:102DE0002020203D20307825780A0000524F4D7C6D
:102DF0006D7476616C2020202020203D20307825C5
:102E0000780A0000524F4D7C6D6361757365202018
:102E10002020203D20307825780A0000524F4D7C3C
:102E200063636175736520202020203D2030782564
:102E3000780A0000524F4D7C726120202020202013
:102E40002020203D20307825780A0000524F4D7C0C
:102E500073702020202020202020203D2030782545
:102E6000780A0000524F4D7C6770202020202020DF
:102E70002020203D20307825780A0000524F4D7CDC
:102E800074702020202020202020203D2030782514
:102E9000780A0000524F4D7C7430202020202020E2
:102EA0002020203D20307825780A0000524F4D7CAC
:102EB00074312020202020202020203D2030782523
:102EC000780A0000524F4D7C7432202020202020B0
:102ED0002020203D20307825780A0000524F4D7C7C
:102EE00073302020202020202020203D20307825F5
:102EF000780A0000524F4D7C733120202020202082
:102F00002020203D20307825780A0000524F4D7C4B
:102F100061302020202020202020203D20307825D6
:102F2000780A0000524F4D7C613120202020202063
:102F30002020203D20307825780A0000524F4D7C1B
:102F400061322020202020202020203D20307825A4
:102F5000780A0000524F4D7C613320202020202031
:102F60002020203D20307825780A0000524F4D7CEB
:102F700061342020202020202020203D2030782572
:102F8000780A0000524F4D7C6135202020202020FF
:102F90002020203D20307825780A0000524F4D7CBB
:102FA00061362020202020202020203D2030782540
:102FB000780A0000524F4D7C6137202020202020CD
:102FC0002020203D20307825780A0000524F4D7C8B
:102FD00073322020202020202020203D2030782502
:102FE000780A0000524F4D7C73332020202020208F
:102FF0002020203D20307825780A0000524F4D7C5B
:1030000073342020202020202020203D20307825CF
:10301000780A0000524F4D7C73352020202020205C
:103020002020203D20307825780A0000524F4D7C2A
:1030300073362020202020202020203D203078259D
:10304000780A0000524F4D7C73372020202020202A
:103050002020203D20307825780A0000524F4D7CFA
:1030600073382020202020202020203D203078256B
:10307000780A0000524F4D7C7339202020202020F8
:103080002020203D20307825780A0000524F4D7CCA
:1030900073313020202020202020203D2030782532
:1030A000780A0000524F4D7C7331312020202020BF
:1030B0002020203D20307825780A0000524F4D7C9A
:1030C00074332020202020202020203D203078250F
:1030D000780A0000524F4D7C74342020202020209C
:1030E0002020203D20307825780A0000524F4D7C6A
:1030F00074352020202020202020203D20307825DD
:10310000780A0000524F4D7C743620202020202069
:103110002020203D20307825780A0000524F4D7C39
:103120002A2A2A2A2A2A2A2A2A2A2A2A2A2A457896
:1031300063657074696F6E20496E666F726D61743D
:10314000696F6E20656E642A2A2A2A2A2A2A2A2A68
:103150002A2A2A2A2A200A00524F4D7C6E6D695F66
:1031600068616E646C6572203A20696E7465727273
:10317000757074206964785B25645D0A0000000046
:103180005B5550475D20676574206D7369642066E8
:1031900061696C2C7265743D307825780D0A0000E9
:1031A0005B5550475D206D7369642077726F6E6761
:1031B000210D0A00636865636B5F766572696679E5
:1031C0005F656E61626C652065667573655F7265CB
:1031D00061645F6974656D206661696C5B30782538
:1031E000785D2100726F6F746B657920696D61671E
:1031F000652069645B307825785D206572726F7236
:10320000210000007665726966795F726F6F746B7A
:103210006579207570675F63616C635F686173686F
:103220005F6469726563746C79206661696C5B3098
:103230007825785D000000007665726966795F72B6
:103240006F6F746B65792065667573655F72656114
:10325000645F6974656D206661696C5B30782578A0
:103260005D0000007665726966795F726F6F746BDE
:1032700065792068617368206D656D636D70206687
:1032800061696C21000000005B5550475D20707241
:103290006F67726573732063616C6C6261636B202E
:1032A000726567697374206661696C65640D0A00F4
:1032B0005B5550475D207570672070657263656E61
:1032C00074203A20000000003100000020250D008D
:1032D0005B5550475D20696E6974206661696C6555
:1032E00064210D0A000000005B5550475D20696EA7
:1032F0006974204F4B2100005B5550475D2075706D
:10330000675F696E69745F637279746F5F63666724
:10331000206D656D6370795F7320656E63727920CF
:1033200073616C74206661696C2E200D0A000000C8
:103330005B5550475D207570675F696E69745F63A8
:103340007279746F5F636667206D656D6370795F16
:10335000732064656372792073616C74206661699F
:103360006C2E200D0A0000005B5550475D207570E3
:10337000675F696E69745F637279746F5F636667B4
:10338000206D656D6370795F7320656E637279205F
:103390006976206661696C2E200D0A005B555047E6
:1033A0005D207570675F696E69745F637279746FB1
:1033B0005F636667206D656D6370795F7320646518
:1033C000637279206976206661696C2E200D0A008F
:1033D0005B5550475D206472765F726F6D5F636905
:1033E000706865725F73796D635F696E697420667A
:1033F00061696C2C20726574203D20307825782E10
:10340000200D0A005B5550475D206472765F726F35
:103410006D5F6369706865725F6372656174655F33
:103420006B6579736C6F7420656E63727920666169
:10343000696C65642C20726574203D203078257895
:103440002E200D0A000000005B5550475D2064727D
:10345000765F726F6D5F6369706865725F637265D6
:103460006174655F6B6579736C6F742064656372FA
:1034700079206661696C65642C20726574203D203A
:10348000307825782E200D0A000000005B5550474B
:103490005D207570675F64656372795F666F7461E4
:1034A0005F706B743A6472765F726F6D5F636970A0
:1034B0006865725F73796D635F6465637279707458
:1034C000206661696C65642C20726574203D203033
:1034D000782578200D0A00005B5550475D207570F7
:1034E000675F656E6372795F666F74615F706B743E
:1034F0003A6472765F726F6D5F6369706865725F60
:1035000073796D635F646563727970742066616955
:103510006C65642C20726574203D203078257820FD
:103520000D0A0000524F4D7C5B70616E69635D69EE
:10353000643A25642C636F64653A307825782C638F
:10354000616C6C3A30782578000000005B5550477C
:103550005D207570675F6765745F75706772616421
:10356000655F666C61675F666C6173685F737461E9
:1035700072745F61646472206661696C0D0A000098
:103580005B5550475D207570675F616C6C6F635F62
:10359000616E645F6765745F757067726164655FB3
:1035A000666C6167207570675F6D616C6C6F63201E
:1035B0006661696C0D0A00005B5550475D207570AF
:1035C000675F616C6C6F635F616E645F6765745F9A
:1035D000757067726164655F666C616720726561B2
:1035E0006420666C617368206661696C0D0A000076
:1035F0005B5550475D207570675F666C6173685FEF
:103600007265616420666C6167206661696C0D0A91
:10361000000000005B5550475D207772697465209B
:10362000636F6D706C6574653A20307825780D0A8B
:10363000000000005B5550475D207570675F666C49
:103640006173685F77726974652075706772616411
:10365000657220666C6167206661696C2E207265F8
:1036600074203D20307825780D0A00005B555047C6
:103670005D2072657472792074696D657320616C68
:103680006C206661696C65640D0A00005B555047EB
:103690005D20686173685F6F7065726174696F6ED9
:1036A0003A206472765F726F6D5F636970686572ED
:1036B0005F68617368206661696C207265745F760B
:1036C000616C203D20307825780D0A005B5550470D
:1036D0005D2063616C635F68617368206661696C1B
:1036E00020726574203D20307825780D0A00000096
:1036F0005B5550475D207665726966795F736967CF
:103700006E6174757265206973206661696C2C2026
:10371000726574203D20307825780D0A0000000085
:103720005B5550475D2075706720766572696679D4
:103730002068656164204F4B0D0A00005B555047BF
:103740005D207570675F6765745F706B675F696D3B
:103750006167655F686173685F7461626C6520664C
:1037600061696C0D0A0000005B5550475D20757063
:10377000675F7665726966795F6861736820696DF5
:10378000616765207461626C65204F4B0D0A000013
:103790005B5550475D207570675F6765745F706B40
:1037A000675F696D6167655F686561646572206602
:1037B00061696C0D0A0000005B5550475D20757013
:1037C00067207665726966793A20696D6167652060
:1037D0004944206572726F720D0A00005B555047B4
:1037E0005D207665726966795F666F74615F6B658F
:1037F000795F61726561202D3E2076657269667918
:10380000205348413235360D0A0000005B555047C1
:103810005D207665726966795F666F74615F6B655E
:10382000795F61726561202D3E20766572696679E7
:10383000207369676E65640D0A0000005B55504790
:103840005D20757067207665726966793A206B65D0
:10385000792061726561206572726F722E207265C7
:1038600074203D20307825780D0A00005B555047C4
:103870005D20757067207665726966793A20666F9B
:10388000746120696E666F206572726F722E20728D
:103890006574203D20307825780D0A005B5550472F
:1038A0005D20757067207665726966793A2075705B
:1038B000675F636865636B5F666F74615F696E669F
:1038C0006F726D6174696F6E2E20726574203D2079
:1038D000307825780D0A00005B5550475D207570E3
:1038E00067207665726966793A2066696C65206939
:1038F0006D61676520636865636B206572726F72C6
:103900002E206865616465725F6D61676963203D43
:1039100020307825780D0A005B5550475D20757082
:1039200067207665726966793A20696D61676520FE
:10393000636865636B204F4B2E20696D6167655F1F
:103940006964203D20307825780D0A005B5550478A
:103950005D207570675F7665726966795F6861730F
:10396000683A20686173685F6F7065726174696F2F
:103970006E206661696C207265745F76616C203DB3
:1039800020307825780D0A005B5550475D2076651C
:10399000726966795F666F74615F696E666F202D0C
:1039A0003E20766572696679205348413235360D7E
:1039B0000A0000005B5550475D20766572696679A4
:1039C0005F666F74615F696E666F202D3E2076655D
:1039D00072696679207369676E65640D0A0000007C
:1039E0005B5550475D207570675F766572696679D3
:1039F0005F686173683A206D656D636D7020686102
:103A00007368206661696C2E0D0A00005B55504793
:103A10005D207570675F6765745F7061636B616778
:103A2000655F686561646572206661696C0D0A0096
:103A30005B5550475D20756170695F7570675F7693
:103A400065726966795F66696C65206661696C2C70
:103A500020726574203D20307825780D0A00000022
:103A60005B5550475D207570675F6765745F666979
:103A7000726D776172655F6E756D6265725F696E9A
:103A80005F7061636B616765206661696C2C207291
:103A90006574203D20307825780D0A005B5550472D
:103AA0005D207570675F757067726164655F7265D0
:103AB0007175657374206661696C2E20726574205F
:103AC0003D20307825780D0A000000005B555047F6
:103AD0005D207570675F656E6372795F666F746194
:103AE0005F706B743A6D656D6D6F76655F732066A0
:103AF00061696C65642E0D0A000000005B5550473B
:103B00005D207570675F6C7A6D615F616C6C6F636F
:103B1000206661696C65642121212073697A6520C2
:103B20003D20307825780D0A000000005B55504795
:103B30005D207570675F6C7A6D615F726561645F4F
:103B4000706B745F6465637279206661696C207262
:103B50006574203D20307825782E0D0A0000000085
:103B60005B5550475D207570675F6C7A6D615F646F
:103B700065636F64655F746F5F6275662066616917
:103B80006C20726574203D20307825782E0D0A0057
:103B90005B5550475D206C7A6D616465635F646559
:103BA000636F6465746F627566206661696C20720C
:103BB0006574203D20307825782E200D0A00000005
:103BC0005B5550475D207570675F6C7A6D615F77FC
:103BD000726974655F696D616765206661696C2EE5
:103BE0000D0A00005B5550475D207570675F656E7C
:103BF0006372795F666F74615F706B742066616970
:103C00006C20726574203D2030782578200D0A00E4
:103C1000443000805B5550475D204E6F74206E65C8
:103C2000656420746F20757067726164652E2E2E36
:103C30000D0A00005B5550475D207061636B616742
:103C40006520696E666F20746F74616C3D203078FA
:103C500025782C2066696E6973686564203D203084
:103C60007825780D0A0000005B5550475D2075707F
:103C70006461746520696D616765206E756D62654C
:103C800072203D20307825780D0A00005B555047A2
:103C90005D20757064617465206669726D7761720C
:103CA00065206E756D626572203D20307825780D37
:103CB0000A0000005B5550475D2054686520696D1F
:103CC000616765206861732066696E697368656401
:103CD0002E20696D6167655F6964203D203078251D
:103CE000780D0A005B5550475D207570675F67650A
:103CF000745F706B675F696D6167655F686561645C
:103D00006572206661696C2E0D0A00005B55504794
:103D10005D207570675F7365745F6669726D77614A
:103D200072655F7570646174655F737461747573D7
:103D3000206661696C0D0A005B5550475D20737405
:103D400061727420706572666F726D207570646147
:103D5000746520696D616765203A20307825780D9B
:103D60000A0000005B5550475D207570675F666C08
:103D70006173685F65726173655F6D6574616461CD
:103D800074615F7061676573206661696C2E0D0AEE
:103D9000000000005B5550475D20696D616765203C
:103DA0006465636F6D70726573735F666C61673AAB
:103DB00020307825780D0A005B5550475D206465FA
:103DC000636F6D7072657373207570670D0A000004
:103DD0005B5550475D2064696666207570670D0A03
:103DE000000000005B5550475D2066756C6C2075C7
:103DF00070670D0A000000005B5550475D20737727
:103E00006974636820737461747573203D20307821
:103E100025780D0A000000005B5550475D20706555
:103E200072666F726D2075706461746520696D6172
:103E30006765206F7665722E20726574203D203094
:103E40007825780D0A0000005B5550475D2073749B
:103E500061727420706572666F726D204E562069B3
:103E60006D616765203A20307825780D0A000000E2
:103E70005B5550475D20706572666F726D204E56BF
:103E800020696D616765206F7665722E207265749A
:103E9000203D20307825780D0A0000005B55504702
:103EA0005D207570675F70726F636573735F7570A7
:103EB000646174655F696D6167655F7461736B737D
:103EC000206661696C2C20726574203D2030782555
:103ED000780D0A005B5550475D2061707020736952
:103EE0007A65206973206E6F7420656E6F756768E0
:103EF00021206170705F73697A65203D20307825DC
:103F0000782C206465636F6D70726573735F6C6588
:103F10006E203D20307825780D0A00005B55504713
:103F20005D207570675F6C7A6D615F6465636F6457
:103F300065206661696C20726574203D20307825AB
:103F4000780D0A00BA0DA300E80DA300FC0DA30034
:103F5000420EA300A00EA300A40EA300E20EA30035
:103F6000FA0FA300303132333435363738396162D5
:103F7000636465667800000030313233343536379B
:103F800038394142434445465800000000000000D3
:103F90000000000000000000000000000000000021
:103FA0000000000000000000000000000600000605
:103FB00000010000000003060006020004050505DC
:103FC00005050505050500000000000000000008CB
:103FD00000080808000700000700070000000008AC
:103FE00000000000080007000000000000000008BA
:103FF0000808080807080700070000080807000865
:10400000070800070800070000000000000000008B
:1040100000000000000000000000000000000000A0
:104020000000000000000000000000000000000090
:104030000000000000000000000000000000000080
:104040000000000000000000000000000000000070
:104050000000000000000000000000000000000060
:104060000000000000000000000000000000000050
:104070000000000000000000000000000000000040
:104080000000000000000000000000000008080818
:1040900008080800000100080808080801000004DA
:1040A00004040808080000000303080508080000CD
:1040B00000020203050508000000030303050508CC
:1040C00000000002020208080800000006060606BA
:1040D00006060000000707070707070000000000AA
:1040E0001F00000056AAA20024AAA200000000009F
:1040F0000000000084AAA2000000000000000000F0
:1041000018ABA200B0ABA200E4AAA200000000001D
:1041100050ACA20000000000000000000100000000
:104120000500000000000000010000000100000088
:104130000200000002000000030000000D00000368
:104140000800000013000003140000001500000325
:10415000160000001500000300000000130000031B
:10416000010000000D00000302000000000000003C
:104170000100000001000000020000000200000039
:10418000030000000D0000030700000013000003FF
:10419000150000001500000317000000E0B9A200A0
:1041A000ACB6A20088B7A2003AB7A20060B7A200DE
:1041B0000000000006BBA20004BBA2007EBBA20060
:1041C000F0BAA200EEBBA2006ABBA200DEBAA20057
:1041D00008BBA200FABAA20000000000000018000C
:1041E00000000000050100030100000000801C0029
:1041F00000000000030100030200000000000000B6
:1042000000000000010101070300000000000000A1
:104210000000000005010107040000000000A000EC
:10422000000000000101010700366E01007D000062
:10423000180000000060004000366E0164000000BD
:1042400050C30000308000442C80004400880044AB
:1042500003FFFFFF2D3C1E4B010000002D2D0F4BD7
:10426000200000002DA5875A310000002D3C1E4B78
:104270002D2D0F4B3C069ECB2DA5875A6C42A300DB
:1042800004000000D6DBA200286E696C2900000043
:10429000286E756C6C290000280000006E0000007C
:1042A000750000006C0000006C0000002900000098
:1042B000000000000000000000000000001FA3003C
:0842C000FFFFFFFF00000000FA
:1042C80000000000000000000000000000000000E6
:1042D80000000000000000000000000000000000D6
:1042E80000000000000000000000000000000000C6
:1042F80000000000000000000000000000000000B6
:1043080000000000000000000000000000000000A5
:104318000000000000000000000000000000000095
:104328000000000000000000000000000000000085
:104338000000000000000000000000000000000075
:104348000000000000000000000000000000000065
:104358000000000000000000000000000000000055
:104368000000000000000000000000000000000045
:104378000000000000000000000000000000000035
:104388000000000000000000000000000000000025
:104398000000000000000000000000000000000015
:1043A8000000000000000000000000000000000005
:0C43B800000000000000000000000000F9
:0400000500A28300D2
:00000001FF
