0040006F
00000293
3A029073
00000293
3A129073
00000293
3A229073
00000293
3A329073
00000293
7D929073
FFFDD297
7DC28293
00050313
00032E03
01C2A023
00009297
47C28293
00128293
30529073
30005073
30405073
0000C197
77018193
FFFDD117
9A010113
FFFDB297
D9828293
FFFDD317
19030313
00628C63
EFBEB3B7
DDE38393
0072A023
00428293
FE62CCE3
00000093
00000213
00000413
00000493
00000513
00000593
00000613
00000693
00000713
00000793
00000813
00000893
00000913
00000993
00000A13
00000A93
00000B13
00000B93
00000C13
00000C93
00000D13
00000D93
00000E13
00000E93
00000F13
00000F93
FFFDD297
10828293
FFFDD317
70830313
00628A63
00000393
0072A023
00428293
FE62CCE3
25D0006F
00A316C0
00A2D37C
00A2D37C
00A2D37C
00A2D37C
00A2D37C
00A2D37C
00A2D37C
00A2D37C
00A2D37C
00A2D37C
00A2D37C
00A2D390
00A2D37C
00A2D37C
00A2D37C
00A2D37C
00A2D37C
00A2D37C
00A2D37C
00A2D37C
00A2D37C
00A2D37C
00A2D37C
00A2D37C
00A2D37C
00A2CF58
00A2CF58
00A2CF58
00A2CF58
00A2CF58
00A2CF58
00A2CF58
00A2CF58
00A2CF58
00A2CF58
00A2CF58
00A2CF58
00A2CF58
00A2CF58
00A2CF58
00A2CF58
00A2CF58
00A2CF58
00A2CF58
00A2CF58
00A2CF58
00A2CF58
00A2CF58
00A2CF58
00A2CF58
00A2CF58
00A2CF58
00A2CF58
00A2CF58
00A2CF58
00A2CF58
00A2CF58
00A2CF58
00A2CF58
00A2CF58
00A2CF58
00A2CF58
00A2CF58
00A2CF58
00A2CF58
00A2CF58
00A2CF58
00A2CF58
00A2CF58
00A2CF58
00A2CF58
00A2CF58
00A2CF58
FFFFFFFF
FFFFFFFF
04118082
3FEDC022
907342D2
5D823412
5CA25D12
5BC25C32
5AE25B52
49865A72
44A64916
4FC64436
4EE64F56
58864E76
57A65816
56C65736
55E65656
438A5576
42AA431A
614940BA
30200073
A0394701
00388118
45222021
811445B2
883288B6
8E2E87AA
F163EEDD
66C112C5
1CD66A63
010006B7
3AD66563
01865313
C69748E1
A6830000
969ACEE6
03132294
98B60200
41130333
00030C63
006595B3
011558B3
00661833
00B8EE33
006517B3
01085E93
03DE5F33
01081613
D6938241
75B30107
0FB303DE
A69B03E6
FA6320B6
96C201F6
FFFF0593
0106E463
37F6E563
85B38F2E
D53341F6
969303D5
82C10107
03D5F5B3
02A60633
20B6A79B
00C7FA63
069397C2
E463FFF5
EB630107
853632C7
251B8F91
458121E5
D7B3C711
C31C0067
00072223
F9638082
0F6300D5
C3081207
4501C34C
80824581
ED6367C1
07B70EF6
EA630100
D8932CF6
48610186
0000C797
C247A783
C30397C6
0E930007
93420200
406E8EB3
180E9563
00B6E463
2EC56363
40C50633
00C53533
8E338D95
450540A5
D34D4581
2223C310
808201C7
4685E601
02C6D833
606366C1
06B70CD8
68630100
561326D8
48E10188
0000C697
BC86A683
229096B2
02000313
03339646
186340C3
1E930A03
86B30108
5F134105
DE930108
4585010E
0107D893
03E6DE33
03E6F6B3
03DE0633
20D8A69B
00C6FA63
051396C2
E463FFFE
EB630106
8E2A24C6
40C68633
03E65533
01079693
763382C1
08B303E6
A79B03D5
FA6320C6
97C20117
FFF50693
0107E463
2117EB63
87B38536
251B4117
B5DD21C5
0FF00793
1ED7F363
0086D893
B7294821
06938332
FCE30FF0
5313E2C6
48A10086
8642B53D
0FF00693
F506F6E3
00885613
B78948A1
45014581
18338082
D8B30068
5F1300C5
DFB30108
1E9303E8
95B30108
56330065
DE9300C5
8E4D010E
01065E13
006517B3
03E8F8B3
03FE85B3
211E251B
00B57B63
86939542
6463FFFF
72631905
1FF918B5
8D0D9542
03E558B3
75339E21
86B303E5
259B031E
FB6320A6
95C200D5
FFF88613
1505EB63
14D5F963
95C218F9
40D586B3
21F8A59B
5833B5E5
96B30066
66B301D6
D7B300D8
DE130065
DFB30106
989303C7
D8930106
58330108
1F330065
95B301D5
65B301D5
D81300B8
16330105
F7B301D6
853303C7
279B03F8
FB6320F8
97B600A7
FFFF8813
0ED7EB63
0EA7F963
97B61FF9
D5338F89
9DA103C7
03C7F7B3
02A888B3
20F5A59B
0115FB63
079395B6
E263FFF5
F0630CD5
15790D15
63C195B6
21F5251B
FFF38793
00F57833
01055E13
5F938FF1
02B30106
88B302FE
05B34115
083303F8
959602F8
6105859B
03FE0E33
0055F363
67C19E1E
FFB317FD
77B300F5
081B00F8
879B60BE
ED6321F7
89630308
45810308
D4070EE3
40FF07B3
00FF3F33
410888B3
41E888B3
00689333
01D7D7B3
00F367B3
01D8D8B3
2223C31C
80820117
FCFF79E3
40C78633
00C7B7B3
40D80833
40F80833
87B2157D
5613BF6D
48C10108
D893BB51
48410106
4801BB05
5313B335
48C10106
853EB9A9
88B2B799
8FC2BD55
8FB6BF11
1579B549
B3F597C2
97C21579
1F79B1F1
B96196C2
96C21E79
862AB375
B32D4501
F793CA59
A11C0FF5
00C50733
FEF70FA3
032661BB
A13CB11C
FEF70F23
FEF70EA3
07166DBB
0E23B13C
46A1FEF7
06C6F563
40A007B3
07338B8D
8E1D00F5
0FF5F593
0101079F
85B30101
9A7102F5
00C707B3
AE23C30C
F063FEB7
C34C04C6
AA23C70C
AC23FEB7
6C3BFEB7
C74C1906
CB4CCB0C
A223CF0C
A423FEB7
A623FEB7
A823FEB7
7793FEB7
07E10047
46FD97BA
06339732
E36340F7
808200C6
C3CCC38C
C7CCC78C
CBCCCB8C
CFCCCF8C
02078793
87AAB7CD
0035F713
1963C319
F8131606
473D0037
18080E63
20166ABB
41982194
027807BB
0563488D
A3942318
16753194
B394058D
FFF5C683
4E41078D
FED78FA3
0015A303
0055A883
18131641
271B0083
A80370E8
C3980095
00889693
00881713
7117271B
A703C798
A69B00D5
C3D47066
00871693
7106A69B
05C1C7D4
61E307C1
7713FCCE
C3510106
07C12198
882305C1
C703FEE7
88A3FF15
C703FEE7
8923FF25
C703FEE7
89A3FF35
C703FEE7
8A23FF45
C703FEE7
8AA3FF55
C703FEE7
8B23FF65
C703FEE7
8BA3FF75
C703FEE7
8C23FF85
C703FEE7
8CA3FF95
C703FEE7
8D23FFA5
C703FEE7
8DA3FFB5
C703FEE7
8E23FFC5
C703FEE7
8EA3FFD5
C703FEE7
8F23FFE5
C703FEE7
8FA3FFF5
7713FEE7
C3310086
07A12198
8C2305A1
C703FEE7
8CA3FF95
C703FEE7
8D23FFA5
C703FEE7
8DA3FFB5
C703FEE7
8E23FFC5
C703FEE7
8EA3FFD5
C703FEE7
8F23FFE5
C703FEE7
8FA3FFF5
7713FEE7
C3590046
07912198
8E230591
C703FEE7
8EA3FFD5
C703FEE7
8F23FFE5
C703FEE7
8FA3FFF5
A08DFEE7
C7030585
0785FFF5
8FA3167D
BDADFEE7
07C14194
A82305C1
A683FED7
1641FF45
FED7AA23
FF85A683
FED7AC23
FFC5A683
FED7AE23
FCC76EE3
00867713
4198CB11
05A107A1
FEE7AC23
FFC5A703
FEE7AE23
00467713
4198C711
05910791
FEE7AE23
00267713
2198CB11
05890789
FEE78F23
FFF5C703
FEE78FA3
C2198A05
A3982198
A3948082
16793194
B3940589
07894E45
0025A303
0065A883
18131641
271B0103
A80360E8
C39800A5
01089693
01081713
6117271B
A703C798
A69B00E5
C3D46066
01071693
6106A69B
05C1C7D4
61E307C1
BD15FCCE
0585A394
0785167D
A3034E49
A8830035
16410075
01831813
50E8271B
00B5A803
9693C398
17130188
271B0188
C7985117
00F5A703
5066A69B
1693C3D4
A69B0187
C7D45106
07C105C1
FCCE61E3
962AB3DD
00C50C63
2198211C
00E78563
40E78533
05058082
B7ED0585
80824501
F71387AA
E31D0037
FEFF059F
061FFEFE
80808080
87334394
C69300B6
8F75FFF6
CF018F71
C7092398
BFED0785
E7012398
40A78533
07858082
0791B7E9
882ABFE1
87B2872E
02B50F63
06B356F9
88B302D6
88B340A5
E36340C8
B1F50116
00A5C6B3
78638A8D
C6A104B5
97B686AA
00F68A63
46030705
0685FFF7
FEC68FA3
E781BFC5
853A8742
07058082
FFF74603
17FD0685
FEC68FA3
0036F613
460DF27D
FCF677E3
17F1430C
AE230691
0711FEB6
86AABFC5
EE81B7D5
86B3962A
759300F5
87B30036
ED8940E6
E363468D
DBDD02F6
06B317FD
229000F7
00F806B3
BFC5A290
01E3167D
C783FAD7
16FDFFF6
BFC1A21C
063317F1
420C00F7
00F80633
B7F1C20C
30EF8018
27B77390
47114000
10E79823
A001A001
862A8018
45D146D1
5500051F
70EF00A0
C50161F0
80000537
80140511
95028018
BFF18010
40000737
893D471C
8FC99BC1
8082C71C
FFE007B7
306F953E
87B226D0
85BE862E
1650306F
862E87B2
306F85BE
051F0870
00A32000
7D20306F
D6028B58
DA02D802
40003637
23862783
0037D693
0027D713
8B058A85
00E68A63
0047F713
9BF9E711
0027E793
22F62C23
40003737
40872783
0387E793
40F72423
405030EF
10EF451D
45011550
1A1010EF
C200079F
DC3E0001
10800793
079FDE3E
00040102
10EFC0BE
46314180
0808182C
458136AD
30EF0808
30EF5C50
051F4A10
00A3200C
557030EF
673040EF
22A030EF
34F030EF
2028051F
30EF00A3
079F5410
00A28E6E
079FC2BE
00A28E64
079FC4BE
00A28E5A
00C8C6BE
8E50079F
C8BE00A2
35CDCA82
C62A3F0D
20050263
45B030EF
051F45B2
00A32044
515030EF
43F030EF
3A9030EF
3D1030EF
4F4030EF
C62ACD01
437030EF
051F45B2
00A32070
4F1030EF
41B030EF
400037B7
2387A783
0027F693
0087F713
1C068263
05938B85
C3910330
061345E1
C3110330
051F4661
00A32084
4D9030EF
291030EF
195010EF
77A040EF
0513182C
D4020210
631040EF
4783E509
8D630381
05931807
051F1050
00A320B8
48D030EF
0513106C
40EF0200
C91960F0
3B7030EF
216C051F
30EF00A3
30EF4610
353939D0
07B75442
89930020
99A21007
C482C282
C882C682
A7035952
04B30489
879300F4
943E3007
96E1079F
99263C78
1CF71C63
2188051F
30EF00A3
059F4210
00A28080
45198626
85AA2321
26050C63
2210051F
30EF00A3
30EF4170
051F34D0
00A32364
3F7030EF
333030EF
400007B7
893D4788
7163478D
050526F5
3B4933F1
30EF4501
45014B50
467133C1
00C84581
00C83A31
29D040EF
47A6C939
4394CBA9
F333071F
94634B7C
479404E6
10000713
02E69F63
EF054766
071F46F6
8F45BA2F
02E69763
1247A683
86934746
10633006
D69302D7
94BA00C4
44008737
80D72023
83B180B1
82972023
20238F95
07B784F7
53D84000
0207A223
5A5A079F
12635A5A
30EF04F7
10EF2A50
051F01B0
00A322D4
34B030EF
4509182C
DE02DC02
C282C082
C682C482
4D5040EF
00CC84AA
40EF4505
8D454CB0
20050363
22F0051F
30EF00A3
10EF31D0
85227DE0
8B5439E5
205C051F
30EF00A3
B5293090
03300593
45E1C311
20A0051F
30EF00A3
B5A93070
40EF1028
55223880
06C00593
40EF00D0
85AA4160
051FC509
00A320D8
4716BDA1
55AA079F
1A6355AA
573A00F7
AA55079F
1463AA55
57AA00F7
051FE799
00A320F0
2AF030EF
30EFBD15
051F1F50
00A32108
29F030EF
43B050EF
800037B7
04778693
00A32737
02D50463
04078793
02F50063
0513CD11
30EF1187
051F2790
00A32134
26F030EF
1AB030EF
B3FD3931
11870513
25F030EF
2150051F
B7DD00A3
012467B3
0FF7F793
30EFCF89
864A1950
051F85A6
00A321A0
269030EF
177030EF
051F36E5
00A321BC
22B030EF
04C98793
47F1C4BE
4641C6BE
00CC4785
08230808
F0EF04F1
0808811F
1F1000EF
C62ACD09
14F030EF
051F45B2
00A321D4
209030EF
133030EF
47413655
06C98693
85A2864A
00EF4501
CD0922B0
30EFC62A
45B21250
21E8051F
30EF00A3
30EF1DF0
3EAD1090
06374685
85CA00A0
00EF4505
0CE32490
C62AD805
0FB030EF
051F45B2
00A321FC
1B5030EF
0DF030EF
BBB53E81
852685A2
85AA2195
DA050AE3
2230051F
B34100A3
72E34799
0505DAF5
00C836A5
40EFC282
85AA5490
4516E119
051FE519
00A32250
175030EF
50EFB349
85AA4F00
051FC509
00A3226C
50EFB7F5
85AA5B20
051FC509
00A32284
50EFBFF1
85AA6180
051FC509
00A322A4
051FB7F1
00A322C0
127030EF
45B6B399
30EF4526
85AA58C0
051FC511
00A32314
121030EF
460657F2
05B74526
95BE0020
470030EF
C51185AA
2334051F
30EF00A3
051F1030
00A32354
0E7030EF
023030EF
26B7B3D9
871300A3
478141C6
41C68693
48834839
94630007
488302A8
90630017
97DB02B8
43DC0CF6
80634501
801802C7
239C051F
30EF00A3
557D0A90
07858014
98E30731
4781FD07
8082B7C5
57FD8118
05934605
451D00F1
00F107A3
65E030EF
051FC901
00A323E0
077030EF
8114557D
00F14783
FFE54501
80000537
BFC50509
842A8138
461184AE
4519006C
30EFC602
C90162C0
23AC051F
30EF00A3
557D0450
47B28134
8C3D4501
D87D8C65
23CC051F
B7E500A3
09138448
84AA0201
852E8436
02000693
864A85B2
C602C402
C002C802
CA02C202
CE02CC02
61F000EF
051FC909
00A324C4
7FA030EF
853E57FD
07938444
C4260200
8493CA22
04130204
08500204
0028858A
C03EC83E
C626CE3E
CC22C24A
5DF000EF
D9714781
24F4051F
B7D900A3
84AA8138
858A4641
C0024505
C402C202
30EFC602
C9095880
2368051F
30EF00A3
547D7A00
81348522
4641842A
850A85A6
82BFF0EF
051FD965
00A32388
8138B7CD
00A32737
069384B2
842E41C7
4781C602
41C70713
228C4639
02A59463
0CF717DB
006C2788
30EF4611
87AA5340
009475B3
051FC115
00A323AC
746030EF
8134557D
06B10785
FCC799E3
BFE14501
FFF58713
07858DF9
4632FDE5
EA018E65
F0E34501
051FFEB7
00A32404
0713BFC1
8E79FFF6
B7E50585
09638048
07931C06
0563F000
84321CF6
84AA892E
07B73595
07898000
02F51563
25AC051F
30EF00A3
35B96E40
800007B7
1E630789
051F0EF5
00A3271C
6CE030EF
85224401
183B8044
051FFF05
00A325DC
6BA030EF
15C0041F
051F8000
00A32700
6AA030EF
C491BFF9
FFE48793
F8BB9F81
079F0207
00A05514
85BB439C
051F0507
00A32608
686030EF
15C1041F
B7F18000
45814010
3B618526
051FC911
00A32638
66A030EF
15C2041F
BF458000
0C040693
0C000613
854A85A2
C9113525
2660051F
30EF00A3
041F6480
800015C3
CC99B779
504C5410
3D558526
051FC911
00A3268C
62A030EF
15C4041F
BF858000
5448580C
C9113B75
26B8051F
30EF00A3
041F6100
800015C5
5858BF99
C812079F
1EE32A13
0513F0F7
3D1D0384
F00509E3
26DC051F
30EF00A3
041F5E80
800015C6
173BB73D
051FFF05
00A3274C
5D2030EF
15C0041F
051F8000
00A3281C
2603BF21
45851004
09138526
39E11004
051FC911
00A32778
5AA030EF
15C2041F
BFE18000
28040693
18000613
051385CA
339D0804
051FC911
00A327A0
586030EF
15C3041F
BF558000
2603C08D
25830149
85260109
C91133FD
27CC051F
30EF00A3
041F5640
800015C4
2583BF49
250301C9
39CD0189
02E3842A
051FE805
00A327F8
542030EF
15C5041F
BF858000
15CA041F
B5A58000
07938248
0763F000
C5AD06F5
842A84AE
02000613
09134581
850A1005
A64FF0EF
12442583
02000693
8526860A
31B000EF
051FC105
00A32530
4F6030EF
15C7041F
051F8000
00A3258C
4E6030EF
82448522
12840593
02000613
F0EF850A
4401D70F
051FD575
00A32560
4C6030EF
15C8041F
BFC18000
15CA041F
BFC98000
24F38038
77F33000
54373004
079300A0
239E5244
52440413
EB899FA1
551C079F
439C00A0
8586C781
97824501
5518079F
439C00A0
8586C789
45012012
201E9782
EB899FA1
C493808D
88850014
5520079F
C38400A0
0785201E
A01E9FA1
9FA1201E
0593EB81
05130630
80300310
44E0406F
0FF0000F
0FF0000F
80388034
00A05437
52440793
9FA1239E
0593EB81
051306F0
80300310
4260406F
52440413
8486201E
9FA117FD
079FA01E
00A05518
C789439C
20128586
97824505
9FA1201E
079FE785
00A0551C
C781439C
450585A6
079F9782
00A05520
E399439C
300467F3
0FF0000F
0FF0000F
80188034
46B1862A
051F45B1
00A05528
3B4070EF
80144501
842E8038
460146E1
84AA45E1
41C070EF
FF840793
5534071F
851300A0
9BF101B4
CB1C9971
8F8917E1
9FA1C748
C71CA15E
8793679D
A17E0747
00052023
B7C98034
00A056B7
53468793
869347DC
E3995346
80824501
23F2DD75
0813671D
06630747
07130106
15E3C6C7
050DFEE6
671D9971
48819D21
07470613
00850813
C6C70313
0067DE03
126323DA
756304CE
8F0902E8
1761983E
00E81223
00C81323
0713671D
C38CC6C7
4298A3FA
953AA3CA
8513C288
80820087
00A76B63
0613661D
C38CC6C6
4290A3F2
C2989732
0721B7DD
4A9897BA
00E7EF63
F6089EE3
235E46D8
0106AE03
08B307A1
EA6300F7
46DC01C8
23FA4885
F86708E3
F8C706E3
5E03BFA1
1B630067
DE0300CE
17630068
D88300CE
97C60048
88BAA35E
B7D18746
85868018
B70D8010
5703C50D
079FFFE5
00006C6C
00F71F63
8793679D
1F230747
071FFEF5
00A05534
FFC55683
97B6435C
4501C35C
BFC98082
3B4D8018
80144501
8168B51D
84AE842A
097020EF
246010EF
490189AA
16634A05
000F0099
45010FF0
40588164
28033454
28830004
245C0084
3468246C
00275613
01468763
071B177D
56134317
F7130027
47830077
8A8D00D1
00A10623
0E07F793
A79B8FD9
F79306D7
A79B07F7
C2420EB7
06A3C432
A78300F1
00480009
97820441
0905F545
8E78BF69
8AAE892A
458184B2
04000613
C63A1008
843E8A36
F1DFE0EF
08000613
10884581
F11FE0EF
4732CE02
000A9463
8E74557D
FE0A0EE3
010007B7
FEF4FAE3
20F71C3B
9100079F
09630216
061F0CF9
00A3283C
852285CA
77A000EF
F913F979
89B303F4
9F634124
06930A09
46010800
08000593
70EF1088
86CA1DE0
013A8633
08000593
70EF1088
F15D1520
97CA119C
F8000713
F8E78023
04000993
3809623B
08000993
00349713
01B49613
FF00079F
C79B0000
261B50E7
8E5D70E6
00FF07B7
1697C49B
85138E45
109CFFC9
4691CE32
45910870
70EF953E
F9391020
864E4695
8522108C
6F6000EF
4581F529
00EF8522
F1216F40
04000613
8522100C
6EE000EF
0693F90D
10100200
02000593
70EF8552
35330CA0
053300A0
BF2140A0
285C061F
BF0D00A3
864E4695
852285D6
12E3257D
4581F005
25758522
EE051DE3
45814601
25658522
F20503E3
8248B5ED
84AA8432
892E4639
01210513
E0EF4581
0793DDBF
08230200
458100F1
00484785
08A3C622
092300F1
0B2300F1
0C2300F1
24F900F1
ED0D842A
2E910028
E91D842A
45224612
2E4D4581
E10D842A
006C4522
842A21A1
4522E901
215585CA
E119842A
C09C4792
45224612
2EC54581
2E994522
82448522
24C54088
ACF1BFE5
46398238
84AA4581
01210513
D61FE0EF
000D079F
C63E0300
02000793
00F10823
47850028
00F108A3
00F10B23
00F10C23
842A24CD
4522E515
45894601
842A2681
4522ED11
2ED9006C
E509842A
85A64522
842A290D
46014522
26514589
24ED4522
82348522
842E8348
84AA8932
45814661
C6360828
E0EFC43A
4789CF7F
D43E46B2
10100793
CA4AC822
1623CE22
557D02F1
4722CE81
1007153B
85B64641
29714501
080CE501
21558526
A3258344
48038168
18BB0301
07371046
04630162
07370008
75131162
77131FF5
8F49E007
441044B7
8A3E8946
A823842E
000F10E4
A2230FF0
000F1004
099F0FF0
00A055AC
0009A703
554C051F
071600A0
00E50633
0741420C
01162223
0035E593
DFF5F593
C614C20C
00062623
862246C1
953A45C1
6F5060EF
0009A703
558C069F
869B00A0
070508E6
A0238B05
A22300E9
A4230126
A6230146
D6B70006
5A9C4410
00178713
F7938B05
8FD9F007
000FDA9C
A7830FF0
87131304
8B050017
F007F793
A8238FD9
000F12F4
049F0FF0
00002710
4410C937
278379C1
F7130009
F7B30027
8FD90137
2023CF0D
000F00F9
97B70FF0
A7034410
46C10807
C03A860A
0847A703
852245C1
A703C23A
C43A0887
08C7A783
60EFC63E
CD016570
04000513
4505A809
236D14FD
0513F8CD
A0110B40
8164557D
441007B7
D3984741
0FF0000F
441047B7
554C071F
A22300A0
000F12E7
46890FF0
12D7A623
0FF0000F
4410D737
558C061F
D35000A0
0FF0000F
000FD714
071F0FF0
8000AA00
10E7A023
0FF0000F
80824501
441007B7
0207A023
0FF0000F
80824501
43058118
35BDC01A
079F8114
00A055B0
01C7A303
00030363
45058302
45058082
57FD8082
CE99C105
94634781
57FD00B7
872AA811
28030521
1763FF85
435C00C8
4781C29C
8082853E
B7C50785
57FD8158
E119C63E
8154557D
0205933B
00052023
BFD54501
9BBBC195
498901F5
892A842E
85A24481
10EF8526
C62A13A0
C79947B2
98E30485
B7F9FE99
B7CD49A1
FD34F4E3
550005B7
2085A59B
20238CCD
45320099
C515BF5D
01855793
550797BB
01055793
0FF7F793
68634705
169300F7
82C10105
E33BE789
557D0806
6EE38082
5593FED7
9D810105
106F9D21
E1191760
8082557D
842A8038
00A05537
5D450493
02400693
05934601
05130240
60EF5D45
478555B0
02F48023
4B5A079F
C01C2D3C
80344501
079F8028
2D3C4B5A
1363547D
553702F5
079300A0
C7835D45
44010207
0693CB91
46010240
02400593
5D450513
519060EF
80248522
57FD8148
079FC63E
2D3C4B5A
04F51963
00A05437
5D440793
0207C783
5D440413
C385557D
893284AE
0FF67593
0204863B
852685B2
382010EF
47B2C62A
C399458D
81444532
10EF8526
C62A2E60
FBED47B2
2E234785
A0440124
02F400A3
557DB7D5
079FB7CD
2D3C4B5A
02F51A63
55D4079F
C70300A0
557D0207
23D8C31D
02B71163
1E634FD8
C70300C7
45010217
80A3CB09
AE230207
82230007
80820007
8082557D
57FD8138
E199C63E
8134557D
4B5A079F
1BE32D3C
049FFEF5
00A055D4
0204C783
862ED7E5
46D1842E
851345D1
60EF0084
C62A3C70
FBE947B2
304C2050
10EF2068
C62A1E40
C39947B2
B7C14532
00740513
274010EF
47B2C62A
401CFBE5
4785C09C
02F48123
8238B7D5
C43E57FD
C802C602
CC02CA02
E199CE02
A895557D
DFED41DC
842E219C
8E3B84AA
079F0107
2D3C4B5A
FEF494E3
00A054B7
5D448793
0207C703
5D448493
C783DB71
D7F90227
82BB203C
CB910107
02F7913B
00F108A3
4505A039
F5613BAD
08A3BF55
409C0001
201CC63E
00F10823
CA3E405C
CC3E441C
0E23245C
10EF00F1
C42A0AA0
C39947A2
82344522
4D5000EF
47A2C42A
0068E385
55B000EF
47A2C42A
20D0EB81
85A24532
23C010EF
47A2C42A
4F3000EF
0CE010EF
8118BFC1
C63E57FD
376010EF
4532C62A
81488114
C63E57FD
0015B793
40F007B3
47B2C63E
4532C399
4D848144
842E41D0
892A418C
2BE010EF
47B2C62A
4850F7ED
854A480C
2D0010EF
47B2C62A
94BBFFE9
440C0304
10EF854A
C62A2C20
F7E147B2
854A85A6
2B8010EF
47B2C62A
2C4CFFCD
10EF854A
C62A2E40
F7D547B2
854A444C
346010EF
47B2C62A
3C5CFFD9
854ADFC9
2CA010EF
47B2C62A
8228B779
C63657FD
842ACE3E
24E010EF
47F2CE2A
C39946B2
82244572
8522DEF5
2A2010EF
47F2CE2A
031FBFC5
00102FD4
031F8302
00102D8A
031F8302
00102DAA
031F8302
00102EB4
031F8302
00102F28
031F8302
001030FC
031F8302
0010262A
81288302
4505842A
C432C62E
3F75C236
45B24622
86B24712
862E4785
9100051F
85A20116
FE6FF0EF
4505842A
8522375D
80488124
F50FF0EF
55F8079F
239C00A0
F0EFEB81
4401F4AF
85224481
804485A6
10EF892A
842A7710
84AE854A
F30FF0EF
8128B7ED
842A37F9
10EFC62E
45B27690
4240079F
3733000F
862A02F4
85B34681
053302F5
95BA02F4
AACFE0EF
80488124
EF4FF0EF
55F9091F
478300A0
C7910009
EECFF0EF
85224401
84AA8044
23E010EF
C509842A
F0EF8526
B7F5ED6F
00234785
BFCD00F9
F0EF8048
079FEBEF
00A055F9
EB81239C
EB8FF0EF
44814401
85A68522
892A8044
232010EF
854A842A
F0EF84AE
B7EDE9EF
55F9079F
239C00A0
8048C3B1
10EF842A
07936E30
05B33E80
343302F4
84B302F4
043302A5
B5B302A4
942E02A5
89333755
34B300A4
95A20099
3F5994AE
FE95EFE3
00B49463
FF256BE3
80444501
8082557D
55F9079F
239C00A0
8048CB8D
10EF842A
04B36930
343302A4
379D02A4
00A48933
009934B3
9426942E
EFE33FA1
1463FE85
6BE300B4
4501FF25
557D8044
80388082
00A05737
60070793
18A797DB
862E4394
2BCE842A
60070493
47C8C299
945B9682
1A231884
80340004
0305763B
CA09C991
55FC079F
953E00A0
C799211C
80824501
80000537
80820505
1040051F
80828000
5648079F
955B00A0
411C4CA7
0087A303
00030663
47CC43D0
83024388
07938082
07B304C0
56B702F5
871300A0
86936486
05B36486
419000F7
97BA07B1
87130641
7B630407
C19000E6
4CA6955B
1523251E
17FD0005
8082A51E
B7FDC19C
041F8038
00A05648
4CA4145B
243E4004
408C4605
10EF95BE
242A18A0
9D210505
44DCA42A
00F53533
00154513
81488034
0613842A
45A500F1
5600049F
072300A0
07A30001
995B0001
10EF1884
478317A0
CB9900F1
188494DB
C79128DE
C781409C
85224585
814435FD
05934605
852200E1
142010EF
01495683
00C92783
00E14703
A39897B6
01495783
01095703
9FA10785
00F91A23
00E7E563
85224585
06133D5D
45A500F1
10EF8522
B75511E0
15FD8158
0FF5F793
0567F3BB
00A335B7
87C58593
04F5859B
842A419C
049F8782
00A05648
000107A3
4CA494DB
EB81249E
45894601
10EF8522
45010E20
06138154
459D00F1
10EF8522
47830D20
F7F500F1
37098522
8522D56D
85223545
B7F93D6D
00F10613
049F45A5
00A05600
00010723
000107A3
10EF4981
995B0A20
47831884
CF8100F1
188497DB
DB452BDA
8B092BF8
2BBED74D
FAF9E3E3
4605A071
00E10593
10EF8522
27830640
09850009
D99309C2
EB810109
00F10613
852245A5
05C010EF
5683BF7D
27830149
470300C9
97B600E1
5783A398
57030149
07850109
1A239FA1
E9E300F9
4581FCE7
3B758522
0613B7E1
45A500F1
5600049F
072300A0
07A30001
49810001
014010EF
1884995B
00F14783
97DBCF91
2BDA1884
F20701E3
76932BF8
D6B50017
85224581
BF013BBD
05934605
852200E1
7D3000EF
00092783
09C20985
0109D993
0613EB81
45A500F1
00EF8522
BF6D7CB0
01495683
00C92783
00E14703
A39897B6
01495783
01095703
9FA10785
00F91A23
FCE7E9E3
85224581
B7E1332D
5600079F
97DB00A0
43DC18A7
4581C781
97824501
33F58522
079FB54D
00A05600
18A797DB
B7DD479C
47898158
0AA7ED63
C883C9DD
08130015
66630720
C8830B18
62630005
C2450B18
00464803
042876BB
00664803
0907E963
F33B325C
59370227
079300A0
97AA5FC9
84AA239C
5FC90913
EBA54401
C63689BA
C42E8432
29D010EF
06098763
0009A683
A703C2BD
C3250049
04C00513
02A48533
5600071F
175B00A0
C7541897
0049A683
462247B2
071FAB16
00A05648
059386A2
95BA00C5
C30C972A
8526C34C
059F4711
00A2A544
66B000EF
E901842A
47859926
00238526
10EF00F9
852224B0
04378154
04058000
041FBFDD
80001044
8178B7FD
8A2E84AA
07A389B2
F0EF0001
892AC4FF
8526ED19
251010EF
99D28AAA
09338452
98634144
85D60089
10EF8526
854A23F0
06138174
459D00F1
00EF8526
47836670
F3E500F1
091385A2
46050014
00EF8526
844A62F0
8058B7E9
10EF89AA
10EF24B0
F0EF2570
84AA9CEF
286010EF
091F411C
00A0572C
00A92023
C5199782
8526842A
9B8FF0EF
80548522
00092783
479C854E
842A9782
F0EF8526
F46D9A2F
5731079F
470500A0
BFF9A398
5731079F
239C00A0
8048CB9D
57FD4485
02A4E563
F0EF842A
079F972F
00A0572C
892A439C
4B9C8522
854A9782
964FF0EF
5730079F
A38400A0
853E4781
57FD8044
8082853E
5731079F
239C00A0
557DE399
81188082
934FF0EF
572C079F
439C00A0
4BDCC62A
45329782
928FF0EF
5730079F
802300A0
45010007
57B78114
C70300A0
C71D7317
84138028
079F7317
00A05730
C391239C
079F3F45
00A0572C
C399439C
978243DC
165010EF
00234501
80240004
80824501
5730079F
239C00A0
557DE399
81188082
8C4FF0EF
572C079F
439C00A0
4F9CC62A
45329782
8B8FF0EF
81144501
20EF8018
28C10D20
00052303
83028010
07A38168
547D0001
0FF00793
02B7EE63
7DBBCD05
842E0806
84AA8932
8A2A206D
878FF0EF
010A2783
059389AA
852200F1
842A9782
4783ED01
854E00F1
4127D633
A0908A05
85CFF0EF
81648522
F0EF854E
547D852F
8088BFD5
C231547D
0FF00793
02B7EF63
00C587B3
10000713
02F76963
8932C51D
8A2A89AE
8B2A20B9
81CFF0EF
44818AAA
010B2783
009A05B3
00998533
842A9782
8556C519
808FF0EF
8522547D
04858084
FF24E0E3
E0EF8556
BFC5FF7F
079FC519
00A05734
4501C388
05378082
05058000
079F8082
00A05734
80824388
5738079F
802300A0
80820007
84AA8038
7F1010EF
8526842A
7EF010EF
424C079F
879B00A3
439C0487
9D218105
04A7851B
80188034
22554501
00A057B7
7407A703
40E0069F
229400A3
4501435C
F007F793
C35C8FD5
5738079F
470500A0
8014A398
5738079F
239C00A0
8048C7A1
0793842A
E3630FF0
C1A904A7
3F4984AE
8522892A
781010EF
5740079F
851B00A0
411804A7
880576C1
8FF5431C
5A5A069F
8FD50000
2783C31C
C0110009
A09C83A1
80444501
1391051F
80828000
80000537
BFC50505
5738079F
239C00A0
051FEF99
80001391
05B38082
85220089
E9193761
6AE30405
4501FE94
80488044
84AE892A
BFC54401
BFCD557D
5738079F
239C00A0
8058C3C1
0793842A
EF630FF0
54B706A7
892E00A0
74048993
6ED010EF
04A9851B
76C14118
431C8522
74048493
069F8FF5
0000A5A5
C31C8FD5
6CD010EF
04A9851B
05134118
475C0640
0017E793
F0EFC75C
852283FF
77933D75
C3910014
20230922
85220125
6A1010EF
04A4849B
05134098
475C0640
C75C9BF9
815FF0EF
80544501
1391051F
80828000
80000537
BFC50505
5738079F
239C00A0
8058C795
842E89B2
093384AE
87B340B5
E4634084
45010137
208C8054
00990533
3F3D4601
D5650485
B7FD557D
1391051F
80828000
40E0079F
C38800A3
051F8082
00A340E4
47638082
050A02A0
4244071F
079F00A3
00A05740
953A97AA
45014118
47B7C398
A70300A3
079F2487
00A0573C
8082C398
8082557D
079FC519
00A05744
4501C388
05378082
05058000
079F8082
00A05744
80824388
29038048
7FBB0005
414C1009
84AA2500
2089854A
854A85A2
448028E9
8021854A
85A2881D
449C2A39
D713854A
8B610087
F59383A1
8C590807
22218DC1
0FF0000F
80444501
80000537
BFE50505
4110051F
808200A3
9073E501
80823B05
010512BB
3B159073
12BB8082
90730205
80823B25
030512BB
3B359073
12BB8082
90730405
80823B45
050512BB
3B559073
12BB8082
90730605
80823B65
070512BB
3B759073
12BB8082
90730805
80823B85
090512BB
3B959073
12BB8082
90730A05
80823BA5
0B0512BB
3BB59073
12BB8082
90730C05
80823BC5
0D0512BB
3BD59073
12BB8082
90730E05
80823BE5
0F05123B
3BF59073
77138082
79BB0FF5
27F30805
070A7D80
46BD9F01
00E696B3
FFF6C693
97338EFD
8F5500E5
907382BA
80827D82
7D902673
FF870793
9F81078A
96B346BD
C69300F6
8EF1FFF6
00F597B3
82BE8FD5
7D929073
57938082
11410025
01078A3B
8EBBC799
83BB0207
01410317
27F38082
C63E3A00
953E081C
FEB50E23
907347B2
B7E53A07
3A1027F3
890DC63E
953E081C
FEB50E23
907347B2
BFC13A17
3A2027F3
890DC63E
953E081C
FEB50E23
907347B2
BF653A27
3A3027F3
890DC63E
953E081C
FEB50E23
907347B2
B7453A37
E0EF8018
20EFBE3F
10EF68B0
A00147F0
F0EF8048
C509860F
01050CBB
8044557D
041F4489
000F4240
44112937
00992023
0FF0000F
00092783
8A638B9D
45050097
F0EF147D
F07DD62F
4485BFD1
4501BFD9
27B7B7F9
A0234411
000F0007
45010FF0
81388082
C63E57FD
4240041F
24B7000F
40DC4411
EF918B85
C89C4785
0FF0000F
27B7C602
479C4411
57FDC399
4532C63E
45058134
F0EF147D
FC61D0EF
C63E57FD
8238B7CD
C63E57FD
CA02C802
CE02CC02
0E050863
C4854504
193B4558
21581C07
020777BB
842A4110
458D0814
413C051F
E0EF00A3
C62AFB9F
C78147B2
853E47B2
40108234
458D0874
4154051F
E0EF00A3
C62AF9DF
F3FD47B2
08542050
051F4589
00A34114
F87FE0EF
47B2C62A
3050FBE1
458D0834
4124051F
E0EF00A3
C62AF71F
FFCD47B2
44112737
4672281C
36072683
00C797B3
20238FD5
000F36F7
47010FF0
061F87A6
110448D0
82894454
04D76063
44112637
4762425C
16FD76D1
8FF58B0D
1CE7A79B
9BC54752
A79B8B1D
474202E7
E0F7F793
A79B8B7D
E79308E7
C25C0017
0FF0000F
C62A3DF9
BF8947B2
06B3438C
068A00C7
000FC28C
07050FF0
B76D0791
BF3557FD
44114737
B3072783
16FD76E1
8FF58985
1EB7A79B
3FF57513
C007F793
28238FC9
000FB2F7
25030FF0
891DB347
C208C211
00A03533
80288082
E0EF842A
C911E95F
0105173B
441147B7
B147A783
4501C01C
47B78024
A7834411
BFCDB107
BFCD4505
00688118
3FC1C602
E1194785
8B8547B2
8114853E
57FD8248
84AAC62E
E0EFCC3E
45B2E51F
892ACE02
863BC591
44010105
A01957FD
47814401
47E2CC3E
4562C789
44058244
4601BFCD
852685A2
C1193F91
B7FD557D
FD6D3775
04091763
071F4909
00001B00
441127B7
431C973E
16FD76E1
A79B8FF5
F6931E87
F7933FF4
8FD5C007
001006B7
C31C8FD5
0FF0000F
85A20870
37398526
4572DD55
41250533
00A03533
40A00533
4905BF71
1B04071F
BF5D0000
57FD8248
842AC62E
E0EFCC3E
45B2DB5F
C591892A
010586BB
57FD4481
4481A019
CC3E4781
C79147E2
853E47E2
44858244
3F39BFC5
F97557FD
85A64601
3D4D8522
D5654781
06090363
011917BB
1B04079F
27370000
97BA4411
77614388
8D79177D
1E95251B
3FF47413
C0057513
071F8D41
FFEFFFFF
C3888D79
0FF0000F
4240041F
35F9000F
4505C51D
F0EF147D
F875A66F
CC3E57FD
FBC947E2
CE020868
E5013569
8B8947F2
57FDD3D9
079FB749
00001B00
4781B74D
37B7BFF9
4B984411
FFE77793
6793C119
37370017
CB1C4411
0FF0000F
81388082
C23E57FD
4240041F
34B7000F
A7834411
8B850844
40FCEB85
0017E793
C0FCC43E
0FF0000F
3737C202
27834411
5F1C0887
8FD95F58
00F037B3
40F007B3
4792C23E
81344512
147D4505
9D4FF0EF
BFE1F069
57FD8158
041FC63E
00002710
34B74905
49914411
C87FE0EF
146357FD
AA230325
000F0724
5CF80FF0
8B3157FD
01370B63
0804A783
87939F81
37B3F567
07B300F0
C63E40F0
CB8147B2
147D4505
980FF0EF
557DF071
45018154
8018BFF5
C3FFE0EF
01051CBB
44113737
08072683
0AA00613
9E814781
00C69D63
000FDF28
5F7C0FF0
0307F793
B79317C1
07B30017
853E40F0
57FD8014
0793BFED
05630A00
E96302F6
069300C7
15BB0500
06932006
A8290200
0A100793
04F60363
0A200693
00D60663
8082557D
0A000693
44113637
77814A58
8FF917FD
A59B8985
77C122B7
890517FD
A79B8FED
757D20A7
8FE9053D
08D7A79B
000FCA5C
45010FF0
06938082
B7E90A10
0205633B
02050BBB
8082557D
37B74705
4BDC4411
8FD99BE1
0205133B
FFFF071F
8FF9FFF3
44113737
000FCB5C
45010FF0
471D8082
BFC9DDE9
36B7C539
4E9C4411
F7933118
8B05FDF7
0AE7A79B
9BBD2138
A79B8B05
313808E7
8B059BDD
06E7A79B
9BED2158
A79B8B05
315804E7
8B059BF5
02E7A79B
9BF92118
8FD98B05
000FCE9C
45010FF0
557D8082
E1058082
44113737
05864B1C
3FE5F593
C007F793
CB0C8DDD
0FF0000F
853E4781
57FD8082
01F51EBB
44113737
F5934B1C
BFF93FF5
57FD8148
C402C23E
CDC5C602
CF1941D8
84AE8932
0074862A
051F458D
00A34184
AD7FE0EF
4792C22A
4792C781
8144853E
003420B0
051F458D
00A3416C
ABBFE0EF
4792C22A
20BCF3FD
E3914501
14633088
F0EF0009
4422D85F
880D47B2
8BFD041A
00146413
10F4241B
441137B7
0887A223
0FF0000F
D7FFF0EF
4792C22A
20BCF7DD
1563D7CD
45050009
D4FFF0EF
741347A2
071FF3F4
FFFFE0FF
241B8B8D
47B20CF4
8BFD8C79
10F4241B
00146413
441137B7
0887A223
0FF0000F
D3BFF0EF
4792C22A
57FDB7AD
77BBB7A5
079F0405
12000400
050A953E
000FC10C
C1300FF0
0FF0000F
80824501
8082557D
80824501
80824501
0405733B
4709C591
020582BB
8082557D
16B74701
A6034800
05061806
97B3478D
C79300A7
8FF1FFF7
00A71733
A0238FD9
000F18F6
45010FF0
45018082
783B8082
17370405
26834800
47852207
00A79533
20238D55
000F22A7
45010FF0
557D8082
E1318082
C1A9557D
1016103B
17B74198
A0234800
000F62E7
41D80FF0
62E7A223
0FF0000F
A4234598
000F62E7
45D80FF0
62E7A623
0FF0000F
A0234705
000F60E7
45010FF0
557D8082
763B8082
079F0405
12000590
050A953E
000FC10C
45010FF0
557D8082
80188082
E10528A9
00A05737
74872683
E793429C
C29C0047
74872703
E793431C
C31C0027
051F8014
80001180
57B7BFE5
A68300A0
46057487
67134298
C2980017
873E56FD
74872783
8391439C
87638B85
16FD00C7
4501FAE5
80824581
8018A00D
495000EF
00EFC909
079F48F0
00A05748
4501C388
051F8014
80001180
079FBFE5
00A05748
478C439C
808243C8
030575BB
079FC989
00A0574C
04A7851B
4501C10C
05378082
05058000
82288082
CE2E842A
CA36CC32
C63EC83A
3AF000EF
574C051F
051B00A0
41080485
46D2CD01
2303CA91
47B20005
46624742
852245F2
83028220
1047051F
82248000
574C079F
879B00A0
439C04A7
00C7A303
079F8302
00A0574C
04A7879B
A303439C
83020107
574C079F
879B00A0
439C04A7
A303C781
83020087
1047051F
80828000
57FDC609
4501C21C
05378082
05058000
079F8082
00A05774
2114953E
03E00713
0306F3BB
28C8079F
97B600A3
C2182398
80824501
5758079F
851B00A0
202304A7
45010005
079F8082
00A05768
04A7851B
89854118
9BF9471C
C71C8FCD
079F8082
00A05768
04A7851B
4501411C
8B8543FC
8082A21C
5768079F
851B00A0
411C04A7
43FC4501
8B858385
8082A21C
5768079F
851B00A0
411C04A7
43FC4501
83859F81
0017C793
A21C8B85
079F8082
00A05768
04A7851B
4501411C
838D43FC
A21C8B85
079F8082
00A05768
04A7851B
4501E219
41188082
8B85437C
0585FBF5
FFF5C783
9E21167D
B7DDC35C
5768071F
478100A0
04A7051B
00C7C463
8082853E
42F84114
FB7D8B21
873342D4
078500F5
B7DDA314
28CC079F
879B00A3
A30304B7
03630007
83020003
1047051F
80828000
5768079F
879B00A0
439804A7
0035F693
9BCD535C
04D7A79B
76939BF1
8FD50036
0107E793
079FD35C
00A05774
A38C97AA
5778079F
953E00A0
8082A110
0406633B
80000537
80820505
079F8018
00A05774
238C97AA
376D9E01
80144501
0406633B
80000537
80820505
079F8018
00A05778
85B297AA
9D812390
45013761
C1B18014
05928048
02B67433
54B3892A
041A02B6
02B45433
F0EF4585
079FE85F
00A05768
0527879B
F713439C
9CA10FF4
80A1CB98
4581C7C4
7413854A
CBC003F4
F06F8040
8082E5DF
5768079F
851B00A0
411804A7
471C898D
A79B9BCD
C71C04B7
079F8082
00A05768
04A7851B
89854118
F793471C
A79BF7F7
C71C0EB7
079F8082
00A05768
04A7851B
89854118
9BE9575C
A59B8FCD
D74C04B7
079F8082
00A05768
04A7851B
4E9C4114
0E05F73B
00A33737
89070713
04B7059B
87024198
9BDD8A05
06C7A79B
8082CE9C
9BED8A05
04C7A79B
8A05BFD5
8FD19BF9
8A05B7F5
A79B9BF5
B7CD02C7
36338018
45B500C0
4501377D
80188014
00C03633
374545B1
80144501
36338018
459100C0
45013F49
80188014
00C03633
37514589
80144501
5768079F
851B00A0
411804A7
471C8985
FDF7F793
0AB7A79B
8082C71C
5768079F
851B00A0
411804A7
471C8985
A79B9BBD
C71C08B7
80288082
873B842A
C5810105
020582BB
80208024
4585BF65
45853F55
80208522
376DB7E1
BFDD4581
224C8138
842A84B2
EC9FF0EF
852230CC
20EC3DE9
37D18522
8522408C
00EFC62E
45B201D0
8522862A
E63FF0EF
81344501
5768079F
851B00A0
411804A7
4B3C8985
8FCD9BF9
8082CB3C
84B68168
00251913
2920069F
8A2E00A3
012685B3
4294418C
071F89BA
00A05768
01270633
C314C20C
071F20CC
00A05764
C63E972A
00070023
F0EF842A
30CCE4FF
F0EF8522
20ECE61F
37A18522
85224581
408C3F61
C42E8522
79A000EF
862A45A2
F0EF8522
4529DE1F
965FE0EF
C78D47B2
33AC3390
F0EF8522
079FD4FF
00A05758
A02397CA
45850147
030981BB
85224581
E2FFF0EF
81644501
45854605
051FBFE1
00A3419C
C5198082
577C079F
C38800A0
80824501
80000537
80820505
577C079F
A02300A0
45010007
079F8082
00A0577C
80824388
00A347B7
2347A783
071FC799
00A05780
4501C31C
051F8082
80001200
079F8082
00A05780
0007A023
57B78082
A78300A0
071F7807
5A5A5A5A
8082C798
5788079F
438800A0
079F8082
00A05784
8082C388
B77DB7F9
57B78038
A68300A0
04937807
843E7D10
67135698
D6980017
78042703
8385571C
CF998B85
00EF4B40
079375A0
862A3E80
02F435B3
05334681
C0EF02F4
8034A5BF
C48914FD
E0EF4505
B7F985FF
BFC54501
00A057B7
7807A703
E793475C
C75C0017
80188082
57B737F5
A70300A0
4B1C7807
CB1C9BF9
80488014
00EF84AA
E4897060
80000537
80440505
02950433
02945933
6F0000EF
FEA916E3
FFF46A3B
5788079F
593700A0
C38400A0
78092783
5A5A049F
74135A5A
C384F004
2783376D
4B987809
00476713
4B98CB98
FBF77713
4B98CB98
03876713
43C8CB98
0FF57513
C3C08C49
4501C784
8128B74D
3FA5C62A
54374532
E10D00A0
78042703
F7934B1C
CB1CF7F7
27033F81
4B1C7804
0017E793
8120CB1C
EC7FF06F
01F51B3B
78042703
E7934B1C
BFF10807
41B4051F
808200A3
25698058
579C099F
A02300A0
091F00A9
00A05790
20232541
049F00A9
00A0578C
C0882DB5
5798041F
2DAD00A0
2DBDC008
5794079F
C38800A0
0009A783
2783CB99
CB810009
C791409C
C781401C
4501C119
051F8054
80001343
57B7BFE5
A68300A0
071F7987
3FFFFFFF
46DC8D79
C0000737
8FC98FF9
8082C6DC
25918158
2D1D84AA
071F4792
FFFFC7FF
F793892A
E7938077
8FF90287
4785C23E
C602C43E
59B74401
004800A0
460126BD
45054585
26E92E79
7949A783
8B85439C
854ACF91
EBCFE0EF
00140793
00946663
1344051F
81548000
BFC1843E
BFE54501
219C8148
892E842A
E793078E
C23E0017
FFF50793
C602C43E
F89FF0EF
E50D84AA
2E210048
C0024785
0287E263
00A057B7
7947A783
35934702
46010024
C593C398
45010015
2EA9263D
81448526
00F906B3
07332294
078500F1
FED70FA3
8118B7F1
F41FF0EF
006C4799
06234505
F0EF00F1
E119F93F
F2DFF0EF
86488114
892AC636
843284AE
87AA3FE9
E93946B2
0848CA36
CE3682B9
2455CC22
F0EF854A
86A2EE9F
05938626
10080400
695040EF
E90D57FD
00347613
00C03633
4486061B
101C9E21
55B74701
169300A0
82C10107
00C6EC63
45854605
2C714501
F0EF24E1
87AAEC7F
8644853E
7945A683
07914388
04E6869B
0705C288
8128BFC9
F0EF842A
F0EFE2FF
E91DEA3F
059F4631
00A31658
C0EF0048
0048C39F
4601241D
45054585
24492C99
00A057B7
7947A783
FFFF071F
439C00FF
C01C8FF9
E6DFF0EF
67C18124
0CF66C63
49408198
89AE84B2
4A05892A
00A05AB7
57B7E025
A68300A0
D9937907
D6130109
4E9C00F4
95934701
81C10107
2135A59B
7793CE8C
CFC10016
061F4A9C
FFFFF0FF
8FF18B3D
10E7A79B
2503CA9C
240D0049
00C92503
7F857793
2C89C391
00A057B7
79C7A783
CB984705
DF9FF0EF
A00D4501
8063201C
C7990347
02E786BB
1345051F
A0398000
05933008
F0EF0024
CD15E37F
20388194
00344B83
00444B03
6713070E
C23A0017
C602C452
DB9FF0EF
22B10048
45854601
2AB54505
A7832265
439C794A
0177D7B3
9BE38B85
0419FB67
8205B791
B7850705
80000537
80820505
89AA8588
84B28A2E
04000413
00E6DA93
5B378936
E09900A0
A8A14501
D69FF0EF
F363E929
84260084
C24A0048
C656C422
854E20FD
D33FF0EF
45054605
2A214585
77932291
37B30034
250300F0
879B794B
08144487
47019FA1
15938636
81C10107
00F5EA63
85A286A2
40EF8552
C9194B70
8584557D
04E5059B
0705418C
AE230691
BFE1FEB6
9A2299A2
B7718C81
77938088
041303F5
8C1D0400
892E89AA
8AB684B2
00867363
86D68432
85CA8622
F0EF854E
8A2ADB1F
8C81E905
9922C495
04000B13
89A6944E
009B7463
04000993
864E86D6
852285CA
D8BFF0EF
84B3E901
994E4134
F0E5944E
80848552
BFED8A2A
C62E8238
843284AA
D4FFF0EF
E10D45B2
CA2E0848
CE02CC02
85262829
C5FFF0EF
00144613
45014581
20BD2089
C6DFF0EF
57B78234
A60300A0
411C7987
4618450C
0037D693
77139E81
8F55F007
83AD4154
899D8B9D
16FD07C6
03F6F693
08B7A79B
12D7A79B
C21CC618
57B78082
A70300A0
89057987
431C8985
F7938A05
A79BEFF7
F79310A7
A79BF7F7
9BDD0EB7
06C7A79B
0037E793
8082C31C
00A057B7
7987A703
8B85431C
8082FFF5
00A057B7
7907A603
80000737
00FF069F
421CFFFF
57138FD9
9F010035
A79B8FF5
569310E7
8A9D00B5
F793812D
7713FC07
E5330385
8D5900D7
8082C208
00A057B7
7907A683
00355713
FFFF061F
429CC03F
812D9F01
A79B8FF1
071F2CE7
FFF8FFFF
891D8FF9
20A7A79B
40000737
C29C8FD9
81488082
0513004C
C2020200
C602C402
4B5010EF
44374722
093700A3
974A0020
1D840493
0513004C
D0D80210
499010EF
459547A2
1D840513
D8DC97CA
88FFD0EF
80288144
00A05437
86AA872E
07F00613
08000593
7A440513
482050EF
7A440793
13BB862A
2398FF05
07F00613
8024E311
802397B2
079F0007
00A057A0
46812388
7A440593
E06F8020
8028E08F
F0EF842A
85AA8C5F
80208522
C18FF06F
4228079F
C38C00A3
079F8082
00A34228
80824388
020513BB
4400D7B7
DB984705
8082DBD8
80828082
CE067139
D22ECC22
D636D432
DA3ED83A
DE46DC42
842AC911
B05FC0EF
104CC511
C62E8522
F5BFF0EF
446240F2
80826121
FCCFD06F
D06F852E
57B7FCEF
4FD84000
4FC84F98
9DA14F8C
079F8082
00A3422C
80824388
04C0051F
80824400
4230079F
438800A3
079F8082
00A34230
8082C388
F0EF8018
80109CBF
81FFF06F
831FF06F
80288082
D0EF842A
079FF76F
00A34238
8020C380
F70FD06F
4238079F
438800A3
80188082
A09FE0EF
E06F8010
051F997F
00A329A0
45058082
051F8082
00A329BC
05378082
80820020
FFFF051F
8082009F
0100051F
80824800
0200051F
80824800
0240051F
80824800
0300051F
80824800
0400051F
80824800
423C079F
438800A3
079F8082
00A34240
80824388
45018082
80828082
F0EF8158
84AAFEDF
FDDFF0EF
02800793
4785C23E
C602892A
4401C43E
00A059B7
F0EF0048
4601D21F
45054585
D4FFF0EF
D79FF0EF
7949A783
8B85439C
854ACF91
868FE0EF
00140793
00946663
1344051F
81548000
B7E9843E
BFE54501
892A8148
84B2842E
F9DFF0EF
47194792
E7939BE1
C23E0017
00090463
05000713
00484792
F793C402
A79B8077
F79306E7
C23E7FF7
F0EFC602
4601CB1F
45014581
CDFFF0EF
D09FF0EF
C43E4785
00A057B7
7947A783
6413040E
C2220014
C384C602
F0EF0048
4601C85F
45014585
CB3FF0EF
CDDFF0EF
81188144
47859D01
C43E050E
C22AC602
F21FF0EF
F0EF0048
4601C5DF
45054585
C8BFF0EF
CB5FF0EF
00A057B7
7947A783
81144388
000207B7
02F56563
004007B7
02B7E163
06138018
45850280
F0EF4505
4609F3FF
03100593
F0EF4505
4501F33F
45018014
80188082
45854671
F0EF4505
4609F1FF
03100593
80104505
F11FF06F
00688118
F0EFC602
E9019A9F
079F4732
001640C8
00F71463
81142079
80000537
BFE50509
892A8078
4995448D
03500A13
00A33AB7
F0EF854A
7413F4DF
1F630FF5
74130339
141109C4
00143413
46F14585
7613E419
85130FF5
F0EFA00A
D0EFD43F
0613E7BF
46810640
8E4FC0EF
D0EF0505
C805EEBF
FCDD14FD
80744501
01491A63
04347413
34131479
45890014
B7C94689
06147413
34131401
458D0014
02000693
557DBF45
8068BFD9
498D4481
F0EF4515
8A2AF77F
03500513
F6DFF0EF
4555892A
F65FF0EF
1763842A
0863040A
46090209
03100593
F0EF4501
C419E37F
02000613
450145C5
E29FF0EF
03C00513
D0EF0485
9DE3E1BF
547DFB34
F16DA801
051FE881
00A329D8
6FA000EF
80648522
29F0051F
BFCD00A3
45854671
F0EF4501
0EE3DF3F
B775FA09
859B455C
419404B7
861B491C
F79304C7
42180076
01079BBB
14638B1D
079F02F7
00A05824
4214C3D4
4954C7D4
4154CB94
4514C394
00D77B63
C7944D18
CBD84501
051F8082
80001346
051F8082
80001349
079F8082
00A0583C
CF99239C
5824071F
431800A0
00B507B3
00F76C63
00F57A63
00B7E863
80824501
1340051F
80828000
80000537
80820505
2A838078
69370045
89AA00A0
82492403
00852A03
C9FFF0EF
00AAF663
1342051F
80748000
82490913
008A7363
A4838452
14FD0049
F0EF94A2
61E3C83F
2023FE95
45010089
67B7BFF9
C70300A0
EF5983C7
842A8258
83C78913
CA5FF0EF
F0EF0868
E151FA4F
3010200C
C62E49F2
F0EFC432
84AAC31F
C33FF0EF
45B24622
87A686AA
99634701
F0EF04E6
4605C25F
F0EF4581
E931EEBF
583D079F
470500A0
8522A398
F61FF0EF
6537E129
260300A0
404C8245
82450513
F92FF0EF
4785E51D
00F90023
583D079F
239C00A0
CF914501
1341051F
A8118000
07F1853E
FE47A803
01099663
E99FF0EF
8254DD4D
BF610705
80824501
8A2E8188
892A85B2
F0EF84B2
E13DED1F
BFFFF0EF
00397B13
02638AAA
4791060B
416787B3
41690933
0FF4F993
00F4E763
89B34991
F9934169
079F0FF9
00A05824
461143D4
854A006C
F0EFC602
842AFEEF
007CED11
863386CE
85CE0167
40EF8552
C9114FA0
80000537
00450413
F0EF8556
8522BA5F
09118184
84B39A4E
F9934134
8163FFC4
079F0209
00A05824
864E43D4
854A85D2
FA4FF0EF
F969842A
994E9A4E
413484B3
D0F94401
5824079F
43D400A0
006C4611
C602854A
F80FF0EF
86A6842A
85A60070
40EF8552
D14D4920
80000437
BF690411
8A2E8198
84AA85B2
F0EF8932
842ADFDF
85B3E571
85260124
C2DFF0EF
0034FA93
88638B2A
4791060A
415787B3
415484B3
0FF97993
00F96763
89B34991
F9934159
0B9F0FF9
00A05824
004BA683
006C4611
F0EF8526
842AF12F
007CED09
865286CE
853385CE
40EF0157
C90141E0
80000437
855A0411
C03FF0EF
A683A095
852600CB
006C4611
F6CFF0EF
0491842A
09339A4E
79934139
FC71FFC9
02098063
5824079F
47D400A0
852685D2
F0EF864E
9A4EF46F
093394CE
E1314139
FA090DE3
5824041F
405400A0
006C4611
F0EF8526
C909E9AF
0437855A
F0EF8000
0411BA1F
81948522
865286CA
00684591
39C040EF
4454F175
006C4611
F0EF8526
842AEFAF
80A8BF9D
842E892A
D03FF0EF
05B3E921
77FD0089
01459713
00F974B3
8FEDCF41
05376705
97BA8000
19630505
97630299
852602F5
40958A33
F0EF6B11
8C2AB0FF
49814901
0B9F4A81
00A05824
1D631B7D
4401040A
F0EF8562
8522B25F
A70380A4
071B010B
290304F7
59930007
8ACE00E9
013A6663
FFF98713
CB018F65
A7030785
EEE3008B
8363FCE7
793302E7
291B0169
46011D39
852685CA
EBCFF0EF
F95D842A
415A0A33
B76594D6
BFD14785
1347041F
B74D8000
F6990FE3
80000537
BF790505
079F8188
00A32A28
06A7955B
8A132126
5A130074
6F63003A
59030746
86B20005
460189AE
854E85B6
31C040EF
009967B3
844A8B9D
6A41CB91
4AA194CA
4B051A7D
00944B63
A0394501
55938652
854E0039
FDBFD0EF
76138184
55930074
05130034
D0EF00F1
F57DF73F
00F14783
07B3C38D
C7334124
E7B30357
77330357
974E0147
F7B32314
17B30147
8FD500FB
0405A31C
B77D9C21
BF7D557D
E0EF8018
80109DCF
FE5FD06F
9D018121
9D018082
C5898082
1305723B
F4DFF06F
8082557D
28958018
010513BB
02900513
E06F8010
45659A2F
C06FBFE5
8118F63F
98DA079F
C23E00A2
99EA079F
C63E00A2
079F0048
00A2CA52
C0EFC43E
6537E15F
079F00A0
00010000
B0850593
051395BE
C0EFB085
8114E51F
D0EF8018
051FE4DF
00000BB8
911FD0EF
40002737
11072783
0047E793
10F72823
07B78014
4BC84000
80828905
F0EF8028
18BBFF5F
34370105
0593016E
45016004
EF8FF0EF
F0EF4561
0513F80F
80206004
F92FF06F
02626437
A0040593
F0EF4501
0513EDAF
F0EF0280
0513F60F
B7C5A004
34378028
47854000
4AF42223
D0EF4505
478D89FF
4AF42223
44001737
13472783
000406B7
2A238FD5
802412F7
4400E7B7
8687A703
F8F77713
03076713
86E7A423
86C7A703
F8F77713
02076713
86E7A623
8707A703
F8F77713
02076713
86E7A823
8747A703
F8F77713
02076713
86E7AA23
8787A703
F8F77713
02076713
86E7AC23
87C7A703
F8F77713
02076713
86E7AE23
079F8082
00A0583F
A3984705
079F8082
00A0583F
00078023
81188082
583F079F
239C00A0
00A107A3
4689EB81
05934605
450100F1
BF7FD0EF
079F8114
00A0583F
EF89239C
C62A8118
934FC0EF
862A45B2
7D000693
81104501
BD3FD06F
079F8082
00A0583F
EFA9239C
84AA8098
2AA0051F
8A2E00A3
F0EF4401
4901FC5F
4B1D4AA5
03000B93
D71349A1
779301C4
85130FF7
F4630307
851300EA
04920377
000A0563
F7BFF0EF
1DE3A811
0BE3FE09
0563FF64
F0EF0175
4905F69F
16E30405
8094FD34
80188082
F77FF0EF
34D4051F
801000A3
F6BFF06F
842E8028
F63FF0EF
45818522
F7FFF0EF
34D4051F
802000A3
F4FFF06F
842E8128
F0EFC632
4581F45F
F0EF8522
051FF61F
00A32A9C
F33FF0EF
45814632
F0EF8532
051FF4DF
00A334D4
F06F8120
8228F1DF
4250079F
802300A3
07930007
06230290
079300F1
07A30730
072300F1
411C00F1
02A00713
00E106A3
215CC83E
04232178
17ED0001
00F10A23
FFF70793
FDBB9F81
0B230207
315C00E1
08384405
0AA317FD
468100F1
0810003C
4501006C
CE22CC3E
9D9FD0EF
F0EF4501
079FCD4F
00A0583E
8224A380
00010B23
0737B7F9
471C4000
F793893D
A79BF0F7
C71C08A7
80388082
400007B7
051F4780
00A32AA4
883D8011
00140493
F0EF85A6
0513F0BF
D0EF0640
033BDFAF
85260F04
F06F8030
D0EFFC1F
0073B37F
A0011050
07B78028
B7F30400
64373047
071300A0
431C8404
84040413
C31C0785
553822C9
D37C079F
056300A2
2A5500F7
9782553C
040007B7
3047A7F3
17FD401C
8024C01C
07B78028
B7F30800
64373047
071300A0
431C8404
84040413
C31C0785
55782249
D37C079F
056300A2
2A9500F7
9782557C
080007B7
3047A7F3
17FD401C
8024C01C
07B78028
B7F31000
64373047
071300A0
431C8404
84040413
C31C0785
59382289
D37C079F
056300A2
2A1500F7
9782593C
100007B7
3047A7F3
17FD401C
8024C01C
07B78028
B7F32000
64373047
071300A0
431C8404
84040413
C31C0785
59782209
D37C079F
056300A2
28D500F7
9782597C
200007B7
3047A7F3
17FD401C
8024C01C
07B78028
B7F34000
64373047
071300A0
431C8404
84040413
C31C0785
5D3820C9
D37C079F
056300A2
285500F7
97825D3C
400007B7
3047A7F3
17FD401C
8024C01C
07B78028
B7F38000
64373047
071300A0
431C8404
84040413
C31C0785
5D782049
D37C079F
056300A2
289500F7
97825D7C
800007B7
3047A7F3
17FD401C
8024C01C
40EF8038
64B77DB0
871300A0
431C8404
C31C0785
7E1040EF
34202473
67852089
8C7D17FD
9522040A
079F4118
00A2CF58
84048493
00F70663
9522201D
9782411C
79D040EF
17FD409C
8030C09C
7A90406F
34202573
17FD6785
80828D7D
051FA001
00A28420
C13D8082
29038048
842A0045
2AFC051F
85CA00A3
A7CFF0EF
800007B7
126307B1
051F04F9
00A32B10
F0EF6489
04A1A66F
00EF8526
4C5C4270
07C18522
00EFCC5C
079F5850
00A05858
C781439C
854A85A2
85A69782
00EF4509
450140B0
D06F8040
64898A7F
B7E90491
80288082
051F842A
00A32D6C
A1CFF0EF
051F202E
00A32DA4
A10FF0EF
051F481C
00A32DBC
F0EF4BCC
481CA02F
2DD4051F
4B8C00A3
9F4FF0EF
051F481C
00A32DEC
F0EF478C
481C9E6F
2E04051F
43CC00A3
9D8FF0EF
051F481C
00A32E1C
F0EF438C
481C9CAF
2E34051F
A58300A3
F0EF08C7
481C9BAF
2E4C051F
4FCC00A3
9ACFF0EF
051F481C
00A32E64
F0EF47CC
481C99EF
2E7C051F
4F8C00A3
990FF0EF
051F481C
00A32E94
0887A583
980FF0EF
051F481C
00A32EAC
0847A583
970FF0EF
051F481C
00A32EC4
0807A583
960FF0EF
051F481C
00A32EDC
F0EF47EC
481C952F
2EF4051F
47AC00A3
944FF0EF
051F481C
00A32F0C
F0EF5FEC
481C936F
2F24051F
5FAC00A3
928FF0EF
051F481C
00A32F3C
F0EF5BEC
481C91AF
2F54051F
5BAC00A3
90CFF0EF
051F481C
00A32F6C
F0EF57EC
481C8FEF
2F84051F
57AC00A3
8F0FF0EF
051F481C
00A32F9C
F0EF53EC
481C8E2F
2FB4051F
53AC00A3
8D4FF0EF
051F481C
00A32FCC
F0EF43EC
481C8C6F
2FE4051F
43AC00A3
8B8FF0EF
051F481C
00A32FFC
F0EF5FCC
481C8AAF
3014051F
5F8C00A3
89CFF0EF
051F481C
00A3302C
F0EF5BCC
481C88EF
3044051F
5B8C00A3
880FF0EF
051F481C
00A3305C
F0EF57CC
481C872F
3074051F
578C00A3
864FF0EF
051F481C
00A3308C
F0EF53CC
481C856F
30A4051F
538C00A3
848FF0EF
051F481C
00A330BC
F0EF4FEC
481C83AF
30D4051F
4FAC00A3
82CFF0EF
051F481C
00A330EC
F0EF4BEC
481C81EF
3104051F
4BAC00A3
810FF0EF
311C051F
802000A3
804FF06F
67B74154
871300A0
CB088447
84478513
F06FA336
8028DC9F
051F842A
00A32D4C
FE1FE0EF
80208522
FD9FF06F
842A8028
2C7C051F
E0EF00A3
8522FCBF
F06F8020
8028FC3F
051F842A
00A32C30
FB5FE0EF
80208522
FADFF06F
842A8028
2C58051F
E0EF00A3
8522F9FF
F06F8020
8028F97F
051F842A
00A32CC8
F89FE0EF
80208522
F81FF06F
842A8028
2CA8051F
E0EF00A3
8522F73F
F06F8020
8028F6BF
051F842A
00A32D1C
F5DFE0EF
80208522
F55FF06F
842A8028
2CF0051F
E0EF00A3
8522F47F
F06F8020
8028F3FF
051F842A
00A32C04
F31FE0EF
80208522
F29FF06F
842A8028
2BD8051F
E0EF00A3
8522F1BF
F06F8020
8028F13F
051F842A
00A32BAC
F05FE0EF
80208522
EFDFF06F
842A8028
2B98051F
E0EF00A3
8522EEFF
F06F8020
8028EE7F
051F842A
00A32B20
ED9FE0EF
80208522
ED1FF06F
842A8028
2B40051F
E0EF00A3
8522EC3F
F06F8020
8028EBBF
051F842A
00A32B78
EADFE0EF
80208522
EA5FF06F
842A8028
2AE4051F
E0EF00A3
8522E97F
F06F8020
8028E8FF
051F842A
00A32B60
E81FE0EF
80208522
E79FF06F
F0EF8018
85AABCFF
2AB8051F
E0EF00A3
A001E67F
F0EF8018
85AABBBF
3158051F
E0EF00A3
A001E53F
0380051F
80820020
585C079F
C11C00A0
80824501
842A8128
32B0051F
F0EF00A3
13BB809F
051F6404
00A332C8
FFAFF0EF
573347A9
006802F4
00010723
02F77733
02F477B3
03070713
00E10623
03078793
00F106A3
FD2FF0EF
32CC051F
F0EF00A3
13BBFC8F
051F6404
00A33364
FBAFF0EF
81188124
460557FD
00F10593
07A3451D
F0EF00F1
C909E08F
051F85AA
00A331B4
DBDFE0EF
8114557D
00F14783
FFE54501
80000537
BFC50509
842A8138
461184AE
0F800593
C6020068
D4EFD0EF
85AAC519
3180051F
E0EF00A3
47B2D87F
8C658C3D
051FC411
00A331A0
D75FE0EF
81344501
F26FF06F
84AA8038
24D040EF
8526842A
D56FC0EF
80308522
2550406F
842A8038
235040EF
852284AA
D08FC0EF
8526842A
23D040EF
80348522
4254079F
C11C00A3
8082450D
427C079F
43D400A3
4398CE89
07114781
FFC72603
00A60763
9AE30785
4501FEF6
45058082
81288082
004C842A
02100513
0F9000EF
4732E519
97BA47A2
97BA777D
8124C01C
84AA8138
0513842E
004C0210
0D9000EF
4732E909
97BA47A2
97BA7775
678DC09C
8134C01C
84AA8138
0513842E
004C0210
0B5000EF
47A2E509
47B2C09C
8134C01C
05138018
C0EF1F40
8010E0BF
8B1FD06F
051F8018
00A2D3B8
485010EF
051FC519
00A33288
E06F8010
8014C7FF
BA0FD06F
00200537
05378082
80820080
862E87B2
F06F85BE
8098962F
00B50A33
014A1793
89D284AA
79FDC791
013A79B3
99BE6785
00EF6505
8AAA0C30
6505C909
0B9000EF
E9018B2A
00EF8556
04370C90
04158000
797DA881
0124F933
412484B3
8BB3E48D
91634149
85B3040B
854A4129
ADAFF0EF
E10D842A
8F63E0A1
865E000B
855285DA
9C8FF0EF
8626A835
854A85D6
8E8FF0EF
D571842A
00EF8556
855A0790
073000EF
80948522
85DA865E
F0EF8552
842A8CAF
BF55F175
85D68626
F0EF854A
DD4598EF
BFC9842A
842A8048
893284AE
8626E699
852285CA
F06F8040
F0EF972F
D965F3DF
85288044
450D004C
78C000EF
E9154781
061347A2
45810200
00200437
943E0808
B28FB0EF
02000613
18084581
B1CFB0EF
D8BFF0EF
800007B7
16630789
079300F5
853E0404
47818524
FFF50EBB
079F400C
4BA5C31E
00F58963
31E4051F
E0EF00A3
4781B37F
0593BFF9
06930800
08100200
00EF8522
85AA6570
051FC509
00A33204
180CBFF9
02000613
F0EF4515
85AAB48F
051FC509
00A33238
0613B7D9
080C0200
B0EF1808
DD41DF0F
3264051F
E0EF00A3
BF45AE7F
842A8028
5548590C
D35FF0EF
2583E901
250311C4
80201184
D25FF06F
81288024
D4A0079F
C23E00A2
D488079F
C43E00A2
079F0048
00A2D484
00EFC63E
842A4B10
051FC901
00A332D0
A99FE0EF
81248522
DFDFF0EF
32E8051F
F0EF00A3
B7FDCE8F
41488118
00EF004C
E5097AE0
452245B2
E13FF0EF
80188114
C8FFF0EF
557DC119
051F8014
2A13C812
8148BFE5
517847F1
06C50913
4785C43E
00F10623
00010023
000100A3
00010123
079FC24A
3C7896E1
1D634401
049F02F7
00A0585C
030007B7
00D78713
07CD842A
864A46F1
851345F1
D8D803C4
30EFC09C
C9194620
32F8051F
043700A3
E0EF8000
04119FBF
81448522
864A46F1
851345F1
30EF0084
C50943E0
3330051F
BFF100A3
08C40413
862246C1
851345C1
30EF0584
C5094220
3368051F
B7C100A3
862246C1
851345C1
30EF0244
C50940A0
339C051F
B76500A3
DC4FC0EF
C901842A
051F85AA
00A333D0
995FE0EF
58D0BF71
8513858A
C0EF0384
842AB50F
85AAC911
3404051F
E0EF00A3
C0EF977F
BFADDE2F
858A4090
00448513
B2EFC0EF
D52D842A
051F85AA
00A33448
955FE0EF
C0EF5C88
BFE1B94F
079F5178
3C7896E1
00F70463
80824501
049F8038
00A0585C
C0EF5C88
842AB74F
C0EF40C8
8C49B6CF
D90FC0EF
80348D41
E789219C
00052023
80824501
30000793
8023C11C
BFCD0005
52788028
96E1079F
44013C78
02F71863
051F87AA
00A0585C
059388AE
41480245
86BE4801
46414701
D58FC0EF
C519842A
051F85AA
00A3348C
8C9FE0EF
80248522
52788028
96E1079F
44013C78
02F71863
051F87AA
00A0585C
059388AE
5D080585
86BE4801
46414701
D18FC0EF
C519842A
051F85AA
00A334D8
889FE0EF
80248522
842A8038
564040EF
852284AA
838FC0EF
8526842A
56C040EF
80348522
84AA8038
548040EF
8526842A
852FC0EF
80308522
5500406F
84AA8138
46B1842E
460145B1
30EF0048
004C3120
02100513
E5052915
47A24532
004006B7
757997AA
557D97AA
00F6EB63
00878733
00E6E763
85A68622
E0EF853E
8134D0FF
8BAA80C8
89B28AAE
854EEA99
F7DFF0EF
E95584AA
80000437
85220415
8A3380C4
179300C5
8952014A
797DC791
012A7933
993E6785
F0EF6505
8B2AF53F
6505DD61
F49FF0EF
E5098C2A
F0EF855A
B7D9F5BF
F4B374FD
8D33009A
1763409A
0CB3020D
92634149
05B3040C
85264099
E6FFE0EF
E115842A
040D1163
000C8F63
86664681
856285D2
A8353FB5
85DA866A
E0EF8526
842AC7BF
855AD569
F0DFF0EF
F0EF8562
D425F07F
8666BF9D
855285E2
C5DFE0EF
F175842A
4681BF4D
85A6866A
3789855A
842ADD45
864EBFC9
855685DE
D11FE0EF
E10D842A
00200637
965686CE
852685CE
180030EF
E519842A
85DE864E
B0EF8526
842AA18F
F0EF8526
B705EAFF
84AA8138
46B1842E
460145B1
30EF0048
004C1D20
02100513
E5052CD5
45A247B2
00400737
95BE557D
95BE77F9
00B76B63
008587B3
00F76763
86224685
F0EF8526
8134EC7F
C4028328
C802C602
842AC92D
0513002C
2C5D0210
45F1E13D
F0EF8522
ED31E63F
4C144732
002007B7
BA2F061F
97BA8F45
04C68763
069F438C
4B7CF333
04D59163
0693478C
9C631000
A68302D5
45851247
8693CC3E
CE3E3006
D036CA2E
D402D236
07B7D632
EA630040
973600E7
00E7E763
084845F1
F49FF0EF
4501C119
45F1A809
F0EF8522
F975DFBF
7C3B4008
832402F5
223D8018
A8E98010
45018118
2A15C62E
852E45B2
FEDFF0EF
D06F8110
8458A36F
892A86B2
843284AE
85AA862E
3524051F
E0EF00A3
B0EFE06F
079FDFFF
00A058C4
89AA2398
4705E321
0023A398
D2260321
EC2FC0EF
1008D42A
28D5D622
02000613
10084581
CA02C802
CE02CC02
D81FA0EF
27F3DA22
DC3E3410
0068878A
2221C63E
22151008
58C8079F
439C00A0
9782C391
058D6589
F0EF4509
854EF73F
DA1FB0EF
079F8454
00A34284
0007A303
00030563
FFB08613
81188302
07A34785
478300F1
9F8100F1
8114FFED
0FC00693
42C8061F
059300A3
051F0FC0
00A058CC
7B50206F
00A34737
2C870793
0D87D783
86136689
07130406
89632C87
6C6302C7
C78D00F6
83630685
079F02D7
DEADBEAF
0EF72423
66A18082
89630685
069F00D7
0000F0F0
00D78463
BFE96691
DEAD079F
BFF9DEAD
42C8079F
8D2300A3
9C230C07
F06F0CA7
079FF8BF
00A342C8
0CA78D23
80188082
051F862A
00A342C8
45C146C1
0A450513
731020EF
F06F8010
8018F63F
0693862A
05930900
051F0900
00A342C8
715020EF
F06F8010
CD19F47F
862A8018
42C8051F
46D100A3
051345D1
20EF0905
80106F70
F29FF06F
49588082
42C8079F
A62300A3
4D1808E7
F06FCBD8
8048F13F
E30FF0EF
079F4118
4B87A54B
06F71563
F0EF842A
892AE1EF
F0EF2446
4014E16F
00A06737
9C870793
4054C394
9C870313
4414C3D4
2474C794
EF3BC7D4
07131006
47819C87
484194CA
06F4861B
85934214
97AA0017
069BCB14
288308B3
26900046
261B0741
C6901116
A69C37FC
9DE387AE
4501FD05
35378044
BFED8000
6737C1BD
079300A0
47D09C87
9C870713
E8634781
813802C7
006884AA
C602842E
D9CFF0EF
47B2C919
4701CB89
429086BE
916307A1
42DC02C4
051FE395
80003003
07858134
08F7069B
0086C803
02A80163
B7C19F81
1BE30705
B7C5FCE5
A0184705
4501C05C
051FBFF1
80003002
80238082
429C0005
C1DC4501
83A1469C
8082C59C
842A8028
411C2B8D
23B5C799
00052303
80208522
45018302
C51D8024
842A8038
EECFF0EF
F0EF84AA
6563EECF
94AA0094
00946B63
415C2389
2B35C799
00452303
80308522
80348302
051F8082
00A05AD8
81388082
006884AA
F0EFC602
C909E24F
051F842A
00A3354C
B18FE0EF
81348522
06C00513
F8DFF0EF
862AC088
051FE911
00A33580
80000437
AF8FE0EF
BFF90415
05934532
F0EF06C0
842AE82F
051FD961
00A335B8
ADCFE0EF
F0EF4088
A023F71F
BF6D0004
8228CD9D
0868842A
CE02C62E
D8CFF0EF
E50945B2
3002051F
82248000
DBFD47F2
86BE4701
A60307A1
1663FF87
22C800C4
E9DFF0EF
0705B7DD
FEE515E3
051FBFE1
80003002
81588082
89AE842A
006C0028
C4028932
F0EFC602
E51DDB6F
766347B2
248302F4
C0950009
00848733
00E7F463
408784B3
864E4522
952285A6
F0EFC42A
E119DE6F
00992023
051F8154
80003042
8128BFE5
5AD8079F
239C00A0
CB994401
0028006C
C602C402
D64FF0EF
47B2E501
943E7475
81248522
C2028138
C602C402
A52D079F
84AE4B87
11638432
07B702F5
C43E0020
78000793
4783C63E
EF810041
C09C47A2
C01C47B2
A0294501
F0EF004C
D565F13F
A0238134
F0EF0004
C008F99F
8138B7E5
006C84AA
C4020028
F0EFC602
842ACFEF
F0EFE511
47A2D42F
C088953E
81348522
24038148
892E1205
0413E019
006C2000
C4020028
F0EFC602
84AACD2F
47A2E911
C43E97A2
D10FF0EF
953E47A2
00A92023
81448526
892A8148
002884AE
C402006C
F0EFC602
842ACA6F
47A2E919
00492703
C43E97BA
CE0FF0EF
953E47A2
8522C088
81788144
8AAA4544
0028842E
89B2006C
C4028A36
F0EFC602
892AC72F
8793E121
9BC100F4
02F47E63
020A0C63
02098A63
0009A483
8733C495
F4630084
84B300E7
47A24087
008AA503
942A953E
F0EFC42A
9522C86F
00AA2023
0099A023
8174854A
3042091F
BFDD8000
07BD455C
FB639BC1
CA8D02F5
2803CA05
05630006
81280208
95C2872E
00B7F463
40E78833
84324508
007085B6
C642953A
E2BFF0EF
47B2E119
8124C01C
3042051F
80828000
079F8168
CB9E063C
02F59163
04C50513
EFB5211C
0913311C
EBE10015
0913213C
E7F10025
85224401
555B8164
054102B5
0441B7C5
029455DB
00B98433
14BBA8A5
4783010A
97BB0009
00230FF7
A8B50009
02FA153B
84B3448D
86A64134
85A64601
20EF854A
A09D30F0
02E99F3B
00094783
051FFBD5
00A3366C
824FE0EF
5AD8079F
473500A0
041FB3D8
80003067
892ABF69
00684981
84AE8A32
F0EFC602
842AB00F
079FF159
CB9E063C
94E34432
0413F8F4
944E04C4
F80A15E3
00094703
0FF00793
F6F712E3
002347BD
448500F9
46818522
85A6864A
C18FF0EF
D559842A
051F85AA
00A33634
FB9FD0EF
4985BF3D
4989B75D
8128B74D
1EF8079F
239A00A3
142323BC
05230001
07230001
162300F1
079F00E1
CB9E063C
04C50413
00F60563
02B5545B
460D0441
8522002C
A73FA0EF
CD0D478D
006C460D
A0EF8522
4781A65F
201CC515
EB814501
4505301C
2028E789
00153513
942A0509
47852018
0F07043B
0FF00693
03634789
479100D7
8124853E
80824501
5AD8079F
B3C800A0
81188082
0028C62A
F0EFC402
E909A18F
46814522
45910070
05050513
B58FF0EF
81588114
89AE842A
00011623
00010723
01050913
445C4481
00F4EA63
8F634505
47830137
953B04C4
A8090F07
460D854A
A0EF006C
090D9D1F
4501C119
04858154
8848BFD9
006884AA
8932842E
F0EFC602
ED099B4F
08504532
06C00593
A40FF0EF
051FC519
00A335F0
E9DFD0EF
0C638844
57E60009
079FCB89
00A05AD8
F0EF33C8
4581F65F
85A6A821
F0EF0848
E81DF79F
57E6E91D
15FD65C1
04B78D63
079FC82E
5A5A5A5A
83E34432
051FFCF5
00A33614
E55FD0EF
08104681
05134591
F0EF0644
B76DA96F
57E6C911
079FCB81
00A05AD8
82A3F455
B75D0007
5AD8079F
33DC00A0
5A5A059F
9DBB5A5A
57E60DE7
4535DBC5
059FB779
5A5A5A5A
051FB755
00A05AD8
80820521
5AD8079F
238800A0
81388082
00A06437
AD844783
0413E7C9
C519AD84
C41C411C
C45C415C
C81C451C
B05C47B9
47850068
00042A23
03A3A01C
C4020001
F0EFC602
448DA95F
47B2E931
55AA071F
439455AA
04E69063
071F57B4
AA55AA55
02E69A63
448953F8
C703E71D
C31D04F7
4BA40028
88EFF0EF
4522ED11
06134681
05130071
458504F5
F0EFC42A
34B39CAF
C1110090
4532448D
A07FF0EF
4501A044
051F8134
80003041
8028BFE5
06934108
B0EF0200
842ADCDF
85AAC519
368C051F
D0EF00A3
8522D43F
80188024
837FA0EF
051FC901
00A339E0
D2DFD0EF
8014557D
BFF54501
892A8548
843284AE
06134581
18080200
A0EFC636
4785CC2F
85A61810
D44A1028
02F10623
FA3FF0EF
C90946B2
051F85AA
00A3394C
CEDFD0EF
8544557D
180C8636
F0EF8522
D975FA5F
39E0051F
D0EF00A3
B7DDCD3F
2006823B
8082557D
CC2A8218
08284785
00F10E23
F5FFF0EF
87488214
C63E57FD
C5BDC149
0884C635
D232CC2A
02050513
02060613
0913842E
CE2A0200
0693D432
06130200
059305A0
85260200
D64AD04A
750020EF
400C405C
C4BE8626
478500A8
C84ACA26
04F10623
F0BFF0EF
C11D842A
051F85AA
00A336CC
C55FD0EF
47B2C622
45B2C799
36F0051F
D0EF00A3
47B2C43F
8744853E
080C1050
B0EF0828
842ACA5F
57FDBFF1
8248B7F5
842E84AA
F0EF8932
01BB9B4F
84AAFF05
2A13D7B7
85678713
0C040613
00E48A63
86778713
00E48663
87878793
02F49463
98BB445C
051F2007
00A33988
D0EFC632
4632BE7F
02000693
0C000593
F0EF8522
8244EB7F
39B4051F
C63200A3
BC9FD0EF
07934632
082C0C00
CE22854A
F0EFCC3E
B7C5F05F
84AA8248
DADFF0EF
10050163
812FF0EF
0063892A
409C1005
154E071F
9663CB8D
A70306E7
12631004
4C8006F7
91AFF0EF
FF0501BB
D7B7842A
87132A13
86138567
0A630C04
871300E4
06638677
879300E4
14638787
44DC04F4
201790BB
37DC051F
C63200A3
B4DFD0EF
06934632
05930200
85260C00
E1DFF0EF
C121842A
051F85AA
00A3383C
B2DFD0EF
051FA039
00A337B8
B21FD0EF
8522547D
051F8244
00A3380C
D0EFC632
4632B0FF
0C000793
854A082C
CC3ECE26
E4BFF0EF
4C88B7C1
08048613
10048593
EC7FF0EF
C511842A
051F85AA
00A3386C
8526BF45
FF9FE0EF
C511842A
051F85AA
00A3389C
079FBF71
00A05AFC
D3D5439C
5B00071F
431000A0
07000593
15048513
842A9782
041FB779
80003040
041FB759
80003063
8148BFBD
071F411C
464F5451
00E78E63
051F85BE
00A338D8
A81FD0EF
F0EF450D
547DB4FF
81448522
862E86B2
0A000593
F0EF84AA
842AD47F
450DC509
B31FF0EF
44DCB7D5
00700034
9BC107BD
85264581
C63EC402
8FFFF0EF
E905842A
E9014522
051F40CC
00A33918
A31FD0EF
45B2BF65
02000693
01048613
D01FF0EF
D16D892A
F0EF450D
844AAEBF
892ABF71
8158BFD5
C402892A
C05FF0EF
854AC161
E4DFF0EF
C511842A
F0EF4505
8522AC7F
051F8154
00A33720
9E5FD0EF
854A002C
835FF0EF
E119842A
E5194522
373C051F
D0EF00A3
BFE19CBF
12492583
02000693
12890613
C99FF0EF
C901842A
F0EF4509
4522A83F
E42FF0EF
051FBF5D
00A33768
99DFD0EF
C60244A2
04B14981
14892783
00F9E463
A8394401
8513006C
F0EFFF44
842A80BF
4532E119
051FE911
00A33790
96DFD0EF
F0EF4532
BF65E00F
468585A6
02000613
EC3FF0EF
8493842A
F17D02C4
09854532
DE2FF0EF
BF4DC602
3040041F
B7B18000
C6028218
B35FF0EF
080CC13D
E0EF0068
ED29C47F
E0EF0028
E929C21F
08504522
05214591
E0EFCA02
E129CABF
453245C2
CABFE0EF
4522ED05
08304681
05114591
E0EFCC02
E11DD47F
079F4522
55AA55AA
08704681
CE3E4591
D31FE0EF
4522E901
08504681
05214591
D21FE0EF
051F8214
80003040
8148BFE5
C002892A
ABDFF0EF
0E050363
F0EF850A
842AEE8F
4502E119
051FE901
00A33A0C
8A1FD0EF
81448522
E8FFF0EF
4502842A
F0EFC811
85A2D28F
3A30051F
D0EF00A3
B7CD883F
2483C602
E6BB1485
041F1504
80003043
F0EF4502
85A2D04F
3A60051F
BFF100A3
F0EF006C
842AEB2F
4532ED11
87AACD01
2C9514DB
063C071F
9163CB9E
F0EF0697
A039CD8F
373C051F
D0EF00A3
F069833F
F0EF4502
0028CC4F
C402C222
B1FFE0EF
E921842A
46814522
45910050
E0EF0531
842AC5FF
4522ED1D
AA55079F
4681AA55
45910070
06850513
E0EFC63E
842AC43F
07E3E10D
E0EFF409
B799B43F
83634394
040500E6
02C78793
041FBF49
80003040
85A2BF05
3A9C051F
B78100A3
51F48158
C602C402
96E1071F
95633C78
892E08E6
85B2842A
E0EF0028
84AAE8FF
4C5CE905
00F7F993
C63E9BC1
4722C3A1
864A4C08
40E785B3
E0EF953A
892AEC7F
85AAC911
34D8051F
D0EF00A3
84CAF76F
81548526
4C0C4014
47014408
00EF0070
ED0D7AA0
4732441C
C41C97BA
02098463
46324C08
659186CE
20EF962A
C9011D60
3ACC051F
D0EF00A3
54FDF3AF
2E23B7D1
BF7D0134
00042E23
BF5D4481
BF4D4485
852E8128
F0EFC62E
842AB9AF
E51145B2
3AFC051F
D0EF00A3
8522F0AF
C5818124
F06F852E
8082B98F
842A8128
02052023
00052E23
00286585
FC9FF0EF
CD11C848
00286591
FBDFF0EF
4781CC08
484CE911
F0EF0028
2A23FCDF
07B70004
07958000
8124853E
079F8168
00A2EAD0
079FC43E
00A2EAEE
00052823
00052423
F3BBC63E
041F0506
80003042
81648522
843689B2
00348A2E
85CE4615
20EF84AA
C9390560
B7DD842A
00F98733
96133358
07850037
00C71733
E7E3993A
40C0FED7
00897363
D061844A
002885A2
F39FF0EF
CD19C888
2823C8C0
8552012A
F51FF0EF
C105842A
0028488C
F3BFF0EF
0004A823
80000437
BF590415
49014781
FFB40693
8526BF6D
36B010EF
8138B751
490C842E
EAD0079F
84AA00A2
0028C43E
EAEE079F
C63E00A2
EFFFF0EF
8526002C
0004A823
719010EF
0028484C
EEBFF0EF
2A234C0C
00280004
EDFFF0EF
00042C23
80288134
079F51F8
3C7896E1
02F70863
842A4D5C
441CEB91
45814C58
00042E23
C41C97BA
8024852E
41144D0C
01C50613
47014508
458523F5
BFF1F575
DDDFF0EF
D16D85AA
3BE4051F
D0EF00A3
55FDD8EF
81B8BFD1
0205A983
84AE8AAA
8BB68B32
000103A3
6A114901
6C854C0D
01396463
A8414501
87B34CCC
48984129
07B3C43E
C63E40BA
74634781
C63A0147
4C884785
081348D4
95AA0071
96CA0038
85560070
5C9010EF
4532842A
4783E509
81E30071
E019FD87
EB8947A2
051F85A2
00A33B90
D18FD0EF
A8358522
489C993E
C89C8F89
97AA4CDC
2321CCDC
07B34CDC
E66340FA
489C0197
9F63C399
865E0129
852685DA
F13FF0EF
051FC901
00A33BC0
CDCFD0EF
81B4557D
489C4722
4732E319
DBDDC319
DBCDBFB1
00714403
3433147D
B75D0080
47858168
84AE89AA
05A38932
6A0500F1
C01544C0
008A7363
48CC6405
007040C8
F0EFC622
C911A10F
85A24405
3B2C051F
D0EF00A3
8522C86F
45B28164
864A48C8
B79FE0EF
4732E51D
069340DC
D09800B1
C0DC97BA
864A44DC
8F9985A6
854EC4DC
ED3FF0EF
C901842A
051F85AA
00A33B60
547DB7C9
E0EFBF5D
BF59FCAF
079F8148
00A31EFC
23BC239A
1623892A
072300E1
049300F1
44010105
00C92783
00F46463
81444505
460D8526
90EF006C
048DF0DF
0405E119
4501B7D5
82D8B7ED
C802C602
DF8FF0EF
3E050063
006884AA
8BEFF0EF
4501892A
02091B63
CB8547B2
071F4394
55AA55AA
00E69A63
071F57B4
AA55AA55
00E69463
E79553FC
3C14051F
D0EF00A3
4501BBAF
3047091F
86268000
F0EF85CA
4532CE8F
83EFF0EF
F0EF4542
854A838F
080882D4
9CAFF0EF
E119892A
EB8147C2
3A0C051F
D0EF00A3
4501B82F
4532B7F9
F3DFF0EF
ED05842A
83AFF0EF
CC0249C2
00052E23
02052023
082C842A
4B32854E
9B0FF0EF
C11D892A
373C051F
D0EF00A3
0563B4AF
45050409
C14FF0EF
4542BF7D
92FFF0EF
D169892A
BF4584A2
DFE947E2
1489AA83
49814A01
02C00B93
063C0C1F
4C8DCB9E
48634562
E0EF075A
5010FA9F
051F4C4C
00A33C34
B00FD0EF
443244C2
3C68051F
AA8300A3
CA021484
D0EF85D6
444CAEAF
3C8C051F
D0EF00A3
445CADEF
00FA8663
FFFA8713
2AE79A63
F7634755
084C2AE7
F0EF8526
892A91AF
44D2E119
051FECA5
00A3373C
AB0FD0EF
448147C2
1487A503
0D33BDDD
956A037A
9663411C
19FD0187
09850A05
086CBFB5
F0EFCE02
892A916F
47F2E119
051FEB91
00A33790
A78FD0EF
E0EF4562
B725F0DF
4C584BFC
855A85CE
CC58973E
97EA47E2
F0EF4390
1763AB0F
47720195
4B78501C
D01C97BA
E0EF4572
B77DEE1F
4981CC02
0A1F4B01
CB9E063C
80003BB7
00A34D37
00A34DB7
055B5963
13634088
19FD0145
CF4FE0EF
4090CD19
852285CE
A66FF0EF
16BB8C2A
408C0305
3CB4051F
D0EF00A3
0B059FEF
84930985
B7E902C4
8526082C
878FF0EF
E119892A
E79547E2
3CE4051F
D0EF00A3
45629DAF
E0EFC119
0863E6DF
85CA0009
3E9C051F
D0EF00A3
45529C2F
E57FE0EF
43DCB731
13478163
85CE4601
F0EF8522
892A90EF
051FC509
00A33D0C
47E2B7C9
D38D0513
D0EF43CC
4962992F
040C1963
A58FF0EF
C5218CAA
3D64051F
D0EF00A3
4C0597AF
851385E2
D0EFDF8D
866296EF
852285CE
8C8FF0EF
8363892A
8966000C
051F85CA
00A33E18
950FD0EF
F6091BE3
E0EF4562
CC02DE1F
CC8FE0EF
3693B789
0613001C
85930200
854A00C4
E96FF0EF
4C058CAA
2683F945
17370049
0613CB9E
8C938267
8FE3046B
0713F8C6
8BE38327
2583F8E6
051F0609
00A33D94
8FCFD0EF
06092783
96E1071F
93633C78
051F02E7
00A33DB8
8E4FD0EF
E0EF854A
8CAAE5EF
854AF135
3C132ADD
8CAA0015
BF990C05
4646071F
9A634449
051F00E7
00A33DD0
8B8FD0EF
2C3D854A
051FBFF9
00A33DE4
8A8FD0EF
E0EF854A
8CAAE22F
F20514E3
242D854A
47B7B7C9
851300A3
85D2E487
888FD0EF
46B747E2
A90300A3
43D8C106
05471663
40D84794
C8740868
07BD47DC
CC3C9BC1
01070793
0793CC7C
D03C0200
E0EFCE02
892AB54F
4572E115
06134681
45C10544
05450513
C90FE0EF
E519892A
85D24601
E0EF8522
892AF97F
00A347B7
851385CA
D0EFE707
BDD9822F
3043091F
B3AD8000
45014485
3040091F
B9B18000
842A8028
CCFFE0EF
4501CD00
80388024
E0EF842A
84AACC1F
CBBFE0EF
CB854D1C
95225088
D0884CC0
0793C419
05330640
543302F5
049F0285
00A05B04
8863409C
E0EF0087
4D1CC91F
97828522
8034C080
CA028248
CE02CC02
A52D079F
842A4B87
84B2892E
02F69363
002007B7
0793CC3E
CE3E7800
01414783
4562E38D
86BA408C
9522864A
BD4FE0EF
8536A801
C63A084C
CADFE0EF
DD794732
051F8244
80003004
8A58BFE5
89B2842E
06134581
84AA0240
89360828
90EFC63A
8622F06F
082C86CE
F0EF1868
842A88BF
44D0E915
473240DC
41360633
5622D232
CE3ACC3E
7163D002
85CA02C9
3ED4051F
C0EF00A3
082CF1FF
F0EF1868
041F8FDF
80003051
8A548522
082C8626
F0EF1868
842AA4BF
85AAC911
3F1C051F
C0EF00A3
041FEF3F
80003062
1868082C
8CBFF0EF
8258BFD1
081447C1
45810050
290384AA
C8020085
CC02CA02
C23ECE02
C602C402
DE1FE0EF
E129842A
E0EF8526
842AC60F
4592ED05
08088626
DA8FE0EF
E115842A
007040C8
4992002C
C85FE0EF
E911842A
873346B2
46410129
8526080C
F1FFF0EF
8526842A
D34FE0EF
82548522
3046051F
80828000
2A838188
8A2A0085
00304148
C202004C
E0EFC402
842AC47F
2703E921
47A200CA
06E7E963
C6026505
AC5FE0EF
C52584AA
6B054901
00CA2783
00F96663
E0EF8526
A01DAC9F
412787B3
00FB7363
00706785
053385A6
C63E0159
B8FFE0EF
C51989AA
E0EF8526
844EAA5F
81848522
004A2683
00704701
854A85A6
E3DFF0EF
F16D89AA
DFF947B2
E0EF993E
453296EF
DE7FF0EF
547DB755
0437BFD1
04158000
2138B7F1
02852F83
1E335E7D
2E8300EE
4E130405
2303FFFE
7E3300C5
0E1201FE
02052803
01CE8F33
03E30F1B
515C86AA
E00F0F13
01000537
00062883
000F5703
00A87A63
F9634501
21884115
05850822
10F5279B
00B85513
02E50733
12E7F963
031356C8
E1192803
040F8863
0016C803
C283557D
15330006
A8030105
45130186
7533FFF5
153301F5
AF030055
0E130106
1563FFF8
AE030008
1E7D0146
48039E7A
4E21000E
405E0E33
01C85833
08139542
05336000
932A0305
071EF63B
0E374685
08130100
06860FF0
00D30533
00055E83
01C77963
3915F163
07222188
279B0585
551310F5
053300B7
E16303D5
8F0902A7
06858F89
FCD879E3
07B74505
75630100
FA6300F7
05853515
8082C20C
B7DD872A
0186AE83
0306AE03
48014A88
41CE8F33
01CEF463
0146A803
01E506B3
CE0396C2
08130006
46851000
01000FB7
0FF00F13
7EB30E06
053301C8
957600D8
02A3051B
00055283
01F77963
2F15FF63
07222188
279B0585
551310F5
053300B7
06860255
00A7FA63
FFFE4713
00E87833
71E3872A
BF9DFCDF
8F898F09
88760685
0EC1BFCD
40E80833
03D30E9B
010006B7
D7038F99
7A63000E
450100D8
2B15F863
08222194
A79B0585
569310F6
86B300B8
F06302E6
081314D7
4509A003
0EB74F81
57030100
FA630008
F06301D6
CE832915
06A20005
A79B0585
DE9310FE
873300B6
FE6302EE
081B1CE7
468103C8
4E054F21
010002B7
0EB30E06
D38301C8
7A63000E
F4630057
CE832515
07220005
A79B0585
5E9310FE
8EB300B7
E663027E
07331FD7
87B341D7
0E0541D7
FDEE66E3
04BFF0BB
41E686B3
0E1396F2
F2BB2000
06850306
00769E13
0F374685
0E930100
068603F0
00D30833
5F839872
7A630008
F66301E7
C8031F15
07220005
279B0585
581310F8
083300B7
EA6303F8
07331907
87B34107
06854107
FCDEF5E3
FC068693
0496E8BB
0016D813
0E56FEBB
187D8A85
0026E693
80000E37
010696B3
980E4E13
031B96F2
4E8502D3
0FB74E05
069B0100
DF0303C3
79630006
F26301F7
21941915
05850722
10F6A79B
00B75693
03E686B3
001E9F13
14D7FF63
87369E76
8EFA187D
FC0817E3
0733BBFD
8F9540D8
010006B7
018ED803
00D77A63
F3634501
21941515
05850722
10F6A79B
00B75693
030686B3
04D7F163
9F3A777D
01000537
600F5703
00A6FA63
FD634501
21881115
058506A2
10F5279B
00B6D513
02E50733
0EE7EF63
8F998E99
F600081F
981AFFFF
4FB1450D
8F15B58D
06B78F95
D8030100
7A63030E
450100D7
0D15FE63
07222194
A79B0585
569310F6
86B300B7
E5E30306
8F15FCD7
06B78F95
D8030100
7A63048E
450100D7
0B15F863
07222194
A79B0585
569310F6
86B300B7
EFE30306
8F95F8D7
40D706B3
8E99BF51
01000EB7
57038F99
FA630108
FE6301D6
CE830715
06A20005
A79B0585
DE9310FE
873300B6
F76302EE
0E2100E7
03C8081B
BBED46A1
08138F99
87332008
0F1340E6
46C11000
8776B3ED
8742B505
186DBDA5
01000E37
01C77963
0315F963
07222194
A79B0585
830510F6
40E786B3
16FD82FD
187D8EF9
1FE38F95
4811FC08
8F15BD9D
9E7A8F95
450DB555
4501B15D
711D8082
03010293
7FE2960B
02C52D83
8E2ACE32
02852383
01852E83
000D9B63
8733415C
87B341D5
F4634077
85B300E7
478301D7
4703000E
4603001E
C63E002E
079346B2
97331000
D7B300E7
56FD00D7
00C696B3
FFF6C693
06B7CC36
2F838000
C69300CE
D036F006
869376FD
2C836006
07B3014E
C83640F7
CA3E96FE
2F03D236
8693040E
2283A00F
2403030E
2983034E
2D03038E
2A0303CE
2703010E
290301CE
2783020E
D436024E
FFFC8693
06374881
081F0100
00000800
46E2D636
0076F533
05125682
01E504B3
048694B6
009F8AB3
000AD303
00C97763
09222314
A79B0705
569310F6
86B300B9
FB630266
053354D7
031B4068
90234AA3
8513006A
9463280F
85630003
9493020D
83130083
9363FFFE
5332000E
43039352
93260003
733344D2
44B20093
00931333
0665155B
431D0385
246F7163
837A448D
01E4F363
0F33430D
5303406F
F7630025
230400C6
070506A2
10F4A79B
00B6D493
026484B3
1697FF63
406806B3
4AD3031B
00651123
06864689
00D50AB3
000AD903
00C4F863
00074303
070504A2
10F3279B
00B4D313
03230333
1467FE63
412804B3
4A99091B
012A9023
0AB30686
D90300D5
7763000A
230400C3
07050322
10F4A79B
00B35493
032484B3
1497F063
41280333
4A69091B
012A9023
0AB30686
D90300D5
F863000A
430300C4
04A20007
279B0705
D31310F3
033300B4
F0630323
04B31267
091B4128
90234A99
0686012A
00D50AB3
000AD903
00C37763
03222304
A79B0705
549310F4
84B300B3
F2630324
03331097
091B4128
90234A69
0686012A
00D50AB3
000AD903
00C4F863
00074303
070504A2
10F3279B
00B4D313
03230333
0E67F263
412804B3
4A99091B
012A9023
0AB30686
D90300D5
7763000A
230400C3
07050322
10F4A79B
00B35493
032484B3
0C97F463
41280333
4A69091B
012A9023
95360686
00055A83
00C4F863
00074303
070504A2
10F3279B
00B4D913
03590933
0B27F563
41580333
4A6A8A9B
01551023
01DA0533
0E85A114
30BEF9E3
64E346F2
006FDED7
131B3090
8F854A63
00651123
409684B3
B551468D
4B29191B
406787B3
012A9023
83330685
B54D4064
4B29191B
90238F85
0685012A
409304B3
191BB5C1
87B34B29
90234067
0685012A
40648333
191BBDF9
8F854B29
012A9023
04B30685
BDF54093
4B29191B
406787B3
012A9023
83330685
BF294064
4B29191B
90238F85
0685012A
409304B3
9A9BBF25
87B34B5A
10234127
06850155
41248933
8333BF91
4481405E
005EF363
935284E6
43039326
44990003
0A0F71BB
0306448D
10037B93
101B8A93
03550A9B
409F0F33
000AD903
00C6F763
06A22304
A79B0705
D49310F4
84B300B6
FA630324
06B31E97
091B4128
4B934AD9
9023FFF3
FB93012A
4689100B
7C330306
8AB30173
9AE200DB
03550A9B
000ADB03
00C4F863
00074903
070504A2
10F9279B
00B4D913
03690933
FF630686
04B31B27
0B1B4168
4C134A9B
9023FFF3
7C33016A
0306017C
01837BB3
00DC0AB3
0A9B9ADE
DB030355
7763000A
230400C9
07050922
10F4A79B
00B95493
036484B3
F7630686
09331897
0B1B4168
4B934B2B
9023FFF3
FBB3016A
0306018B
01737C33
00DB8AB3
0A9B9AE2
DB030355
F863000A
490300C4
04A20007
279B0705
D91310F9
093300B4
06860369
1527FD63
416804B3
4A9B0B1B
FFF34C13
016A9023
017C7C33
7BB30306
0AB30183
9ADE00DC
03550A9B
000ADB03
00C97763
09222304
A79B0705
549310F4
84B300B9
06860364
1297F563
41680933
4B2B0B1B
FFF34B93
016A9023
018BFBB3
7C330306
8AB30173
9AE200DB
03550A9B
000ADB03
00C4F863
00074903
070504A2
10F9279B
00B4D913
03690933
FB630686
04B30F27
0B1B4168
4C134A9B
9023FFF3
7C33016A
0306017C
01837AB3
00DC0B33
0B1B9B56
5B830365
7763000B
230400C9
07050922
10F4A79B
00B95493
037484B3
F3630686
09330C97
8B9B4178
4A934B2B
1023FFF3
FAB3017B
C31B018A
9AB6026A
051B9356
53030265
F8630005
490300C4
04A20007
279B0705
D91310F9
093300B4
06860269
0927FB63
406804B3
4A93031B
00651023
191BBB21
8F854B29
012A9023
409684B3
BD19468D
4B6B1B1B
412787B3
016A9023
89330685
B5A14124
4B6B1B1B
90238F85
0685016A
409904B3
1B1BBDAD
87B34B6B
90234127
0685016A
41248933
1B1BB575
8F854B6B
016A9023
04B30685
BDF94099
4B6B1B1B
412787B3
016A9023
89330685
BF014124
4B7B9B9B
10238F85
0685017B
409904B3
131BB789
87B34A63
10234127
B3350065
4A63131B
006A9023
010F0313
8B330306
0933006F
8F9540D9
000B5A83
00C97763
09222314
A79B0705
569310F6
86B300B9
F3630356
08B312D7
53224158
4B1A8A9B
015B1023
54830F31
F8630003
488300C6
06A20007
A79B0705
D89310F8
88B300B6
F4630298
06B32917
849B4098
10234AD4
051B0093
213602A3
00C8F863
00074303
070508A2
10F3279B
00B8D493
02D484B3
2297F263
40D808B3
4B16869B
4689A136
09330686
530300D5
F8630009
488300C4
04A20007
A79B0705
D89310F8
88B300B4
F1630268
04B32117
031B4068
10234A93
06860069
21069536
00C8F863
00074303
070508A2
10F3279B
00B8D913
02990933
1F27F463
409808B3
4B14849B
452DA106
FF868893
35E56A63
41D586B3
88630889
85466806
0116F363
83338536
4681405E
005EF363
969A86E6
40DC8333
88B393AA
84B340A8
626300AE
033372A3
86B301DA
951A41D6
04B38EA6
208400D3
0FA30305
1AE3FE93
BE1DFE65
4B5A9A9B
015B1023
01830B13
09339B7E
8F9540D9
000B5A83
00C97763
09222314
A79B0705
569310F6
86B300B9
F7630356
033308D7
8A9B4158
43424A6A
015B1023
94FE949A
0004D303
00C6F863
00074903
070506A2
10F9279B
00B6D913
02690933
0327FB63
406806B3
4AD3031B
00649023
405E86B3
F3634501
8566005E
96AA96D2
06B32288
038501DA
0E85A288
7B63469D
4F2568DF
88A2B445
4A63131B
86B38416
87B34126
90234127
82C60064
072F7B3B
88964F21
82A25312
BD158446
4B5A9A9B
03030493
015B1023
093394FE
8F9540D9
0004D883
00C97763
09222314
A79B0705
569310F6
86B300B9
F9630316
033300D7
889B4118
90234A68
BF4D0114
4B18989B
04830313
01149023
0933937E
8F9540D9
00035883
00C97763
09222314
A79B0705
569310F6
86B300B9
FC630316
04B300D7
889B4118
10234A98
88A20113
89C6844E
989BB7B5
8F954B18
01131023
40D906B3
846A88A2
B7E58D4E
BFA14F2D
4AD6969B
A1368F85
409884B3
BBF9468D
4A63131B
411787B3
00691023
88B30685
BBF54114
4A94949B
412787B3
0685A106
41288933
949BBD19
10234A94
89330093
87B34116
54834117
77630103
231400C9
07050922
10F6A79B
00B95893
029888B3
0F17F263
409806B3
4AD4849B
18230521
031B0093
568302A3
F7630023
230800C8
070508A2
10F5279B
00B8D493
02D484B3
0697FE63
40D80533
4AA6869B
00D31123
08864889
01130933
00095503
00C4F763
04A22314
A79B0705
D69310F6
86B300B4
FE6302A6
04B304D7
051B40A8
10234A95
088600A9
54839346
F7630003
230800C6
070506A2
10F5279B
00B6D913
02990933
0527F063
409806B3
4AD4849B
00931023
F9E346AD
0313D5E6
A06D2000
4AD6969B
11238F85
84B300D3
488D4098
151BB759
8F954AA5
00A91023
86B30885
B75540D4
4A94949B
412787B3
00931023
89330885
BF7D4126
4A94949B
41190933
411787B3
00931823
0A934885
08860FF0
20088493
2096949A
00C97763
09222308
279B0705
551310F5
053300B9
FD6302D5
093300A7
869B40D8
A0964B26
F8E3892A
8893FD1A
B7BDF108
4AD6969B
40A90933
A0968F89
B7E50885
0313450D
65632000
16E50115
00769313
5683937E
77630023
230800C9
07050922
10F5279B
00B95493
02D484B3
1897FC63
40D80533
4AA6869B
00D31123
06864689
00D30AB3
000AD903
00C4F763
04A22308
279B0705
D51310F5
053300B4
FC630325
04B316A7
091B4128
90234A99
0686012A
00D30AB3
000AD903
00C57763
05222304
A79B0705
549310F4
84B300B5
FD630324
05331497
091B4128
90234AA9
0686012A
00D30AB3
000AD903
00C4F763
04A22308
279B0705
D51310F5
053300B4
FE630325
04B312A7
091B4128
90234A99
0686012A
00D30AB3
000AD903
00C57763
05222304
A79B0705
549310F4
84B300B5
FF630324
05331097
091B4128
90234AA9
0686012A
55039336
F8630003
490300C4
04A20007
279B0705
D91310F9
093300B4
F06302A9
04B31127
051B40A8
10234A95
869300A3
450DFC06
06D57563
0016F513
D31344B5
65130016
E0630025
137D10D4
00651533
4B850505
869376FD
8B1B3006
9B7E02A6
000B5483
00C97763
09222314
A79B0705
5A9310F6
8AB300B9
9693029A
FA63001B
09330B57
849B4098
10234B24
955E009B
137D8956
1FE38BB6
06B3FA03
44C940D5
00168513
25E4E863
831E4F1D
000D8363
E363836E
8D4E2466
20288893
841689A2
A25182AA
4AD6969B
11238F85
04B300D3
468D4099
191BB5AD
8F894B29
012A9023
85330685
B56140A4
4B29191B
90238F85
0685012A
409504B3
191BB55D
8F894B29
012A9023
85330685
B5D140A4
4B29191B
90238F85
0685012A
409504B3
151BB5CD
87B34AA5
10234127
068500A3
41248933
949BBDFD
09334A94
87B34159
10234157
9536009B
136DB7B9
00C97763
09222314
A79B0705
591310F6
87B30019
D4934127
851B41F7
137D02A4
009974B3
97A60505
FC031CE3
D6830512
7863002F
430300C9
09220007
279B0705
549310F3
84B300B9
FC6302D4
03331097
869B40D8
91234A66
468900DF
02DF8A9B
000AD903
00C4F863
00074303
070504A2
10F3279B
00B4D313
03230333
0E67FC63
412804B3
4A99091B
012A9023
8A9B0689
D90302DF
7763000A
230400C3
07050322
10F4A79B
00B35493
032484B3
0C97FE63
41280333
4A69091B
012A9023
8A9B0691
D30302DF
F863000A
490300C4
04A20007
279B0705
D91310F9
093300B4
FE630269
04B30B27
031B4068
90234A93
16E1006A
557D8EC9
E6A691E3
08931F51
06B71120
77630100
231400D9
07050922
10F6A79B
02FE2223
02CE2783
2008B513
00EE2E23
032E2023
051E2223
01DE2C23
027E2423
025E2823
028E2A23
033E2C23
03AE2E23
05EE2023
00154513
2783E799
E463004E
262300F3
029302FE
860B0301
61257FE2
969B8082
8F854AD6
00DF9123
409904B3
B5ED468D
4B29191B
406787B3
012A9023
83330691
B7214064
4B29191B
90238F85
06A1012A
409304B3
131BB71D
87B34A63
90234127
8933006A
B7994124
BB554F29
89A28D4E
82AA8416
0533B845
430300DA
0E850005
01DA0533
FE650FA3
93630685
468100DC
FE9E93E3
C14FF06F
F06F4F2D
0793C0EF
2C231140
26230005
24230405
26230205
C17C0205
82D88082
0006A983
0006A023
00078023
417C8DBE
07138BBA
842A1120
84B28B2E
7A638936
071308F7
66631140
47110AF7
8963447C
77630C09
47030AF7
E34D0504
0537E1BB
05244783
05144703
A79B07C2
470330E7
8FD90544
05344703
10E7A79B
D05C5458
5418EB01
071FE711
BFFFFBFF
06F76863
57FD4078
2623D01C
07930404
F8631130
201C02E7
44143018
40000613
0793973E
97B33000
879300E7
47017C07
06F76563
DC5C4785
D85CDC1C
2023D81C
22230404
4C4D0404
0A935D7D
40740504
11200793
04F69B63
EB99505C
80234785
450100FD
071382D4
452D1FF0
FEE78CE3
BFCD4505
00178693
0485C474
FFF4C683
19FD97A2
04D78823
00092783
20230785
B73D00F9
478DFB9D
A292B7D9
06890705
89B3BF41
84B64099
C699B75D
07334C1C
7D6340FB
EF0100D7
E1634C1C
407C0767
1A079A63
E7B9505C
BF514791
544C8736
E5995410
8533404C
636340C5
D44C00A7
D410963A
4810580C
01442803
C0748E99
8533973E
468140B7
00B7F363
96B286C2
228896AA
00F606B3
A2880785
FEE793E3
B75DCC1C
040B9863
B7914789
44784C81
10071F63
013C7463
0A0C8163
01348A33
85A60870
CE528522
B2BFE0EF
F0BBE515
27831429
04130009
97CE0504
00F92023
FF342E23
F49A01E3
0405209C
0FA30485
BFCDFEF4
BF654C85
0A334A72
74BB409A
8A63151A
0C3B020C
27830205
04130009
97D20504
00F92023
FF442E23
96639A26
47890144
00FD8023
209CBDE1
04850405
FEF40FA3
8626B7ED
85DACC44
E0EF8522
4C54F0DF
409684B3
01AA1E63
0099FE63
1FF00793
452DC07C
8613BD71
9626FEC9
BFD95A7D
FF4496E3
00092783
202397A6
00E300F9
0793EC05
C07C2000
0A05B551
40EA06B3
C60396A6
06B3FFF6
87A30144
06B304C6
6A6340EA
E2E3074C
8733FF36
0870014A
852285D6
CE3AC636
A47FE0EF
E10546B2
14EA773B
05442623
00092783
202397B6
478D00F9
00FD8023
8A3AB525
4A72B7C9
0A334474
6BE3415A
8963F6DA
4709020C
02E50663
00092783
8F9597D2
00F92023
05442623
00ED8023
8A63B511
B7B90347
EA0B82E3
9AE3BF29
5A7DF80C
01542E23
85DA8656
E0EF8522
4C5CE31F
87B34478
5CE34157
F9BBFC0A
E1E315C7
8F99F2E7
00092703
00F486B3
40F989B3
202397BA
262300F9
06E30404
B725DE05
290382C8
2B030006
20230007
842A0006
89B28BAE
8A3A8C36
20238D3E
484C0007
CE5A4C1C
00B79463
00042C23
01842A83
87B34701
E5634155
05B30127
876A0159
866287C2
85220874
F0EFC642
4772C89F
000A2783
855E8CAA
202397BA
4C0400FA
9C3A480C
415484B3
95D68626
40EB0B33
F63F70EF
0009A783
09339BA6
97A64099
00F9A023
000C9663
4832C481
F80919E3
82C48566
842A8028
852E41DC
9782440C
00042423
80488024
962E451C
30000493
00C494B3
8493842A
C7897C04
4501453C
02F48863
852285B6
F0EF8936
2783FCBF
95930009
854A0014
87AA9782
4509C408
051FCB81
00000D00
C45C97AA
4501C424
723B8044
45110506
21B88082
A79B319C
31B810E7
20E7A79B
A79B21D8
670530E7
00E7F363
C15C6785
F73B219C
46A5E1F7
02D7F733
0713A118
D73302D0
D7B302E7
A13802D7
F7B34715
B11C02E7
80824501
842A8228
C6360828
FABFF0EF
ED0946B2
01914603
01814583
F0EF8522
E509F4DF
C01C47E2
C05C47F2
5B638224
87AA04B0
C9294859
87328018
EB01862E
70EF4581
0813DA7F
85420960
F8638014
458100D5
D95F70EF
0A200813
7663B7FD
05B300A7
686300D7
480100B5
FCE7FFE3
7CE396BE
4581FCD7
70EF853E
0813D6FF
B7E10B60
02200813
80828542
02D5E363
C205C10D
0005CF63
7663CE89
07B300A6
7A6300D6
766300F5
07B300C5
746300D5
F06F00F6
8018F7DF
863685B2
DDBF70EF
80144501
04138028
5C630220
445900B0
87B2C909
EB81862E
70EF4581
0413D0FF
85220960
F8638024
458100D5
CFDF70EF
0A200413
4401B7FD
FEF505E3
8636D2FD
80EF85BE
BFF188CF
C36387AE
80280205
C911842A
863685B2
02D7E063
CCDF70EF
853A4701
07138024
DDE50220
BFD54759
02200713
8082853A
02200713
863ED3FD
CA9F70EF
0A200713
8732BFE9
00E04663
963E429C
8082C290
17FD411C
D563C11C
57FD0007
8082C29C
177D415C
415CA38C
C15C0785
9FD8BFE1
00A34AB7
F78A8793
CC3E711D
00A34B37
8CAA47A9
CE028432
D202D002
D602D43E
DA02D802
DE02DC02
C282C082
04011423
4701CA02
F78A8A93
3F8C0B9F
0B1300A3
0C1FF44B
00A34288
3F64091F
219C00A3
46D2C781
0006D963
163BC319
45520737
25010113
86B380D4
229400FB
00158A13
08DBD6DB
C98396BA
FE3B1006
069B0829
4294053B
A7038682
177D000C
00ECA023
02074063
004CA703
A783A31C
0785004C
00FCA223
078547D2
85D2CA3E
B745874E
BFDD57FD
C28257FD
D602D002
DA3ED802
DC02D202
B7D5DE02
02B00713
02E78963
00F76A63
2007883B
23F794BB
E79357B2
A8210807
2D0788BB
30F790BB
E79357B2
A0210087
E79357B2
D63E0027
57B2B77D
0017E793
57B2BFDD
0047E793
93BBB7FD
40142A07
D8360411
DC364685
E69556E2
030701BB
56C2D802
AE14071F
54630147
557D00D7
9713B735
87930026
9736FD07
879B9F81
D83E02E7
57C2B78D
0007D963
07B35732
D83E40F0
00476713
5742D63A
CCC8079F
D2E30CCC
B7E1F4E7
BF35DA02
2A0793BB
04114018
4705DA3A
56F2DE3A
E2855752
AE14069F
C4E30147
1693FAE6
87930027
9736FD07
879B9F81
DA3E02E7
5463B729
57FD0007
5752DA3E
0713BF55
876306A0
606308E7
071304F7
866304C0
6E6304E7
993B00F7
319C49B7
36179FBB
9D3B21BC
8A133427
67210035
8FBBA091
923B5A07
319468B7
97635732
8A130AF6
67890025
0713A081
86630740
6B6304E7
893B00F7
993B6C07
57B271A7
1400071F
A8010000
772782BB
7AA794BB
00020737
8FD957B2
3194BDD9
97635732
8A1300F6
67850025
A0198F5D
01076713
B5B5D63A
00040737
6741BFF1
963BBFE1
21BC3307
32079DBB
776157B2
8A13177D
8FF90035
8713BD69
7693F9C7
F53B0FF7
071F1206
00020821
00D75733
18E38B05
F793E207
8A3B0DF7
A7835887
17FD000C
00FCA023
0007DC63
A02D57FD
02076713
57B2B745
0800071F
BFB50000
004CA783
04900713
A783A398
0785004C
00FCA223
078547D2
4981CA3E
F23BB3DD
07136847
F2E30650
0713E6E7
89630530
6F631AE7
071308F7
8F630430
E66314E7
879300E7
E13BFBB7
57820397
8E1D5642
8E1D4796
C0B257B2
EB898BB1
00C05863
05930854
85660200
CC3FF0EF
5E634696
083C00D0
00F68633
000CA703
A023177D
5E6300EC
57FD4A07
57B2CA3E
95BB8BB1
46060807
00C05863
05930854
85660300
C8BFF0EF
8C635792
57FD4A07
47D2CA3E
D407C9E3
8B9157B2
D40785E3
52E34606
0854D4C0
02000593
F0EF8566
BB15C61F
06300713
0CE78C63
06F76163
58D79BBB
D43A4741
5732CC4A
585785BB
7057953B
4090079F
8F5D0000
C2BE4789
C79377E1
DA028307
1423D63A
57B204F1
8F7D6725
16070A63
7793041D
8413FF84
43840087
0047AD03
0713A245
8BE30700
6363FAE7
823B02F7
953B6907
06936FC7
57320690
00D78663
10F6ED63
64F790BB
04076713
AA11D63A
75F789BB
78E7823B
73B79BBB
401457B2
00440493
FF77F713
071FD63A
00000810
CE368FF9
EBD95752
079FE689
00A34290
4572CE3E
FF171BBB
BA5F70EF
06055B63
A8854501
670557B2
83070693
E6898EFD
80070713
D63E8FD9
460557B2
F593D032
D62EFF77
0810059F
8FED0000
00440713
C7994014
C6B600FC
D232CE3E
BDA5843A
062300FC
CE3E04D1
BFCDD202
670557B2
83070693
FABD8EFD
80070713
D63E8FD9
972AB7B5
846387AA
239400E7
8533E691
D02A40A7
B5818426
B7F50785
D23E4785
079FE689
00A34298
46F2CE3E
84634781
429000E7
0737EA01
E3632000
478100E7
BFC9D03E
06910785
CC56B7DD
08077713
EE070BE3
03000713
04E10423
2B184762
04E104A3
C2BA4709
843BBDF9
9A3B6F07
47A975A7
CC4AD43E
47A1BD79
CC4AD43E
08077793
E80789E3
20076713
B561D63A
0107F693
0407F713
4004C689
CB4D0411
9693A065
D9630127
40140806
04114D01
0FF6F493
06E2CF11
DB6386E1
C4930006
9C81FFF4
E7930485
DD131007
D63E41F4
8DA657B2
F693876A
CE890407
000D5C63
40900DB3
01B036B3
41A00733
1007E793
D63E8F15
97B756B2
8FF50004
4701E391
24C10813
E7B3CE42
E3C100ED
D002C282
46855752
00074F63
969357B2
C4630117
9BDD0006
0793D63E
D3632000
DA3E00E7
061356D2
AA690300
0207F693
4004CE81
C7110411
84C104C2
41F4DD13
9CA1B751
BFBD4D01
00F79693
0006D763
04114004
41F4DD13
9693B7B5
DB6300E7
40040006
00440793
41F4DD13
4D01E311
BF89843E
00D79693
F006DBE3
57A2BB61
91BBEF49
46A90A17
47724625
FFF70793
F7B3CE3E
97CA02DD
0FA3239C
D793FEF7
879B002D
879B43B7
879B48F7
879B50F7
838D60F7
00279513
951B953E
7C6302AD
078504A6
B7D18DBE
100789BB
0817903B
07934772
CE3EFFF7
007DF793
239C97CA
003DDD93
FEF70FA3
FE0D94E3
4772A005
00FDF693
004DDD93
FFF70793
47E2CE3E
239C97B6
FEF70FA3
FE0D93E3
083347F2
D04240F8
F7DDBDC5
8CBBBFD5
8B3B0A07
9ABB1017
46F208F7
FFF68793
F793CE3E
97CA007D
DD93239C
AD9B003D
830D3AED
FEF68FA3
00EDE7B3
B7C9FFF9
462947F2
8693856E
CE36FFF7
468185BA
C43EC642
70EFC23A
954A962F
47122114
856E47A2
8FA385BA
4629FED7
70EF4681
872E946F
8DAA8DC9
F1F94832
46F2B751
00FDF613
004DDD93
FFF68793
47E2CE3E
38EDAD9B
97B28311
8FA3239C
E7B3FEF6
FFF100ED
47F2BFB1
FFF78713
8FA3CE3A
5782FEC7
D03E0785
46E35702
57B2FED7
2007F793
47F2C385
2398C701
3007063B
FFF78713
0713CE3A
8FA30300
5782FEE7
D03E0785
F71357B2
CB110407
1007F713
0713C70D
042302D0
470504E1
E4B3C2BA
9EE301A4
9713B204
5AE30117
4715B207
CE629BDD
D63ED03A
F713B61D
C7010017
02B00713
F713BFC9
DB710027
02000713
A703B7D9
C583004C
07850307
A703A30C
0705004C
00ECA223
B2F612E3
97B647D2
45F2B635
A7035482
87AE000C
009586B3
06974963
0C04DDBB
A81987AE
004CA703
07852394
A703A314
0705004C
00ECA223
40B78733
FE9744E3
000CA783
A0238F85
47D200FC
CA2694BE
A503B629
8626004C
CCAF70EF
004CA783
A22397A6
BFE900FC
000CA703
A023177D
42E300EC
A703AE07
2390004C
A3100785
004CA703
A2230705
873300EC
4DE340F6
BF65FCE0
84AE8138
85B2842A
8636C62A
C4260028
F5EFF0EF
00054B63
17FD47A2
C663C43E
47B20007
00078023
47A28134
0007D763
0FA39426
5579FE04
0023BFC5
557D0004
8028B7E5
842A8832
863687AE
E119CA8D
8024557D
CDE3DDF5
08B7FE05
C8938000
E063FFE8
86BA0308
02B87263
00180593
F91FF0EF
FEF5073B
FC055DE3
D969A029
C7E3D9E1
0023FC07
B7D90004
F75FF0EF
0000B7E5
000004F9
00000003
00000000
00000000
00000000
00000000
00A2D21C
00A2D232
00A2D248
00A2D2F8
00A2D25E
00A2D274
00A2D28A
00A2D2A0
00A2D2B6
00A2D2CC
00A2D206
00A2D2E2
00A2D30E
00A2D324
00A2D206
00A2D33A
00A2D350
00A2D366
00000000
00000000
D06E7175
D466D26A
D85ED662
DC56DA5A
C0CEDE52
C4A6C2CA
C8FEC6A2
CCF6CAFA
D0C6CEF2
D4BED2C2
D8B6D6BA
DCAEDAB2
C11EDEAA
C516C31A
2A73C706
C052FC20
342029F3
2973C24E
C44A3430
24F3C60E
C8263000
34102473
CC12CA22
7073CE0A
10733004
41173401
0113FFFD
42A1DDA1
00599463
E1FF606F
00299293
00000317
F3430313
00000397
F7438393
34002573
FF63929A
A2830472
B0EF0002
2173809F
62893400
80028293
3002A073
907342D2
5D823412
5CA25D12
5BC25C32
5AE25B52
49865A72
44A64916
4FC64436
4EE64F56
58864E76
57A65816
56C65736
55E65656
438A5576
42AA431A
614940BA
30200073
A57FB06F
00000000
00000000
F05FF06F
BBDFB06F
BB9FB06F
BB5FB06F
BB1FB06F
BADFB06F
BA9FB06F
BA5FB06F
BA1FB06F
B9DFB06F
B99FB06F
B95FB06F
1700006F
B8DFB06F
B89FB06F
B85FB06F
B81FB06F
B7DFB06F
B79FB06F
B75FB06F
B71FB06F
B6DFB06F
B69FB06F
B65FB06F
B61FB06F
B5DFB06F
2000006F
2A80006F
3500006F
3F80006F
4A00006F
5480006F
5F00006F
5EC0006F
5E80006F
5E40006F
5E00006F
5DC0006F
5D80006F
5D40006F
5D00006F
5CC0006F
5C80006F
5C40006F
5C00006F
5BC0006F
5B80006F
5B40006F
5B00006F
5AC0006F
5A80006F
5A40006F
5A00006F
59C0006F
5980006F
5940006F
5900006F
58C0006F
5880006F
5840006F
5800006F
57C0006F
5780006F
5740006F
5700006F
56C0006F
5680006F
5640006F
5600006F
55C0006F
5580006F
5540006F
5500006F
54C0006F
5480006F
5440006F
5400006F
53C0006F
5380006F
5340006F
5300006F
52C0006F
5280006F
5240006F
5200006F
51C0006F
5180006F
5140006F
5100006F
50C0006F
5080006F
5040006F
5000006F
4FC0006F
4F80006F
4F40006F
4F00006F
4EC0006F
4E80006F
4E40006F
4E00006F
4DC0006F
4D80006F
00000000
30047073
D06E7175
D466D26A
D85ED662
DC56DA5A
C0CEDE52
C4A6C2CA
C8FEC6A2
CCF6CAFA
D0C6CEF2
D4BED2C2
D8B6D6BA
DCAEDAB2
C11EDEAA
C516C31A
2A73C706
C052FC20
342029F3
2973C24E
C44A3430
24F3C60E
C8263000
34102473
CC12CA22
1073CE0A
31173401
0113FFFD
257373E1
B0EF3400
2173D94F
62893400
88028293
3002A073
907342D2
5D823412
5CA25D12
5BC25C32
5AE25B52
49865A72
44A64916
4FC64436
4EE64F56
58864E76
57A65816
56C65736
55E65656
438A5576
42AA431A
614940BA
30200073
30047073
C0067119
C40EC20A
C816C612
CC1ECA1A
D026CE22
D42ED22A
D836D632
DC3EDA3A
C0C6DE42
C4CEC2CA
C8D6C6D2
CCDECADA
D0E6CEE2
D4EED2EA
D8F6D6F2
DCFEDAFA
341022F3
1073DE96
31173401
0113FFFD
B0EF68E1
2173B02F
62893400
88028293
3002A073
907352F6
40823412
435242C2
447243E2
55125482
563255A2
575256C2
587257E2
49164886
4A3649A6
4B564AC6
4C764BE6
5D165C86
5E365DA6
5F565EC6
61095FE6
30200073
30047073
C0067119
C40EC20A
C816C612
CC1ECA1A
D026CE22
D42ED22A
D836D632
DC3EDA3A
C0C6DE42
C4CEC2CA
C8D6C6D2
CCDECADA
D0E6CEE2
D4EED2EA
D8F6D6F2
DCFEDAFA
341022F3
1073DE96
31173401
0113FFFD
B0EF5E21
2173A96F
62893400
88028293
3002A073
907352F6
40823412
435242C2
447243E2
55125482
563255A2
575256C2
587257E2
49164886
4A3649A6
4B564AC6
4C764BE6
5D165C86
5E365DA6
5F565EC6
61095FE6
30200073
30047073
C0067119
C40EC20A
C816C612
CC1ECA1A
D026CE22
D42ED22A
D836D632
DC3EDA3A
C0C6DE42
C4CEC2CA
C8D6C6D2
CCDECADA
D0E6CEE2
D4EED2EA
D8F6D6F2
DCFEDAFA
341022F3
1073DE96
31173401
0113FFFD
B0EF5361
2173A2AF
62893400
88028293
3002A073
907352F6
40823412
435242C2
447243E2
55125482
563255A2
575256C2
587257E2
49164886
4A3649A6
4B564AC6
4C764BE6
5D165C86
5E365DA6
5F565EC6
61095FE6
30200073
30047073
C0067119
C40EC20A
C816C612
CC1ECA1A
D026CE22
D42ED22A
D836D632
DC3EDA3A
C0C6DE42
C4CEC2CA
C8D6C6D2
CCDECADA
D0E6CEE2
D4EED2EA
D8F6D6F2
DCFEDAFA
341022F3
1073DE96
31173401
0113FFFD
B0EF48A1
21739BEF
62893400
88028293
3002A073
907352F6
40823412
435242C2
447243E2
55125482
563255A2
575256C2
587257E2
49164886
4A3649A6
4B564AC6
4C764BE6
5D165C86
5E365DA6
5F565EC6
61095FE6
30200073
30047073
C0067119
C40EC20A
C816C612
CC1ECA1A
D026CE22
D42ED22A
D836D632
DC3EDA3A
C0C6DE42
C4CEC2CA
C8D6C6D2
CCDECADA
D0E6CEE2
D4EED2EA
D8F6D6F2
DCFEDAFA
341022F3
1073DE96
31173401
0113FFFD
B0EF3DE1
2173952F
62893400
88028293
3002A073
907352F6
40823412
435242C2
447243E2
55125482
563255A2
575256C2
587257E2
49164886
4A3649A6
4B564AC6
4C764BE6
5D165C86
5E365DA6
5F565EC6
61095FE6
30200073
30047073
C0067119
C40EC20A
C816C612
CC1ECA1A
D026CE22
D42ED22A
D836D632
DC3EDA3A
C0C6DE42
C4CEC2CA
C8D6C6D2
CCDECADA
D0E6CEE2
D4EED2EA
D8F6D6F2
DCFEDAFA
341022F3
1073DE96
31173401
0113FFFD
B0EF3321
21738E6F
62893400
88028293
3002A073
907352F6
40823412
435242C2
447243E2
55125482
563255A2
575256C2
587257E2
49164886
4A3649A6
4B564AC6
4C764BE6
5D165C86
5E365DA6
5F565EC6
61095FE6
30200073
30047073
C0067119
C40EC20A
C816C612
CC1ECA1A
D026CE22
D42ED22A
D836D632
DC3EDA3A
C0C6DE42
C4CEC2CA
C8D6C6D2
CCDECADA
D0E6CEE2
D4EED2EA
D8F6D6F2
DCFEDAFA
341022F3
1073DE96
31173401
0113FFFD
B0EF2861
217387AF
62893400
88028293
3002A073
907352F6
40823412
435242C2
447243E2
55125482
563255A2
575256C2
587257E2
49164886
4A3649A6
4B564AC6
4C764BE6
5D165C86
5E365DA6
5F565EC6
61095FE6
30200073
30002573
B07342A1
80823002
30002573
A07342A1
80823002
30051073
00008082
00FFFFFF
00FFFFFF
02020100
03030303
04040404
04040404
05050505
05050505
05050505
05050505
06060606
06060606
06060606
06060606
06060606
06060606
06060606
06060606
07070707
07070707
07070707
07070707
07070707
07070707
07070707
07070707
07070707
07070707
07070707
07070707
07070707
07070707
07070707
07070707
08080808
08080808
08080808
08080808
08080808
08080808
08080808
08080808
08080808
08080808
08080808
08080808
08080808
08080808
08080808
08080808
08080808
08080808
08080808
08080808
08080808
08080808
08080808
08080808
08080808
08080808
08080808
08080808
08080808
08080808
08080808
08080808
00000104
00200000
00800000
73616C46
6F6F6268
61552074
49207472
2074696E
63637553
00000021
73616C46
6F6F6268
614D2074
636F6C6C
696E4920
75532074
00216363
73616C46
6E492068
46207469
216C6961
74657220
00203D20
73616C46
6E492068
53207469
21636375
00000000
20434653
20786966
72205253
3D207465
00000000
6D207773
2C65646F
76656C20
735B6C65
68633A77
3A5D7069
00000000
6D207768
2C65646F
76656C20
635B6C65
5D706968
0000003A
69706175
7261705F
69746974
675F6E6F
695F7465
206F666E
6C696166
00206465
5F677075
73616C66
65725F68
66206461
656C6961
00002064
6E206F4E
20646565
75206F74
61726770
2E2E6564
0000002E
6465656E
67707520
65646172
00000000
2D2D2D2D
2D2D2D2D
2D2D2D2D
2D2D2D2D
2D2D2D2D
2D2D2D2D
00002D2D
72677075
20656461
6C696166
202C6465
65736572
6F6E2074
00000077
72677075
20656461
63637573
2C737365
73657220
6E207465
0000776F
20746547
20707061
74726170
6F697469
6166206E
64656C69
00000021
73616C66
6E655F68
70797263
69642074
6C626173
00002E65
72646441
746F6E20
36353220
65747962
696C6120
656D6E67
0020746E
73616C66
6E655F68
70797263
6E652074
656C6261
0000002E
72636E45
20747079
6B72646F
72652031
00003D72
72636E45
20747079
63706166
72726520
0000003D
72636E45
20747079
61707962
65207373
003D7272
69726576
61207966
68207070
20646165
6C696166
20216465
3D746572
00000000
69726576
61207966
62207070
2079646F
6C696166
21216465
74657220
0000003D
5F746567
5F676B70
64616568
66207265
2C6C6961
74657220
00203D20
5F677075
69726576
66207966
2C6C6961
74657220
00203D20
65736572
70752074
64617267
6C662065
66206761
2C6C6961
74657220
0000003D
75716572
20747365
72677075
20656461
6C696166
6572202C
00003D74
20797254
61746F66
78696620
70706120
0000002E
73616C46
6F6F6268
61622074
70756B63
726F7720
676E696B
00000021
73616C46
6F6F6268
61702074
74697472
206E6F69
6F666E69
74656720
69616620
0000216C
6F636552
79726576
61726520
66206573
656C6961
20212164
20746572
0000203D
6F636552
79726576
69727720
66206574
656C6961
20212164
20746572
0000203D
6F636552
79726576
216B6F20
00000000
00004556
5F656964
65206469
65737566
6165725F
74695F64
66206D65
216C6961
00000000
20656964
6D206469
6D636D65
61662070
00216C69
67616D69
64692065
72726520
0021726F
73726576
206E6F69
73756665
65725F65
695F6461
206D6574
6C696166
00000021
6469736D
6D6F6320
65726170
69616620
0000216C
73756665
65725F65
695F6461
206D6574
69726576
65207966
6C62616E
61662065
00216C69
73726576
206E6F69
706D6F63
20657261
6C696166
00000021
00000000
4BD2F01E
00000000
00000100
4BD2F02D
00000000
00000002
4B1E3C1E
00000003
00000102
4B1E3C2D
00000003
00000003
4B69871E
00000003
00000103
4B69872D
00000003
00000004
4B1E3C1E
00000003
00000104
4B1E3C2D
00000003
00000005
4B69871E
00000003
00000105
4B69872D
00000003
00000201
4B87A51E
00000004
00000301
4B87A52D
00000004
00000006
4B0F2D1E
00000002
00000106
4B0F2D2D
00000002
75636573
615F6572
65687475
6369746E
20657461
5F767264
5F6D6F72
68706963
735F7265
35326168
61662036
00216C69
75636573
615F6572
65687475
6369746E
20657461
5F767264
5F6D6F72
68706963
705F7265
625F656B
36353270
65765F72
79666972
69616620
0000216C
69726576
695F7966
6567616D
646F635F
72615F65
64206165
725F7672
635F6D6F
65687069
68735F72
36353261
00000021
69726576
695F7966
6567616D
646F635F
72615F65
68206165
20687361
636D656D
6620706D
216C6961
00000000
69726576
695F7966
6567616D
646F635F
72615F65
66206165
216C6961
00000000
69726576
695F7966
6567616D
79656B5F
6572615F
65732061
65727563
72657620
20796669
61736964
21656C62
00000000
69726576
695F7966
6567616D
79656B5F
6572615F
65732061
65727563
72657620
20796669
6F727265
00002172
69726576
695F7966
6567616D
79656B5F
6572615F
6F722061
656B746F
74735F79
73757461
766E6920
64696C61
00000021
69726576
695F7966
6567616D
79656B5F
6572615F
6D692061
20656761
65206469
726F7272
00000021
69726576
695F7966
6567616D
79656B5F
6572615F
65732061
65727563
7475615F
746E6568
74616369
00002165
69726576
695F7966
6567616D
79656B5F
6572615F
656B2061
65762079
6F697372
7265206E
21726F72
00000000
69726576
695F7966
6567616D
79656B5F
6572615F
736D2061
65206469
726F7272
00000021
69726576
695F7966
6567616D
79656B5F
6572615F
69642061
64692065
72726520
0021726F
69726576
695F7966
6567616D
79656B5F
6572615F
61662061
00216C69
69726576
695F7966
6567616D
646F635F
6E695F65
73206F66
72756365
65762065
79666972
73696420
656C6261
00000021
69726576
695F7966
6567616D
646F635F
6E695F65
73206F66
72756365
65762065
79666972
72726520
0021726F
69726576
695F7966
6567616D
646F635F
6E695F65
69206F66
6567616D
20646920
6F727265
00002172
69726576
695F7966
6567616D
646F635F
6E695F65
73206F66
72756365
75615F65
6E656874
61636974
00216574
69726576
695F7966
6567616D
646F635F
6E695F65
6B206F66
76207965
69737265
65206E6F
726F7272
00000021
69726576
695F7966
6567616D
646F635F
6E695F65
6D206F66
20646973
6F727265
00002172
69726576
695F7966
6567616D
646F635F
6E695F65
66206F66
216C6961
00000000
67E6096A
85AE67BB
72F36E3C
3AF54FA5
7F520E51
8C68059B
ABD9831F
19CDE05B
6F168073
B9B21449
D7422417
00068ADA
BC306FA9
AA383116
4DEE8DE3
4E0EFBB0
00A2A5A4
00A2A562
00A2A632
00A2A6C4
00A2A6DE
00A2B8FA
00A2B8E4
00A2B8DC
00A2B8E4
00A2B8E8
00A2B8E4
00A2B8F2
00A2B8E4
00A2B8E4
00A2B8E4
00A2B8E4
00A2B8E4
00A2B8E8
00A2B8F2
00201001
00A2B998
00000000
00A2B92E
00A2B920
00A2B912
00A2B904
00A2B904
00A2B6D6
00A2B6EC
00A2B722
00000000
00A2B800
00A2B7E0
00000000
00000000
00000000
00000000
00A2B704
00A2B678
00A2B68A
00000000
44010000
44011000
44012000
FFFFC639
400006C1
04000101
00000002
00000000
00000019
00000001
00000011
FFFFC639
400006C1
20000291
04000101
00000019
00004059
000049D9
000055D9
00006B59
0000F759
00000001
00000011
00004000
00004000
00002991
00004000
00050301
03010000
00010135
00000002
00000000
001640C8
00400000
00000004
00A3295C
00A32974
00A3294C
00A3298C
00FFFFFF
00080000
00000003
00A32940
00A32944
00A3292C
00A32938
6E206F4E
20646565
66206F74
53207869
0A0D2152
00000000
66205253
6F207869
0A0D216B
00000000
64255253
2578305B
6E205D78
73646565
78696620
2C676E69
70786520
5B746365
78257830
000A0D5D
00080000
00080003
000300A0
00200270
02900003
00030008
00080298
02A00003
00030100
002003A0
03C00003
00030001
000803E8
06300003
00030030
00300660
06900003
00030030
003006C0
06F00003
00030080
010002A0
046F0003
00030001
000F0460
04700003
00030010
00300770
00000003
00000020
00007830
61647075
725F6574
74657365
756F635F
0020746E
7C4D4F52
61666564
5F746C75
646E6168
2072656C
6E69203A
72726574
20747075
5B786469
0A5D6425
00000000
7C4D4F52
73706F4F
68202D20
20647261
6C756166
000A0D74
7C4D4F52
65637865
6F697470
78253A6E
00000A0D
7C4D4F52
73706F4F
494D4E3A
0000000A
7C4D4F52
73706F4F
69202D20
206E736E
65676170
75616620
0A0D746C
00000000
7C4D4F52
73706F4F
6C202D20
2064616F
65676170
75616620
0A0D746C
00000000
7C4D4F52
73706F4F
6C202D20
206B636F
0A0D7075
00000000
7C4D4F52
73706F4F
73202D20
65726F74
67617020
61662065
0D746C75
0000000A
7C4D4F52
73706F4F
65202D20
61657262
000A0D6B
7C4D4F52
73706F4F
65202D20
7269766E
656D6E6F
6320746E
206C6C61
6D6F7266
6D2D4D20
0D65646F
0000000A
7C4D4F52
73706F4F
65202D20
7269766E
656D6E6F
6320746E
206C6C61
6D6F7266
6D2D5320
0D65646F
0000000A
7C4D4F52
73706F4F
65202D20
7269766E
656D6E6F
6320746E
206C6C61
6D6F7266
6D2D5520
0D65646F
0000000A
7C4D4F52
73706F4F
69202D20
7274736E
69746375
61206E6F
73656363
61662073
0D746C75
0000000A
7C4D4F52
73706F4F
69202D20
67656C6C
69206C61
7274736E
69746375
0A0D6E6F
00000000
7C4D4F52
73706F4F
69202D20
7274736E
69746375
61206E6F
65726464
6D207373
6C617369
656E6769
000A0D64
7C4D4F52
73706F4F
6C202D20
2064616F
65636361
66207373
746C7561
00000A0D
7C4D4F52
73706F4F
6C202D20
2064616F
72646461
20737365
6173696D
6E67696C
0A0D6465
00000000
7C4D4F52
73706F4F
73202D20
65726F74
726F2820
4F4D4120
63612029
73736563
75616620
0A0D746C
00000000
7C4D4F52
73706F4F
73202D20
65726F74
726F2820
4F4D4120
64612029
73657264
696D2073
696C6173
64656E67
00000A0D
7C4D4F52
73706F4F
75202D20
6F6E6B6E
65206E77
70656378
6E6F6974
00000A0D
7C4D4F52
2A2A2A2A
2A2A2A2A
2A2A2A2A
78452A2A
74706563
206E6F69
6F666E49
74616D72
2A6E6F69
2A2A2A2A
2A2A2A2A
2A2A2A2A
000A202A
7C4D4F52
78457775
70795463
203D2065
78257830
0000000A
7C4D4F52
6370656D
20202020
3D202020
25783020
00000A78
7C4D4F52
6174736D
20737574
3D202020
25783020
00000A78
7C4D4F52
6176746D
2020206C
3D202020
25783020
00000A78
7C4D4F52
7561636D
20206573
3D202020
25783020
00000A78
7C4D4F52
75616363
20206573
3D202020
25783020
00000A78
7C4D4F52
20206172
20202020
3D202020
25783020
00000A78
7C4D4F52
20207073
20202020
3D202020
25783020
00000A78
7C4D4F52
20207067
20202020
3D202020
25783020
00000A78
7C4D4F52
20207074
20202020
3D202020
25783020
00000A78
7C4D4F52
20203074
20202020
3D202020
25783020
00000A78
7C4D4F52
20203174
20202020
3D202020
25783020
00000A78
7C4D4F52
20203274
20202020
3D202020
25783020
00000A78
7C4D4F52
20203073
20202020
3D202020
25783020
00000A78
7C4D4F52
20203173
20202020
3D202020
25783020
00000A78
7C4D4F52
20203061
20202020
3D202020
25783020
00000A78
7C4D4F52
20203161
20202020
3D202020
25783020
00000A78
7C4D4F52
20203261
20202020
3D202020
25783020
00000A78
7C4D4F52
20203361
20202020
3D202020
25783020
00000A78
7C4D4F52
20203461
20202020
3D202020
25783020
00000A78
7C4D4F52
20203561
20202020
3D202020
25783020
00000A78
7C4D4F52
20203661
20202020
3D202020
25783020
00000A78
7C4D4F52
20203761
20202020
3D202020
25783020
00000A78
7C4D4F52
20203273
20202020
3D202020
25783020
00000A78
7C4D4F52
20203373
20202020
3D202020
25783020
00000A78
7C4D4F52
20203473
20202020
3D202020
25783020
00000A78
7C4D4F52
20203573
20202020
3D202020
25783020
00000A78
7C4D4F52
20203673
20202020
3D202020
25783020
00000A78
7C4D4F52
20203773
20202020
3D202020
25783020
00000A78
7C4D4F52
20203873
20202020
3D202020
25783020
00000A78
7C4D4F52
20203973
20202020
3D202020
25783020
00000A78
7C4D4F52
20303173
20202020
3D202020
25783020
00000A78
7C4D4F52
20313173
20202020
3D202020
25783020
00000A78
7C4D4F52
20203374
20202020
3D202020
25783020
00000A78
7C4D4F52
20203474
20202020
3D202020
25783020
00000A78
7C4D4F52
20203574
20202020
3D202020
25783020
00000A78
7C4D4F52
20203674
20202020
3D202020
25783020
00000A78
7C4D4F52
2A2A2A2A
2A2A2A2A
2A2A2A2A
78452A2A
74706563
206E6F69
6F666E49
74616D72
206E6F69
2A646E65
2A2A2A2A
2A2A2A2A
2A2A2A2A
000A202A
7C4D4F52
5F696D6E
646E6168
2072656C
6E69203A
72726574
20747075
5B786469
0A5D6425
00000000
4750555B
6567205D
736D2074
66206469
2C6C6961
3D746572
78257830
00000A0D
4750555B
736D205D
77206469
676E6F72
000A0D21
63656863
65765F6B
79666972
616E655F
20656C62
73756665
65725F65
695F6461
206D6574
6C696166
2578305B
00215D78
746F6F72
2079656B
67616D69
64692065
2578305B
65205D78
726F7272
00000021
69726576
725F7966
6B746F6F
75207965
635F6770
5F636C61
68736168
7269645F
6C746365
61662079
305B6C69
5D782578
00000000
69726576
725F7966
6B746F6F
65207965
65737566
6165725F
74695F64
66206D65
5B6C6961
78257830
0000005D
69726576
725F7966
6B746F6F
68207965
20687361
636D656D
6620706D
216C6961
00000000
4750555B
7270205D
6572676F
63207373
626C6C61
206B6361
69676572
66207473
656C6961
000A0D64
4750555B
7075205D
65702067
6E656372
203A2074
00000000
00000031
000D2520
4750555B
6E69205D
66207469
656C6961
0A0D2164
00000000
4750555B
6E69205D
4F207469
0000214B
4750555B
7075205D
6E695F67
635F7469
6F747972
6766635F
6D656D20
5F797063
6E652073
20797263
746C6173
69616620
0D202E6C
0000000A
4750555B
7075205D
6E695F67
635F7469
6F747972
6766635F
6D656D20
5F797063
65642073
20797263
746C6173
69616620
0D202E6C
0000000A
4750555B
7075205D
6E695F67
635F7469
6F747972
6766635F
6D656D20
5F797063
6E652073
20797263
66207669
2E6C6961
000A0D20
4750555B
7075205D
6E695F67
635F7469
6F747972
6766635F
6D656D20
5F797063
65642073
20797263
66207669
2E6C6961
000A0D20
4750555B
7264205D
6F725F76
69635F6D
72656870
6D79735F
6E695F63
66207469
2C6C6961
74657220
30203D20
2E782578
000A0D20
4750555B
7264205D
6F725F76
69635F6D
72656870
6572635F
5F657461
7379656B
20746F6C
72636E65
61662079
64656C69
6572202C
203D2074
78257830
0A0D202E
00000000
4750555B
7264205D
6F725F76
69635F6D
72656870
6572635F
5F657461
7379656B
20746F6C
72636564
61662079
64656C69
6572202C
203D2074
78257830
0A0D202E
00000000
4750555B
7075205D
65645F67
5F797263
61746F66
746B705F
7672643A
6D6F725F
7069635F
5F726568
636D7973
6365645F
74707972
69616620
2C64656C
74657220
30203D20
20782578
00000A0D
4750555B
7075205D
6E655F67
5F797263
61746F66
746B705F
7672643A
6D6F725F
7069635F
5F726568
636D7973
6365645F
74707972
69616620
2C64656C
74657220
30203D20
20782578
00000A0D
7C4D4F52
6E61705B
695D6369
64253A64
646F632C
78303A65
632C7825
3A6C6C61
78257830
00000000
4750555B
7075205D
65675F67
70755F74
64617267
6C665F65
665F6761
6873616C
6174735F
615F7472
20726464
6C696166
00000A0D
4750555B
7075205D
6C615F67
5F636F6C
5F646E61
5F746567
72677075
5F656461
67616C66
67707520
6C616D5F
20636F6C
6C696166
00000A0D
4750555B
7075205D
6C615F67
5F636F6C
5F646E61
5F746567
72677075
5F656461
67616C66
61657220
6C662064
20687361
6C696166
00000A0D
4750555B
7075205D
6C665F67
5F687361
64616572
616C6620
61662067
0A0D6C69
00000000
4750555B
7277205D
20657469
706D6F63
6574656C
7830203A
0A0D7825
00000000
4750555B
7075205D
6C665F67
5F687361
74697277
70752065
64617267
66207265
2067616C
6C696166
6572202E
203D2074
78257830
00000A0D
4750555B
6572205D
20797274
656D6974
6C612073
6166206C
64656C69
00000A0D
4750555B
6168205D
6F5F6873
61726570
6E6F6974
7264203A
6F725F76
69635F6D
72656870
7361685F
61662068
72206C69
765F7465
3D206C61
25783020
000A0D78
4750555B
6163205D
685F636C
20687361
6C696166
74657220
30203D20
0D782578
0000000A
4750555B
6576205D
79666972
6769735F
7574616E
69206572
61662073
202C6C69
20746572
7830203D
0A0D7825
00000000
4750555B
7075205D
65762067
79666972
61656820
4B4F2064
00000A0D
4750555B
7075205D
65675F67
6B705F74
6D695F67
5F656761
68736168
6261745F
6620656C
0D6C6961
0000000A
4750555B
7075205D
65765F67
79666972
7361685F
6D692068
20656761
6C626174
4B4F2065
00000A0D
4750555B
7075205D
65675F67
6B705F74
6D695F67
5F656761
64616568
66207265
0D6C6961
0000000A
4750555B
7075205D
65762067
79666972
6D69203A
20656761
65204449
726F7272
00000A0D
4750555B
6576205D
79666972
746F665F
656B5F61
72615F79
2D206165
6576203E
79666972
41485320
0D363532
0000000A
4750555B
6576205D
79666972
746F665F
656B5F61
72615F79
2D206165
6576203E
79666972
67697320
0D64656E
0000000A
4750555B
7075205D
65762067
79666972
656B203A
72612079
65206165
726F7272
6572202E
203D2074
78257830
00000A0D
4750555B
7075205D
65762067
79666972
6F66203A
69206174
206F666E
6F727265
72202E72
3D207465
25783020
000A0D78
4750555B
7075205D
65762067
79666972
7075203A
68635F67
5F6B6365
61746F66
666E695F
616D726F
6E6F6974
6572202E
203D2074
78257830
00000A0D
4750555B
7075205D
65762067
79666972
6966203A
6920656C
6567616D
65686320
65206B63
726F7272
6568202E
72656461
67616D5F
3D206369
25783020
000A0D78
4750555B
7075205D
65762067
79666972
6D69203A
20656761
63656863
4B4F206B
6D69202E
5F656761
3D206469
25783020
000A0D78
4750555B
7075205D
65765F67
79666972
7361685F
68203A68
5F687361
7265706F
6F697461
6166206E
72206C69
765F7465
3D206C61
25783020
000A0D78
4750555B
6576205D
79666972
746F665F
6E695F61
2D206F66
6576203E
79666972
41485320
0D363532
0000000A
4750555B
6576205D
79666972
746F665F
6E695F61
2D206F66
6576203E
79666972
67697320
0D64656E
0000000A
4750555B
7075205D
65765F67
79666972
7361685F
6D203A68
6D636D65
61682070
66206873
2E6C6961
00000A0D
4750555B
7075205D
65675F67
61705F74
67616B63
65685F65
72656461
69616620
000A0D6C
4750555B
6175205D
755F6970
765F6770
66697265
69665F79
6620656C
2C6C6961
74657220
30203D20
0D782578
0000000A
4750555B
7075205D
65675F67
69665F74
61776D72
6E5F6572
65626D75
6E695F72
6361705F
6567616B
69616620
72202C6C
3D207465
25783020
000A0D78
4750555B
7075205D
70755F67
64617267
65725F65
73657571
61662074
202E6C69
20746572
7830203D
0A0D7825
00000000
4750555B
7075205D
6E655F67
5F797263
61746F66
746B705F
6D656D3A
65766F6D
6620735F
656C6961
0A0D2E64
00000000
4750555B
7075205D
7A6C5F67
615F616D
636F6C6C
69616620
2164656C
73202121
20657A69
7830203D
0A0D7825
00000000
4750555B
7075205D
7A6C5F67
725F616D
5F646165
5F746B70
72636564
61662079
72206C69
3D207465
25783020
0A0D2E78
00000000
4750555B
7075205D
7A6C5F67
645F616D
646F6365
6F745F65
6675625F
69616620
6572206C
203D2074
78257830
000A0D2E
4750555B
7A6C205D
6564616D
65645F63
65646F63
75626F74
61662066
72206C69
3D207465
25783020
0D202E78
0000000A
4750555B
7075205D
7A6C5F67
775F616D
65746972
616D695F
66206567
2E6C6961
00000A0D
4750555B
7075205D
6E655F67
5F797263
61746F66
746B705F
69616620
6572206C
203D2074
78257830
000A0D20
80003044
4750555B
6F4E205D
656E2074
74206465
7075206F
64617267
2E2E2E65
00000A0D
4750555B
6170205D
67616B63
6E692065
74206F66
6C61746F
7830203D
202C7825
696E6966
64656873
30203D20
0D782578
0000000A
4750555B
7075205D
65746164
616D6920
6E206567
65626D75
203D2072
78257830
00000A0D
4750555B
7075205D
65746164
72696620
7261776D
756E2065
7265626D
30203D20
0D782578
0000000A
4750555B
6854205D
6D692065
20656761
20736168
696E6966
64656873
6D69202E
5F656761
3D206469
25783020
000A0D78
4750555B
7075205D
65675F67
6B705F74
6D695F67
5F656761
64616568
66207265
2E6C6961
00000A0D
4750555B
7075205D
65735F67
69665F74
61776D72
755F6572
74616470
74735F65
73757461
69616620
000A0D6C
4750555B
7473205D
20747261
66726570
206D726F
61647075
69206574
6567616D
30203A20
0D782578
0000000A
4750555B
7075205D
6C665F67
5F687361
73617265
656D5F65
61646174
705F6174
73656761
69616620
0A0D2E6C
00000000
4750555B
6D69205D
20656761
6F636564
6572706D
665F7373
3A67616C
25783020
000A0D78
4750555B
6564205D
706D6F63
73736572
67707520
00000A0D
4750555B
6964205D
75206666
0A0D6770
00000000
4750555B
7566205D
75206C6C
0A0D6770
00000000
4750555B
7773205D
68637469
61747320
20737574
7830203D
0A0D7825
00000000
4750555B
6570205D
726F6672
7075206D
65746164
616D6920
6F206567
2E726576
74657220
30203D20
0D782578
0000000A
4750555B
7473205D
20747261
66726570
206D726F
6920564E
6567616D
30203A20
0D782578
0000000A
4750555B
6570205D
726F6672
564E206D
616D6920
6F206567
2E726576
74657220
30203D20
0D782578
0000000A
4750555B
7075205D
72705F67
7365636F
70755F73
65746164
616D695F
745F6567
736B7361
69616620
72202C6C
3D207465
25783020
000A0D78
4750555B
7061205D
69732070
6920657A
6F6E2073
6E652074
6867756F
70612021
69735F70
3D20657A
25783020
64202C78
6D6F6365
73657270
656C5F73
203D206E
78257830
00000A0D
4750555B
7075205D
7A6C5F67
645F616D
646F6365
61662065
72206C69
3D207465
25783020
000A0D78
00A30DBA
00A30DE8
00A30DFC
00A30E42
00A30EA0
00A30EA4
00A30EE2
00A30FFA
33323130
37363534
62613938
66656463
00000078
33323130
37363534
42413938
46454443
00000058
00000000
00000000
00000000
00000000
00000000
00000000
00000000
00000000
06000006
00000100
06030000
00020600
05050504
05050505
00000505
00000000
08000000
08080800
00000700
00070007
08000000
00000000
00070008
00000000
08000000
08080808
00070807
08000007
08000708
07000807
00070008
00000000
00000000
00000000
00000000
00000000
00000000
00000000
00000000
00000000
00000000
00000000
00000000
00000000
00000000
00000000
00000000
00000000
00000000
00000000
00000000
00000000
00000000
00000000
00000000
00000000
00000000
00000000
00000000
00000000
00000000
00000000
00000000
00000000
08080800
00080808
08000100
08080808
04000001
08080404
00000008
05080303
00000808
03020200
00080505
03030000
08050503
02000000
08080202
00000008
06060606
00000606
07070700
00070707
00000000
0000001F
00A2AA56
00A2AA24
00000000
00000000
00A2AA84
00000000
00000000
00A2AB18
00A2ABB0
00A2AAE4
00000000
00A2AC50
00000000
00000000
00000001
00000005
00000000
00000001
00000001
00000002
00000002
00000003
0300000D
00000008
03000013
00000014
03000015
00000016
03000015
00000000
03000013
00000001
0300000D
00000002
00000000
00000001
00000001
00000002
00000002
00000003
0300000D
00000007
03000013
00000015
03000015
00000017
00A2B9E0
00A2B6AC
00A2B788
00A2B73A
00A2B760
00000000
00A2BB06
00A2BB04
00A2BB7E
00A2BAF0
00A2BBEE
00A2BB6A
00A2BADE
00A2BB08
00A2BAFA
00000000
00180000
00000000
03000105
00000001
001C8000
00000000
03000103
00000002
00000000
00000000
07010101
00000003
00000000
00000000
07010105
00000004
00A00000
00000000
07010101
016E3600
00007D00
00000018
40006000
016E3600
00000064
0000C350
44008030
4400802C
44008800
FFFFFF03
4B1E3C2D
00000001
4B0F2D2D
00000020
5A87A52D
00000031
4B1E3C2D
4B0F2D2D
CB9E063C
5A87A52D
00A3426C
00000004
00A2DBD6
6C696E28
00000029
6C756E28
0000296C
00000028
0000006E
00000075
0000006C
0000006C
00000029
00000000
00000000
00000000
00A31F00
FFFFFFFF
00000000
00000000
00000000
00000000
00000000
00000000
00000000
00000000
00000000
00000000
00000000
00000000
00000000
00000000
00000000
00000000
00000000
00000000
00000000
00000000
00000000
00000000
00000000
00000000
00000000
00000000
00000000
00000000
00000000
00000000
00000000
00000000
00000000
00000000
00000000
00000000
00000000
00000000
00000000
00000000
00000000
00000000
00000000
00000000
00000000
00000000
00000000
00000000
00000000
00000000
00000000
00000000
00000000
00000000
00000000
00000000
00000000
00000000
00000000
00000000
00000000
00000000
00000000
00000000
